dataset,source,algorithm,sigma,true_mem,pred_mem,true_rt,pred_rt,pred_rt_median
accidents,training LODO,FPgrowth_Gen_Borgelt,0.3,101.22,26.788134934008056,0.593,1.1448748305919596,0.1452
accidents,training LODO,FPgrowth_Gen_Borgelt,0.4,87.92,22.972189983142435,0.4903,1.1441354413062452,0.1452
accidents,training LODO,FPgrowth_Gen_Borgelt,0.5,73.08,17.164142168562382,0.4175,1.0818421371395786,0.1118
accidents,training LODO,FPgrowth_Gen_Borgelt,0.6,65.38,15.578000063669124,0.3781,1.0030700314036478,0.1041
accidents,training LODO,FPgrowth_Gen_Borgelt,0.7,61.46,12.303114401376442,0.3313,0.8241881957309871,0.0825
accidents,training LODO,FPgrowth_Gen_Borgelt,0.8,61.38,10.212984998594584,0.2994,0.7418579248726787,0.0801
accidents,training LODO,DefMe,0.3,1034.79,585.3703661384945,6.6613,927.9226786659476,4.9336
accidents,training LODO,DefMe,0.4,1056.2,585.1348427506553,1.9654,844.6600067484874,3.4386
accidents,training LODO,DefMe,0.5,909.47,571.8558324642422,1.0604,762.2708393120695,2.1924
accidents,training LODO,DefMe,0.6,879.69,518.5886220459977,0.8599,714.2623137840932,1.9531
accidents,training LODO,DefMe,0.7,758.89,472.8946691878034,0.7956,595.1090521227834,1.5365
accidents,training LODO,DefMe,0.8,683.68,428.5613019238326,0.7786,501.0069937481801,0.8963
accidents,training LODO,Talky_G,0.3,848.32,423.11171520405765,2.18,1217.3894858987458,36.2326
accidents,training LODO,Talky_G,0.4,846.63,421.4639229476225,1.3443,1069.095985920571,5.7824
accidents,training LODO,Talky_G,0.5,813.12,402.62777438123305,1.1971,907.9417436283093,2.2952
accidents,training LODO,Talky_G,0.6,791.38,348.9944765281789,1.1451,713.6826084910075,2.0549
accidents,training LODO,Talky_G,0.7,773.59,317.08583894685313,1.1149,655.6944205455712,1.5897
accidents,training LODO,Talky_G,0.8,715.07,293.17388241328246,1.1148,562.7346809193805,0.877
accidents,training LODO,Pascal,0.3,465.76,454.58351969957687,2867.3672,2256.1206205934027,3600.0
accidents,training LODO,Pascal,0.4,425.86,454.4514076360589,701.2038,2188.924404899842,3600.0
accidents,training LODO,Pascal,0.5,408.96,454.37241913148745,138.517,2031.4642952809024,3600.0
accidents,training LODO,Pascal,0.6,409.96,455.80327983597874,47.193,1903.9958458059025,3600.0
accidents,training LODO,Pascal,0.7,409.09,450.8779620345816,11.4804,1505.1782317902896,83.7692
accidents,training LODO,Pascal,0.8,410.24,450.2000134556487,3.5074,1031.0924362847338,16.4821
accidents,training LODO,Zart,0.4,864.61,693.70730617654,908.8655,2366.1037006839033,3600.0
accidents,training LODO,Zart,0.5,832.92,690.0670204389659,212.8178,2312.20336007299,3600.0
accidents,training LODO,Zart,0.6,814.38,692.3826291192171,45.8235,2218.055779190253,3600.0
accidents,training LODO,Zart,0.7,828.85,681.6676022847175,7.8675,2054.4895733251738,3600.0
accidents,training LODO,Zart,0.8,799.09,681.8016185486351,2.0683,1616.1828502112849,354.6493
accidents,training LODO,TalkyG_Diffset,0.3,974.49,477.53483494869147,3.1233,1144.0378764438092,39.8986
accidents,training LODO,TalkyG_Diffset,0.4,846.75,472.7767366711793,1.5555,1053.0483036920234,6.6818
accidents,training LODO,TalkyG_Diffset,0.5,808.49,459.1453583237256,1.2459,927.7823876323012,2.0118
accidents,training LODO,TalkyG_Diffset,0.6,771.27,402.4708753695862,1.1479,827.3339600061103,1.8575
accidents,training LODO,TalkyG_Diffset,0.7,712.12,367.8547321121484,1.1223,699.1575056887766,1.7948
accidents,training LODO,TalkyG_Diffset,0.8,694.46,339.0513017388103,1.0921,566.5968730695306,0.7851
accidents,training LODO,Apriori_Gen_Borgelt,0.3,63.36,39.164408623747214,32.0856,18.7630132515207,0.5342
accidents,training LODO,Apriori_Gen_Borgelt,0.4,61.95,37.04846545107612,8.26,17.345682432473083,0.5342
accidents,training LODO,Apriori_Gen_Borgelt,0.5,61.27,35.04045765128868,1.3671,13.95437814080642,0.5174
accidents,training LODO,Apriori_Gen_Borgelt,0.6,61.43,34.32581308623675,0.4831,11.784216425696528,0.484
accidents,training LODO,Apriori_Gen_Borgelt,0.7,61.22,28.39732134798053,0.3345,8.944152525742311,0.3985
accidents,training LODO,Apriori_Gen_Borgelt,0.8,61.28,27.48786516345856,0.3086,7.203840635031634,0.1226
accidents,training LODO,Eclat_Gen_Borgelt,0.3,119.01,30.816368702553603,0.9889,1.1798706559948222,0.15
accidents,training LODO,Eclat_Gen_Borgelt,0.4,110.16,26.535841377966165,0.7314,1.159000474717766,0.15
accidents,training LODO,Eclat_Gen_Borgelt,0.5,82.89,20.331609558613057,0.4974,0.8652523009082422,0.1403
accidents,training LODO,Eclat_Gen_Borgelt,0.6,69.04,19.279553460800383,0.4086,0.825823075313004,0.1222
accidents,training LODO,Eclat_Gen_Borgelt,0.7,61.64,15.26020195544848,0.3524,0.6574892401939564,0.093
accidents,training LODO,Eclat_Gen_Borgelt,0.8,61.41,11.797114633702389,0.3181,0.45079048344792466,0.0852
accidents,training LODO,Gr_growth,0.3,40.92,52.66665963781344,0.503,1.0115021269938396,0.1445
accidents,training LODO,Gr_growth,0.4,31.11,38.9827667146609,0.3499,0.9046293017773893,0.1065
accidents,training LODO,Gr_growth,0.5,18.89,26.776280115143848,0.2394,0.750806484804085,0.0788
accidents,training LODO,Gr_growth,0.6,15.3,26.018778005232697,0.2226,0.7475613676795427,0.0788
accidents,training LODO,Gr_growth,0.7,13.73,17.357982444253164,0.192,0.5517243786102788,0.0564
accidents,training LODO,Gr_growth,0.8,13.58,15.014958534007008,0.1769,0.38794446805833055,0.0344
bms1,training LODO,Apriori_Gen_Borgelt,0.009894802187846,5.62,12.321740565205744,0.0323,2.71254977196427,0.0749
bms1,training LODO,Eclat_Gen_Borgelt,0.009894802187846,6.32,14.89875885890637,0.0194,0.3319578910391509,0.0739
bms1,training LODO,DefMe,0.009894802187846,115.83,463.27540566057866,0.3444,42.28961060605432,0.6457
bms1,training LODO,FPgrowth_Gen_Borgelt,0.009894802187846,6.37,18.833260309834905,0.0173,0.18775429578472996,0.084
bms1,training LODO,Gr_growth,0.009894802187846,14.54,18.179402313805593,0.0219,0.2386350865347071,0.1445
bms1,training LODO,TalkyG_Diffset,0.009894802187846,7802.34,552.3280332068925,1.7675,89.69917197349014,0.6031
bms1,training LODO,Pascal,0.009894802187846,98.51,133.00165648852365,2.0055,946.3883861586261,92.667
bms1,training LODO,Talky_G,0.009894802187846,7795.6,383.2813269685229,1.8774,113.13293677503609,0.6108
bms1,training LODO,Apriori_Gen_Borgelt,0.0038547364182409,5.46,13.812961404333759,0.0179,2.7159855559045125,0.1027
bms1,training LODO,Zart,0.009894802187846,478.28,679.9231668828717,1.8868,1070.7502316483099,44.2896
bms1,training LODO,Eclat_Gen_Borgelt,0.0038547364182409,7.0,21.596179607915623,0.0197,0.33885317080105565,0.075
bms1,training LODO,FPgrowth_Gen_Borgelt,0.0038547364182409,7.29,25.509038008252332,0.0154,0.19238800547087717,0.0983
bms1,training LODO,DefMe,0.0038547364182409,179.56,593.7285657502989,0.3177,45.38145954419118,0.9878
bms1,training LODO,TalkyG_Diffset,0.0038547364182409,7790.54,556.1663706871706,1.7948,89.71285610970948,0.6061
bms1,training LODO,Talky_G,0.0038547364182409,7791.96,383.94103803436883,1.7659,113.14333308831169,0.6118
bms1,training LODO,Pascal,0.0038547364182409,99.99,143.01568505230887,12.1523,1083.7258397707292,478.7567
bms1,training LODO,Apriori_Gen_Borgelt,0.0012709305056877,5.78,17.693072482064462,0.0219,2.731142105309275,0.141
bms1,training LODO,DefMe,0.0012709305056877,399.54,824.0941602750995,0.4143,75.34433217858873,1.1293
bms1,training LODO,Eclat_Gen_Borgelt,0.0012709305056877,9.06,26.665121240571057,0.0205,0.34630812771497516,0.0919
bms1,training LODO,FPgrowth_Gen_Borgelt,0.0012709305056877,9.97,34.00024153483817,0.0275,0.19574666102643273,0.0983
bms1,training LODO,Zart,0.0038547364182409,501.68,951.1394540843951,10.9244,1210.6187987787655,367.5665
bms1,training LODO,TalkyG_Diffset,0.0012709305056877,7950.78,574.9868206481805,1.7989,89.84385290500168,0.623
bms1,training LODO,Talky_G,0.0012709305056877,7791.57,405.0575005050424,1.7784,113.28113224969337,0.6294
bms1,training LODO,Pascal,0.0012709305056877,114.13,198.25406416883726,32.0492,1467.3436711528545,834.7978
bms1,training LODO,Apriori_Gen_Borgelt,0.0005662561659004,24.74,32.07589927537156,0.3635,2.712507456662088,0.1482
bms1,training LODO,Gr_growth,0.0038547364182409,15.61,22.42225434532281,0.0249,0.2570991107771314,0.1572
bms1,training LODO,Gr_growth,0.0012709305056877,16.26,27.67290989611799,0.0302,0.27482508046667387,0.1649
bms1,training LODO,DefMe,0.0005662561659004,814.25,868.662143939317,4.6728,122.69152930001728,3.6265
bms1,training LODO,Eclat_Gen_Borgelt,0.0005662561659004,25.1,33.364585055934924,0.1071,0.3480268360483085,0.0919
bms1,training LODO,FPgrowth_Gen_Borgelt,0.0005662561659004,29.68,43.832780608072085,0.0825,0.19773398066928985,0.0983
bms1,training LODO,Gr_growth,0.0005662561659004,21.1,32.59395622295397,0.1316,0.27282902213334054,0.1649
bms1,training LODO,Zart,0.0012709305056877,644.7,1361.6251230450978,39.8572,1653.9656272756522,719.7062
bms1,training LODO,TalkyG_Diffset,0.0005662561659004,7983.2,630.9017852712587,58.7362,89.87405145023979,0.623
bms1,training LODO,Talky_G,0.0005662561659004,7968.68,425.39956186084623,60.9755,113.30381595207432,0.6294
bms1,training LODO,DefMe,0.0001803630750645,987.26,868.2712226184699,254.9194,120.51170225140622,3.6265
bms1,training LODO,Eclat_Gen_Borgelt,0.0001803630750645,234.53,35.25654049606356,2.0514,0.3488295503340227,0.0919
bms1,training LODO,FPgrowth_Gen_Borgelt,0.0001803630750645,245.4,46.089814176762594,1.8038,0.19842623066928985,0.0983
bms1,training LODO,Gr_growth,0.0001803630750645,132.79,32.62169966129502,4.5285,0.2735466649904834,0.1649
bms2,training LODO,Apriori_Gen_Borgelt,0.0123819537619981,7.46,11.315863896742439,0.0236,0.0925109152130549,0.0498
bms2,training LODO,Eclat_Gen_Borgelt,0.0123819537619981,7.83,13.918374073848225,0.0295,0.23173057298575606,0.0529
bms2,training LODO,DefMe,0.0123819537619981,172.55,326.4792419020089,0.3223,29.17834000052309,0.4143
bms2,training LODO,Gr_growth,0.0123819537619981,15.68,16.747691448684613,0.0233,0.29608849513819513,0.0602
bms2,training LODO,FPgrowth_Gen_Borgelt,0.0123819537619981,7.95,14.02570291387753,0.0375,0.19145138982855556,0.0522
bms2,training LODO,Pascal,0.0123819537619981,109.96,126.08156233034146,1.2747,830.5660615870471,12.1523
bms2,training LODO,Zart,0.0123819537619981,515.0,638.2680152206711,0.9866,800.7617321039513,10.9244
bms2,training LODO,Apriori_Gen_Borgelt,0.0052862782536897,7.28,11.653325518052869,0.0286,0.09903798187972158,0.0538
bms2,training LODO,Eclat_Gen_Borgelt,0.0052862782536897,9.09,15.934975350744885,0.0351,0.23978578400667955,0.0597
bms2,training LODO,FPgrowth_Gen_Borgelt,0.0052862782536897,9.28,16.73786705282935,0.0247,0.19420319191952012,0.0569
bms2,training LODO,DefMe,0.0052862782536897,247.65,398.46975532056734,0.3407,21.025971416335054,0.4591
bms2,training LODO,Gr_growth,0.0052862782536897,16.79,18.25571859768835,0.0468,0.3225521596223221,0.0788
bms2,training LODO,Zart,0.0052862782536897,573.18,697.6217412060217,7.2682,924.8927098102646,25.105
bms2,training LODO,Pascal,0.0052862782536897,111.29,132.9055239238865,14.0866,948.1888272867402,32.0492
bms2,training LODO,Apriori_Gen_Borgelt,0.0012094901434616,10.25,16.50925142120121,0.0685,0.1560667883912656,0.0627
bms2,training LODO,DefMe,0.0012094901434616,663.53,736.679116096556,1.1293,52.089459923164334,0.9871
bms2,training LODO,Eclat_Gen_Borgelt,0.0012094901434616,18.57,21.309580727846534,0.0571,0.2667605865860446,0.0743
bms2,training LODO,FPgrowth_Gen_Borgelt,0.0012094901434616,20.92,25.15957587488994,0.0448,0.23554288338777413,0.0825
bms2,training LODO,Gr_growth,0.0012094901434616,21.7,24.90122845673955,0.0688,0.37945108882506373,0.1034
bms2,training LODO,Zart,0.0012094901434616,1518.68,813.946490930074,367.5665,1497.5519987424782,579.5006
bms2,training LODO,Pascal,0.0012094901434616,142.18,160.9660623392841,478.7567,1738.00603498067,1162.8797
bms2,training LODO,Apriori_Gen_Borgelt,0.0004354164516461,20.54,22.286568246452006,0.1611,0.15907490327221796,0.0627
bms2,training LODO,DefMe,0.0004354164516461,671.47,922.0900640506385,5.0359,142.8132010852384,2.0546
bms2,training LODO,Eclat_Gen_Borgelt,0.0004354164516461,27.68,39.97889583924354,0.1039,0.3085293925384256,0.0746
bms2,training LODO,FPgrowth_Gen_Borgelt,0.0004354164516461,33.12,48.529336364685776,0.0983,0.2729205296970203,0.0825
bms2,training LODO,Gr_growth,0.0004354164516461,26.77,36.45808244953035,0.1649,0.4570252310869685,0.1316
bms2,training LODO,Pascal,0.0004354164516461,399.44,184.7865689695723,2035.6853,2062.0604026628134,3519.7285
bms2,training LODO,Zart,0.0004354164516461,1883.97,816.2462024213252,3479.1071,1689.621120565296,719.7062
bms2,training LODO,Apriori_Gen_Borgelt,0.0001515894313138,57.46,22.286568246452006,0.669,0.15907490327221796,0.0627
bms2,training LODO,DefMe,0.0001515894313138,731.47,926.0235091700957,24.1012,147.0487905352384,2.1924
bms2,training LODO,Eclat_Gen_Borgelt,0.0001515894313138,58.48,45.856132984371826,0.3445,0.3215521592050923,0.075
bms2,training LODO,FPgrowth_Gen_Borgelt,0.0001515894313138,70.45,54.92659019175798,0.3056,0.29362345112559174,0.0825
bms2,training LODO,Gr_growth,0.0001515894313138,42.28,36.694395874507286,0.4422,0.46842953108696855,0.1316
c20d10k,training LODO,Apriori_Gen_Borgelt,0.946075,4.14,5.207378539622671,0.0118,0.44693243289356843,0.0211
c20d10k,training LODO,Eclat_Gen_Borgelt,0.946075,4.29,5.722145328478114,0.0217,0.27789923065443545,0.0208
c20d10k,training LODO,DefMe,0.946075,98.77,164.1354909171515,0.2391,150.97133178668625,0.2757
c20d10k,training LODO,FPgrowth_Gen_Borgelt,0.946075,4.43,6.168157561674112,0.0118,0.11340861116076262,0.0161
c20d10k,training LODO,Gr_growth,0.946075,13.75,13.087307169076444,0.0126,0.13226495600102514,0.0171
c20d10k,training LODO,Pascal,0.946075,103.89,129.476735946403,0.318,297.9041535797661,0.7386
c20d10k,training LODO,TalkyG_Diffset,0.946075,99.81,214.55214957458918,0.2403,63.261251935697395,0.3083
c20d10k,training LODO,Talky_G,0.946075,101.68,229.87053793190023,0.3011,148.01046873902655,0.3976
c20d10k,training LODO,Zart,0.946075,110.67,156.17966084484164,0.2848,359.65831431939034,1.2506
c20d10k,training LODO,Apriori_Gen_Borgelt,0.337575,4.13,5.832508772189494,0.0134,2.0712484063243046,0.0237
c20d10k,training LODO,DefMe,0.337575,114.39,238.27438464893385,0.2431,274.85732719675127,0.3782
c20d10k,training LODO,Eclat_Gen_Borgelt,0.337575,5.07,7.96813688584371,0.0124,0.45405423963850694,0.0208
c20d10k,training LODO,FPgrowth_Gen_Borgelt,0.337575,5.22,8.8662015367117,0.0108,0.18890982940709963,0.0211
c20d10k,training LODO,Gr_growth,0.337575,13.73,13.89657107382092,0.0117,0.31568773905824565,0.0168
c20d10k,training LODO,Pascal,0.337575,99.71,130.62069465742871,0.4246,914.2235767232005,7.1688
c20d10k,training LODO,TalkyG_Diffset,0.337575,99.7,455.6879681009824,0.323,141.97135681809965,0.3009
c20d10k,training LODO,Talky_G,0.337575,99.73,521.6092060269666,0.2526,259.1306217113931,0.2879
c20d10k,training LODO,Zart,0.337575,399.09,206.71892573512807,2.2742,1083.0929070932903,44.2896
c20d10k,training LODO,Apriori_Gen_Borgelt,0.034375,5.03,6.620695349478251,0.096,2.05524877140367,0.0685
c20d10k,training LODO,DefMe,0.034375,379.36,338.65833869306357,0.4247,372.38974671914116,0.4789
c20d10k,training LODO,Eclat_Gen_Borgelt,0.034375,15.01,13.517976187558158,0.0358,0.4101166122575546,0.0215
c20d10k,training LODO,FPgrowth_Gen_Borgelt,0.034375,15.33,14.386874262606023,0.0218,0.18765760420868688,0.0212
c20d10k,training LODO,Gr_growth,0.034375,15.32,16.097487648233265,0.0344,0.33257614540745206,0.0219
c20d10k,training LODO,Pascal,0.034375,327.26,171.39524896548065,83.7692,1238.1215443824317,57.691
c20d10k,training LODO,TalkyG_Diffset,0.034375,172.0,466.6975429058118,0.3174,244.20663060078363,0.3009
c20d10k,training LODO,Talky_G,0.034375,162.32,528.555684498474,0.3053,345.3689510433375,0.2879
c20d10k,training LODO,Apriori_Gen_Borgelt,0.001275,21.29,6.989045484966883,0.3985,2.0666316727925587,0.1027
c20d10k,training LODO,DefMe,0.001275,750.96,449.72718414190757,2.6059,363.34727583670843,0.7956
c20d10k,training LODO,Eclat_Gen_Borgelt,0.001275,39.88,17.204877024438765,0.1722,0.41122078574240306,0.0215
c20d10k,training LODO,FPgrowth_Gen_Borgelt,0.001275,42.9,19.400095223379488,0.1464,0.18657220474981243,0.0212
c20d10k,training LODO,Gr_growth,0.001275,27.5,21.184359388545236,0.2013,0.3381918638545278,0.0255
c20d10k,training LODO,TalkyG_Diffset,0.001275,408.34,540.1887433423401,12.5032,249.37955342875978,0.3009
c20d10k,training LODO,Talky_G,0.001275,405.26,625.8141499721839,12.7513,370.4178672131788,0.3183
c73d10k,training LODO,Apriori_Gen_Borgelt,0.979375,6.17,5.7492582885218875,0.0208,1.5644857404478283,0.0967
c73d10k,training LODO,Eclat_Gen_Borgelt,0.979375,6.14,13.880519141492407,0.0238,0.16433311573704076,0.0477
c73d10k,training LODO,DefMe,0.979375,125.91,196.65597093901602,0.2679,1.0037096338995972,0.3504
c73d10k,training LODO,FPgrowth_Gen_Borgelt,0.979375,6.41,10.469412749551587,0.0252,0.1399460100351038,0.0801
c73d10k,training LODO,Gr_growth,0.979375,13.59,14.242680386081393,0.0171,0.16741232041430795,0.0641
c73d10k,training LODO,Pascal,0.979375,119.76,323.6093739724459,0.3183,471.4738675977301,7.7666
c73d10k,training LODO,TalkyG_Diffset,0.979375,135.26,199.31556141526573,0.4297,19.93633831694603,0.6369
c73d10k,training LODO,Talky_G,0.979375,138.0,218.83934076464658,0.4063,7.377974573906759,0.5064
c73d10k,training LODO,Zart,0.979375,138.92,501.23603266023076,0.3495,795.7438829433893,8.3215
c73d10k,training LODO,Apriori_Gen_Borgelt,0.919975,5.96,5.7492582885218875,0.0237,1.5644857404478283,0.0967
c73d10k,training LODO,DefMe,0.919975,148.35,196.65597093901602,0.2757,1.0037096338995972,0.3504
c73d10k,training LODO,Eclat_Gen_Borgelt,0.919975,7.05,13.880519141492407,0.0208,0.16433311573704076,0.0477
c73d10k,training LODO,FPgrowth_Gen_Borgelt,0.919975,7.12,10.469412749551587,0.0211,0.1399460100351038,0.0801
c73d10k,training LODO,Gr_growth,0.919975,13.6,14.239723146736882,0.0174,0.16741232041430795,0.0641
c73d10k,training LODO,Pascal,0.919975,123.84,324.81268773791396,0.7386,471.4738675977301,7.7666
c73d10k,training LODO,TalkyG_Diffset,0.919975,136.63,199.31556141526573,0.3322,19.93633831694603,0.6369
c73d10k,training LODO,Talky_G,0.919975,139.19,218.83934076464658,0.3976,7.377974573906759,0.5064
c73d10k,training LODO,Zart,0.919975,409.61,501.23603266023076,4.2575,795.7438829433893,8.3215
c73d10k,training LODO,Apriori_Gen_Borgelt,0.446675,62.72,7.1357728390841695,20.9821,11.028260177641188,0.3985
c73d10k,training LODO,DefMe,0.446675,754.11,307.98743781998843,10.1829,18.556401958347372,0.4203
c73d10k,training LODO,Eclat_Gen_Borgelt,0.446675,171.44,48.78321379172352,0.9654,0.48916471683455426,0.0878
c73d10k,training LODO,FPgrowth_Gen_Borgelt,0.446675,173.3,26.221998875321173,0.8252,0.5046688564276003,0.088
c73d10k,training LODO,Gr_growth,0.446675,98.6,39.23932351260319,1.0828,0.4684900218822844,0.0689
c73d10k,training LODO,TalkyG_Diffset,0.446675,574.95,250.10881524099452,58.1968,46.40717237240723,0.7851
c73d10k,training LODO,Talky_G,0.446675,574.09,276.6107317002246,58.2635,29.52579477303125,0.7056
chess,training LODO,DefMe,0.2,751.8,268.1693772721617,33.3844,255.47596725489163,0.3504
chess,training LODO,DefMe,0.3,590.56,247.21666346456487,6.4614,176.76017363670982,0.3504
chess,training LODO,DefMe,0.5,473.41,230.0230407999251,0.6254,154.57447654715355,0.3504
chess,training LODO,DefMe,0.7,158.77,216.2387463406789,0.2326,119.65986794189214,0.3504
chess,training LODO,Talky_G,0.3,871.21,405.32358515404104,994.1657,157.05258671119992,0.2879
chess,training LODO,Talky_G,0.5,379.3,355.76399284019857,3.0274,119.45743597364581,0.2402
chess,training LODO,Talky_G,0.7,115.34,278.34236534313595,0.2556,104.33595471432041,0.2879
chess,training LODO,Pascal,0.5,415.89,196.10570543111663,441.1246,1322.8210696345432,19.602
chess,training LODO,Pascal,0.7,104.99,208.53444869055468,3.0817,960.1744290751827,16.4821
chess,training LODO,Zart,0.7,404.79,229.58068814292116,44.1872,1420.8711128442362,98.4032
chess,training LODO,TalkyG_Diffset,0.3,912.7,485.60294016090995,946.3379,121.72477985254883,0.3009
chess,training LODO,TalkyG_Diffset,0.5,410.01,401.64868417790086,2.9883,70.98390952271478,0.3009
chess,training LODO,TalkyG_Diffset,0.7,127.71,315.7874952616178,0.2685,60.52517396201854,0.3009
chess,training LODO,DefMe,0.4,617.02,242.39991746764878,1.72,166.08875129623362,0.3504
chess,training LODO,DefMe,0.6,394.71,226.37664474608047,0.3581,146.18499660319753,0.3504
chess,training LODO,DefMe,0.8,109.58,194.92081510908216,0.1958,114.24655423797802,0.3504
chess,training LODO,DefMe,0.9,93.38,167.90328891294854,0.1878,99.55007944880052,0.3444
chess,training LODO,Talky_G,0.4,497.43,394.6556145472551,49.3159,129.4626724748363,0.2879
chess,training LODO,Talky_G,0.6,168.39,301.2843024574895,0.4304,119.24776428316962,0.2526
chess,training LODO,Talky_G,0.8,94.47,257.14659244585914,0.2161,86.90994761074897,0.2879
chess,training LODO,Talky_G,0.9,94.63,251.47229205387205,0.2059,61.115935666924734,0.2879
chess,training LODO,Pascal,0.6,175.95,207.48054598218638,20.6284,1216.258301850381,19.602
chess,training LODO,Pascal,0.8,97.04,223.1507342403261,0.8281,775.1684886710161,3.5074
chess,training LODO,Pascal,0.9,95.89,217.97219499108263,0.3224,679.3101792277622,2.493
chess,training LODO,Zart,0.6,515.32,230.2877319345968,1330.0085,1464.6603605174046,126.5752
chess,training LODO,Zart,0.8,395.5,243.49178243967893,3.0932,1318.0845709305459,98.4032
chess,training LODO,Zart,0.9,134.93,244.00128016754323,0.3299,1149.251920091856,10.9244
chess,training LODO,TalkyG_Diffset,0.4,500.45,462.0972836014194,51.5933,91.48029472866718,0.3009
chess,training LODO,TalkyG_Diffset,0.6,214.24,344.44063730573464,0.4589,70.68759393263542,0.3009
chess,training LODO,TalkyG_Diffset,0.8,96.53,287.95654642777436,0.2159,47.96963758245505,0.3009
chess,training LODO,TalkyG_Diffset,0.9,94.46,271.66350796723765,0.2065,38.62598225312604,0.3009
chess,training LODO,Apriori_Gen_Borgelt,0.2,847.88,6.395518469443129,233.4849,18.224731386625873,0.2227
chess,training LODO,Apriori_Gen_Borgelt,0.3,187.9,6.315077340416037,55.4055,18.221941400911586,0.2227
chess,training LODO,Apriori_Gen_Borgelt,0.4,48.58,6.1129543262761485,14.8769,17.675318646708845,0.2227
chess,training LODO,Apriori_Gen_Borgelt,0.5,14.91,5.7470816534147575,3.4445,15.499538003256463,0.2125
chess,training LODO,Apriori_Gen_Borgelt,0.6,6.29,5.702370944072989,0.5387,12.620644804789649,0.1783
chess,training LODO,Apriori_Gen_Borgelt,0.7,3.62,5.287926594717446,0.0475,8.792341105096293,0.1273
chess,training LODO,Apriori_Gen_Borgelt,0.8,3.47,5.123628364993029,0.0121,7.848179763718227,0.096
chess,training LODO,Apriori_Gen_Borgelt,0.9,3.48,5.093147235512474,0.0071,6.675399636940837,0.089
chess,training LODO,Eclat_Gen_Borgelt,0.2,2220.04,28.03852197638879,28.9072,0.6726745698871306,0.0366
chess,training LODO,Eclat_Gen_Borgelt,0.3,507.63,24.600919490893517,3.1402,0.6677650996490354,0.0366
chess,training LODO,Eclat_Gen_Borgelt,0.4,134.43,20.459075987237398,0.6688,0.465186396435582,0.0366
chess,training LODO,Eclat_Gen_Borgelt,0.5,42.21,16.44375288408527,0.1569,0.4210097553641534,0.0311
chess,training LODO,Eclat_Gen_Borgelt,0.6,19.68,15.728512527019008,0.0477,0.41483709400884206,0.0311
chess,training LODO,Eclat_Gen_Borgelt,0.7,12.99,12.445862533106373,0.0184,0.40749191455357514,0.0366
chess,training LODO,Eclat_Gen_Borgelt,0.8,8.62,11.149122170933156,0.0113,0.4019079607837339,0.0366
chess,training LODO,Eclat_Gen_Borgelt,0.9,4.28,9.423010005089765,0.0045,0.3874403346085202,0.0238
chess,training LODO,FPgrowth_Gen_Borgelt,0.2,2222.71,18.8750698149377,21.8235,0.517233101352814,0.0212
chess,training LODO,FPgrowth_Gen_Borgelt,0.3,510.39,16.46690566895755,2.6837,0.49211287911255425,0.0212
chess,training LODO,FPgrowth_Gen_Borgelt,0.4,135.39,13.533253652734933,0.5515,0.4390127897727274,0.0212
chess,training LODO,FPgrowth_Gen_Borgelt,0.5,42.25,11.830307131893044,0.1118,0.4046932921536797,0.0212
chess,training LODO,FPgrowth_Gen_Borgelt,0.6,19.91,11.197572790027175,0.0345,0.39584696358225113,0.0212
chess,training LODO,FPgrowth_Gen_Borgelt,0.7,13.04,9.905786430894619,0.0161,0.37774644096320353,0.0212
chess,training LODO,FPgrowth_Gen_Borgelt,0.8,8.68,8.904782197112935,0.0121,0.3747593135822511,0.0212
chess,training LODO,FPgrowth_Gen_Borgelt,0.9,4.07,8.12969576849917,0.0076,0.36904797965367964,0.0212
chess,training LODO,Gr_growth,0.2,1208.89,51.926624860989484,19.8408,0.43820372226707116,0.055
chess,training LODO,Gr_growth,0.3,285.14,36.871329677044834,3.4843,0.4056617645289759,0.055
chess,training LODO,Gr_growth,0.4,79.81,30.4258324097114,0.736,0.4045242889337378,0.055
chess,training LODO,Gr_growth,0.5,28.72,21.970880637117524,0.1798,0.29156228536230927,0.0468
chess,training LODO,Gr_growth,0.6,17.68,20.425794798749607,0.0535,0.25562534905278544,0.0468
chess,training LODO,Gr_growth,0.7,14.5,17.167300111875328,0.0184,0.16584329786230925,0.0302
chess,training LODO,Gr_growth,0.8,13.9,15.472610092345192,0.0102,0.13088179667183308,0.0302
chess,training LODO,Gr_growth,0.9,13.59,15.11544237753645,0.0093,0.11820336353691244,0.0255
chicago,training LODO,Apriori_Gen_Borgelt,0.0313061894768789,132.53,124.35975155433893,0.5734,2.5516887402553587,0.163
chicago,training LODO,DefMe,0.0313061894768789,612.49,896.4881014034108,0.6457,311.00751427507146,0.9878
chicago,training LODO,Eclat_Gen_Borgelt,0.0313061894768789,132.82,101.98052900346569,0.5361,1.1261518857912922,0.1804
chicago,training LODO,FPgrowth_Gen_Borgelt,0.0313061894768789,132.81,104.88875026605918,0.5306,1.5036701443709068,0.2202
chicago,training LODO,Gr_growth,0.0313061894768789,13.75,21.65289884641562,0.2006,1.048168970110445,0.1769
chicago,training LODO,TalkyG_Diffset,0.0313061894768789,683.88,1051.5653625146829,0.7181,321.6381302726302,1.3352
chicago,training LODO,Talky_G,0.0313061894768789,600.74,1076.3585094186037,0.6972,329.6869208214897,1.3443
chicago,training LODO,Pascal,0.0313061894768789,381.42,579.7268618689302,2.4853,900.7993841500967,40.6292
chicago,training LODO,Zart,0.0313061894768789,905.32,1184.592079009659,2.2804,1013.8273347285306,90.7496
chicago,training LODO,Apriori_Gen_Borgelt,0.0014940977925552,132.84,121.65137902774147,0.5623,2.6012279252747255,0.1783
chicago,training LODO,Eclat_Gen_Borgelt,0.0014940977925552,132.85,116.99068962115547,0.5576,1.1472564772109837,0.1804
chicago,training LODO,DefMe,0.0014940977925552,996.71,1491.7843963590096,0.9103,350.8962013689929,2.1924
chicago,training LODO,Gr_growth,0.0014940977925552,14.53,28.090756614464723,0.1865,1.1018988625707626,0.2092
chicago,training LODO,FPgrowth_Gen_Borgelt,0.0014940977925552,132.33,132.42447997311567,0.5575,1.5031306338369965,0.2202
chicago,training LODO,TalkyG_Diffset,0.0014940977925552,895.71,1220.4489515090913,0.8067,333.10553105219367,1.4233
chicago,training LODO,Talky_G,0.0014940977925552,820.85,1218.5817125921753,0.7825,356.0912866824412,1.4308
chicago,training LODO,Pascal,0.0014940977925552,379.52,582.630415196399,16.6443,1513.8367726934057,834.7978
chicago,training LODO,Zart,0.0014940977925552,1229.48,1276.4802657524492,25.105,1599.4778001726859,719.7062
chicago,training LODO,Apriori_Gen_Borgelt,9.29644154754388e-06,132.49,121.6497538458413,0.5379,2.6143596330669334,0.1783
chicago,training LODO,DefMe,9.29644154754388e-06,1836.28,1495.6905934010304,7.0549,408.8389103352749,4.6728
chicago,training LODO,Eclat_Gen_Borgelt,9.29644154754388e-06,135.05,125.65118123357941,0.5375,1.1873818927232491,0.223
chicago,training LODO,FPgrowth_Gen_Borgelt,9.29644154754388e-06,134.06,143.59571559705125,0.5184,1.4841398934149186,0.2224
chicago,training LODO,Gr_growth,9.29644154754388e-06,15.3,29.93606309089931,0.2069,1.1413081339993338,0.2094
chicago,training LODO,TalkyG_Diffset,9.29644154754388e-06,1864.03,1558.672410349173,3.398,374.07098974624125,1.7948
chicago,training LODO,Talky_G,9.29644154754388e-06,1903.22,1398.401851609491,2.2952,395.22845292876156,1.6833
chicago,training LODO,Pascal,9.29644154754388e-06,394.77,584.5257198630544,229.861,2038.074531259892,3519.7285
chicago,training LODO,Zart,9.29644154754388e-06,1695.39,1326.4402630724283,1057.9855,1903.6170119034398,908.8655
connect,training LODO,DefMe,0.2,1112.82,353.4936526418406,39.339,451.56541101916963,1.5887
connect,training LODO,DefMe,0.3,997.82,349.9352558429593,12.4079,368.1817023062727,1.5887
connect,training LODO,DefMe,0.5,1090.26,299.1708009096389,3.4386,230.00705452418555,0.7956
connect,training LODO,DefMe,0.7,890.95,203.39853443626274,1.2143,172.47314413347493,0.6254
connect,training LODO,Talky_G,0.2,728.72,409.9870022038476,36.2326,1359.9157094689144,49.3159
connect,training LODO,Talky_G,0.3,643.98,406.4258093108903,2.9281,1151.4119597468907,49.3159
connect,training LODO,Talky_G,0.5,514.44,359.19326553697823,0.877,844.5510210357947,2.18
connect,training LODO,Talky_G,0.7,348.08,277.73308850281984,0.5948,643.9638191310332,2.0549
connect,training LODO,TalkyG_Diffset,0.2,876.0,467.12955542439505,39.8986,1373.684544226019,51.5933
connect,training LODO,TalkyG_Diffset,0.3,963.05,460.4314674354838,3.5146,1188.992254966693,51.5933
connect,training LODO,TalkyG_Diffset,0.5,650.89,421.76400862803297,1.0608,808.4020408160432,2.9883
connect,training LODO,TalkyG_Diffset,0.7,359.92,315.4084798351417,0.6369,499.75662062985987,1.7675
connect,training LODO,DefMe,0.4,1119.68,332.4165477310758,6.2768,318.41431626269423,1.4279
connect,training LODO,DefMe,0.6,1136.65,250.0040268261659,1.9531,190.44436361882845,0.6254
connect,training LODO,DefMe,0.8,579.87,183.147698631124,0.686,168.5988124318876,0.5654
connect,training LODO,DefMe,0.9,342.02,170.8839124977587,0.4557,129.5263941937424,0.3782
connect,training LODO,Talky_G,0.4,657.92,394.0873857744115,1.2828,992.1576901969061,3.0274
connect,training LODO,Talky_G,0.6,406.39,296.0717054215603,0.6738,730.6317909365886,2.0549
connect,training LODO,Talky_G,0.8,292.77,254.78629349218446,0.539,540.4645343268662,1.1148
connect,training LODO,Talky_G,0.9,278.12,248.99335943624237,0.5064,418.9713270783635,0.7056
connect,training LODO,Pascal,0.8,356.96,111.22213779195984,124.7782,532.178804307688,3.0817
connect,training LODO,Pascal,0.9,294.99,111.67423765065543,16.4821,402.2151957984889,2.493
connect,training LODO,Zart,0.9,429.09,266.1957515323456,130.6938,479.62300629230225,2.8441
connect,training LODO,TalkyG_Diffset,0.4,813.61,443.2946848949583,1.6257,983.9709131565738,3.1233
connect,training LODO,TalkyG_Diffset,0.6,469.87,338.2413858545413,0.7822,616.3358357589,1.8575
connect,training LODO,TalkyG_Diffset,0.8,334.2,287.000686063156,0.5556,394.2540951767364,1.026
connect,training LODO,TalkyG_Diffset,0.9,280.16,284.2296938039506,0.5108,347.9666978031364,0.7154
connect,training LODO,Apriori_Gen_Borgelt,0.2,73.55,44.101301779485745,145.698,36.261382075918746,1.3671
connect,training LODO,Apriori_Gen_Borgelt,0.3,27.08,42.62852146797034,26.3211,36.355225584252075,1.3671
connect,training LODO,Apriori_Gen_Borgelt,0.4,17.37,27.036569724057696,6.4563,33.52595341004573,1.3671
connect,training LODO,Apriori_Gen_Borgelt,0.5,16.42,14.587160014721425,1.2209,30.48290022512509,0.754
connect,training LODO,Apriori_Gen_Borgelt,0.6,16.85,10.786179453268542,0.4512,24.698122242188585,0.6862
connect,training LODO,Apriori_Gen_Borgelt,0.7,16.86,6.490865015130089,0.1273,19.601163122148897,0.484
connect,training LODO,Apriori_Gen_Borgelt,0.8,16.83,5.903083645715695,0.0894,15.450952625630144,0.2227
connect,training LODO,Apriori_Gen_Borgelt,0.9,16.91,5.810427671683109,0.0699,12.498588335209455,0.089
connect,training LODO,Eclat_Gen_Borgelt,0.2,158.61,142.36391492289894,0.9549,5.018267865061327,0.5512
connect,training LODO,Eclat_Gen_Borgelt,0.3,56.72,128.55588663915023,0.3196,5.017918799585137,0.5512
connect,training LODO,Eclat_Gen_Borgelt,0.4,34.26,90.16920911039716,0.1932,4.213744194426407,0.4974
connect,training LODO,Eclat_Gen_Borgelt,0.5,25.3,44.46866335264259,0.1403,3.27882841823593,0.223
connect,training LODO,Eclat_Gen_Borgelt,0.6,24.83,30.94163484655554,0.1188,2.789498119967532,0.1957
connect,training LODO,Eclat_Gen_Borgelt,0.7,24.62,15.337885283266717,0.093,2.158635682178932,0.1569
connect,training LODO,Eclat_Gen_Borgelt,0.8,24.71,11.039476477630918,0.0852,1.9257566430735933,0.1082
connect,training LODO,Eclat_Gen_Borgelt,0.9,21.07,8.926721859355064,0.0736,1.7547357871212126,0.0878
connect,training LODO,FPgrowth_Gen_Borgelt,0.2,147.07,134.43921713898072,0.6854,3.169868958712529,0.2224
connect,training LODO,FPgrowth_Gen_Borgelt,0.3,52.06,119.90916525836387,0.2305,3.077591416667074,0.2224
connect,training LODO,FPgrowth_Gen_Borgelt,0.4,32.41,83.46633829221946,0.1523,2.341061642136049,0.2202
connect,training LODO,FPgrowth_Gen_Borgelt,0.5,25.45,43.85780098769344,0.1205,1.8901951788965117,0.153
connect,training LODO,FPgrowth_Gen_Borgelt,0.6,25.29,33.50178249722952,0.1046,1.6969941999282578,0.1118
connect,training LODO,FPgrowth_Gen_Borgelt,0.7,25.1,17.69914468567302,0.0846,1.199637496194492,0.0914
connect,training LODO,FPgrowth_Gen_Borgelt,0.8,24.67,13.270107599137258,0.081,1.101064669210365,0.0442
connect,training LODO,FPgrowth_Gen_Borgelt,0.9,20.9,10.68335107116331,0.0677,0.9200043296360505,0.0345
connect,training LODO,Gr_growth,0.2,83.43,159.64713987471163,0.8426,3.4679103711778407,0.4039
connect,training LODO,Gr_growth,0.3,31.86,107.49885247458586,0.2639,3.40497562117784,0.4039
connect,training LODO,Gr_growth,0.4,22.62,71.58228392300657,0.1446,3.094579057685777,0.3499
connect,training LODO,Gr_growth,0.5,18.42,32.95797316165991,0.1029,2.488495844193714,0.1984
connect,training LODO,Gr_growth,0.6,16.09,27.655425470739,0.0788,2.220553723360381,0.192
connect,training LODO,Gr_growth,0.7,14.83,16.257805084170958,0.0649,1.5679876815494145,0.1769
connect,training LODO,Gr_growth,0.8,14.2,14.378723536997763,0.0564,1.2097722435429767,0.0983
connect,training LODO,Gr_growth,0.9,13.74,13.91544474820388,0.055,0.8832234923067132,0.0641
kddcup99,training LODO,Apriori_Gen_Borgelt,0.76716775,109.04,144.31057551764476,0.4103,2.234321826554736,0.1783
kddcup99,training LODO,DefMe,0.76716775,654.63,674.1407045993909,0.9647,163.2909430998082,0.686
kddcup99,training LODO,Eclat_Gen_Borgelt,0.76716775,109.38,81.80557183827995,0.4224,1.1989056100288604,0.3181
kddcup99,training LODO,FPgrowth_Gen_Borgelt,0.76716775,109.52,98.96570822277266,0.3795,1.3096032219842662,0.3033
kddcup99,training LODO,Gr_growth,0.76716775,13.6,14.303787704611219,0.3125,0.7461055043345542,0.1065
kddcup99,training LODO,Pascal,0.76716775,638.95,413.5088066848688,1.3842,406.95698603743415,2.493
kddcup99,training LODO,TalkyG_Diffset,0.76716775,697.42,692.4273459797125,1.3352,95.50764006997521,0.6012
kddcup99,training LODO,Talky_G,0.76716775,683.85,651.1499833509621,1.4308,76.07314085985162,0.6705
kddcup99,training LODO,Zart,0.76716775,1333.46,990.7346434277179,2.0421,726.6432368737132,2.8441
kddcup99,training LODO,Apriori_Gen_Borgelt,0.45114675,109.21,146.47230122469574,0.4542,3.625704847189657,0.2227
kddcup99,training LODO,DefMe,0.45114675,1415.4,806.3537357811208,1.5365,185.48171702603477,0.7757
kddcup99,training LODO,Eclat_Gen_Borgelt,0.45114675,109.32,100.11030483158913,0.4993,1.2820555747835503,0.3524
kddcup99,training LODO,FPgrowth_Gen_Borgelt,0.45114675,109.38,116.25084830698837,0.4676,1.6286720639214953,0.4765
kddcup99,training LODO,Gr_growth,0.45114675,13.64,15.015705579018872,0.2815,0.9815969147963152,0.1769
kddcup99,training LODO,TalkyG_Diffset,0.45114675,818.47,726.0807716854102,1.4233,106.98956407870537,0.6137
kddcup99,training LODO,Talky_G,0.45114675,815.58,674.7236941829177,1.3662,104.74289113360703,0.6806
kddcup99,training LODO,Pascal,0.45114675,622.07,410.1691479948111,40.6292,539.3005492345662,7.1688
kddcup99,training LODO,Zart,0.45114675,1336.42,999.2112233607844,354.6493,1007.0271574280604,25.105
kddcup99,training LODO,Apriori_Gen_Borgelt,0.00029375,113.03,149.52027806087366,0.5174,5.452750572766857,0.3985
kddcup99,training LODO,DefMe,0.00029375,1379.25,1572.465118070749,16.3038,397.07824314993013,2.6059
kddcup99,training LODO,Eclat_Gen_Borgelt,0.00029375,113.06,132.77139892470367,0.553,1.4526297347582977,0.4086
kddcup99,training LODO,FPgrowth_Gen_Borgelt,0.00029375,113.27,154.47628014665773,0.5021,1.8001322686521812,0.4903
kddcup99,training LODO,Gr_growth,0.00029375,16.14,21.91168380553744,0.3426,1.2107389599469973,0.2006
kddcup99,training LODO,TalkyG_Diffset,0.00029375,1547.34,1049.4316508889265,4.2389,167.56811587644924,0.8796
kddcup99,training LODO,Talky_G,0.00029375,1499.53,929.6583205539091,3.3176,179.020256711475,0.8454
kddcup99,training LODO,Pascal,0.00029375,767.3,412.56743819230155,3588.2038,1463.322778275175,229.861
kddcup99,training LODO,Apriori_Gen_Borgelt,2.775e-05,113.26,149.52027806087366,0.5342,5.452750572766857,0.3985
kddcup99,training LODO,DefMe,2.775e-05,1297.85,1582.693544747584,22.6675,416.91888548683494,2.6059
kddcup99,training LODO,Eclat_Gen_Borgelt,2.775e-05,112.89,136.88863042489217,0.5512,1.453368634758298,0.4086
kddcup99,training LODO,FPgrowth_Gen_Borgelt,2.775e-05,113.39,156.06626576441542,0.5121,1.8001322686521812,0.4903
kddcup99,training LODO,Gr_growth,2.775e-05,16.73,22.69197906213393,0.3537,1.2196419474469973,0.2006
kddcup99,training LODO,TalkyG_Diffset,2.775e-05,1534.2,1064.8387414903636,5.1374,190.8204812722826,0.8799
kddcup99,training LODO,Talky_G,2.775e-05,1542.3,949.4093838528419,4.014,190.26987721147503,0.8454
kosarak,training LODO,Apriori_Gen_Borgelt,0.0600247505990574,80.5,129.2574844050163,0.478,0.6219205289624848,0.0538
kosarak,training LODO,Eclat_Gen_Borgelt,0.0600247505990574,80.63,94.57027718667916,0.5085,0.27650637909521036,0.0544
kosarak,training LODO,FPgrowth_Gen_Borgelt,0.0600247505990574,80.34,85.58471793600046,0.4765,0.28153091159534915,0.0522
kosarak,training LODO,Gr_growth,0.0600247505990574,13.8,16.199005191907464,0.2381,0.38084983710602266,0.0381
kosarak,training LODO,DefMe,0.0600247505990574,7895.45,583.241574983396,3.3042,95.40400280355064,0.3992
kosarak,training LODO,Pascal,0.0600247505990574,478.26,405.36168898182564,1.5701,627.459966583903,4.288
kosarak,training LODO,Zart,0.0600247505990574,1065.57,890.1414257795732,2.3451,644.8206466923514,2.2642
kosarak,training LODO,Apriori_Gen_Borgelt,0.0126772285392901,80.88,127.18009042801965,0.5105,0.6290438688700188,0.0627
kosarak,training LODO,Eclat_Gen_Borgelt,0.0126772285392901,94.79,94.11125192766545,0.5745,0.27982214515692644,0.0597
kosarak,training LODO,FPgrowth_Gen_Borgelt,0.0126772285392901,89.23,86.84752922232116,0.5933,0.2899382946220447,0.084
kosarak,training LODO,DefMe,0.0126772285392901,7918.0,603.9329686616364,3.3132,100.83452073648712,0.4591
kosarak,training LODO,Gr_growth,0.0126772285392901,21.45,19.589620977874397,0.3354,0.3762707382672883,0.1011
kosarak,training LODO,Pascal,0.0126772285392901,485.96,403.9766822099444,17.0601,863.7328487984232,19.602
kosarak,training LODO,Zart,0.0126772285392901,1626.61,952.4505860301505,12.2491,809.0003694846436,10.9244
kosarak,training LODO,Apriori_Gen_Borgelt,0.0032752349487756,81.42,127.26017920921021,0.8635,0.6378936158036408,0.0749
kosarak,training LODO,DefMe,0.0032752349487756,7989.88,786.2329061501151,4.3816,101.15476446026058,0.5899
kosarak,training LODO,Eclat_Gen_Borgelt,0.0032752349487756,124.94,95.60070751027644,0.6783,0.2876207921626984,0.0784
kosarak,training LODO,FPgrowth_Gen_Borgelt,0.0032752349487756,135.61,86.01266558204651,0.9033,0.29268815091713846,0.0914
kosarak,training LODO,Gr_growth,0.0032752349487756,63.79,21.589746229731624,0.9369,0.3749273290681541,0.1316
kosarak,training LODO,Pascal,0.0032752349487756,492.09,403.9284514110814,686.1005,1142.831532313192,56.3277
kosarak,training LODO,Zart,0.0032752349487756,1732.91,985.0475325768614,550.9333,976.9079017798819,25.105
kosarak,training LODO,Apriori_Gen_Borgelt,0.0013246977425311,93.03,126.32429032798903,10.8181,0.6535959328851704,0.0749
kosarak,training LODO,DefMe,0.0013246977425311,8012.86,1478.2429294348162,206.058,103.97609436558164,1.2698
kosarak,training LODO,Eclat_Gen_Borgelt,0.0013246977425311,154.16,97.2110961047268,1.2067,0.29530229216269843,0.0784
kosarak,training LODO,FPgrowth_Gen_Borgelt,0.0013246977425311,212.75,88.89474798416977,1.9742,0.29783560320790325,0.1091
kosarak,training LODO,Gr_growth,0.0013246977425311,120.23,25.031731175752416,2.9051,0.38353331121101125,0.1445
mushroom,training LODO,DefMe,0.2,122.4,346.31730350288956,0.2205,544.8441544005334,2.6059
mushroom,training LODO,DefMe,0.3,94.34,336.1142442819571,0.2045,484.5838150284012,1.9531
mushroom,training LODO,DefMe,0.5,96.62,325.2295231028651,0.2096,361.4142255774634,1.3447
mushroom,training LODO,DefMe,0.7,93.88,247.58838321836913,0.2074,270.76715241213515,0.9647
mushroom,training LODO,Talky_G,0.2,98.43,256.6937846682708,0.2252,617.049083146659,2.0661
mushroom,training LODO,Talky_G,0.3,96.07,255.23759333021513,0.2265,497.17475639552254,2.0549
mushroom,training LODO,Talky_G,0.5,96.1,237.452993303961,0.2102,349.7332645779359,1.3662
mushroom,training LODO,Talky_G,0.7,96.0,184.19113445946437,0.215,272.7931671723623,0.7813
mushroom,training LODO,Pascal,0.2,109.09,177.15864675215394,0.9832,2034.3804871989796,3600.0
mushroom,training LODO,Pascal,0.3,98.48,177.74364474578815,0.3789,2011.533411599773,3600.0
mushroom,training LODO,Pascal,0.5,99.4,184.77638310428958,0.224,1720.2447468862804,441.1246
mushroom,training LODO,Pascal,0.7,102.22,139.39360926876867,0.1977,1181.3854008121464,54.9236
mushroom,training LODO,Zart,0.2,395.38,316.81935466493513,44.2896,2475.359600820266,3600.0
mushroom,training LODO,Zart,0.3,198.01,318.20474374732294,1.2506,2457.957876820267,3600.0
mushroom,training LODO,Zart,0.5,107.58,297.27474446028714,0.2785,2306.733579200624,3600.0
mushroom,training LODO,Zart,0.7,95.3,285.92405862059525,0.2146,1843.7651810788234,1330.0085
mushroom,training LODO,TalkyG_Diffset,0.2,99.75,239.5115974985664,0.2252,718.5141046389798,2.9883
mushroom,training LODO,TalkyG_Diffset,0.3,97.12,239.77816329384302,0.2251,560.0348749068063,2.0118
mushroom,training LODO,TalkyG_Diffset,0.5,96.25,229.2450898895913,0.2134,339.87146328831375,1.3352
mushroom,training LODO,TalkyG_Diffset,0.7,97.82,170.13785152458365,0.2185,227.42254056573086,1.0608
mushroom,training LODO,Apriori_Gen_Borgelt,0.1,4.95,10.47043399311042,0.1027,23.945913609758293,0.4542
mushroom,training LODO,Apriori_Gen_Borgelt,0.15,3.95,10.319947732154565,0.0356,23.945913609758293,0.4542
mushroom,training LODO,Apriori_Gen_Borgelt,0.2,3.96,10.29654955428504,0.0211,23.945913609758293,0.4542
mushroom,training LODO,Apriori_Gen_Borgelt,0.3,3.94,9.563835865479673,0.009,23.945867159758293,0.4542
mushroom,training LODO,Apriori_Gen_Borgelt,0.4,3.99,8.451742986400966,0.0083,21.12526723217893,0.4542
mushroom,training LODO,Apriori_Gen_Borgelt,0.5,3.97,7.5029054494476295,0.008,16.356171175234486,0.4512
mushroom,training LODO,Apriori_Gen_Borgelt,0.6,4.05,6.346993215640683,0.0088,10.951160619587354,0.3985
mushroom,training LODO,Apriori_Gen_Borgelt,0.7,3.95,5.540258569242995,0.0062,8.662085882484181,0.2227
mushroom,training LODO,Eclat_Gen_Borgelt,0.1,11.43,26.88478032558039,0.0215,1.8313018384219943,0.1722
mushroom,training LODO,Eclat_Gen_Borgelt,0.15,7.88,24.797934771108046,0.0156,1.8313018384219943,0.1722
mushroom,training LODO,Eclat_Gen_Borgelt,0.2,6.52,24.797934771108046,0.0116,1.8313018384219943,0.1722
mushroom,training LODO,Eclat_Gen_Borgelt,0.3,4.71,21.663933920330987,0.0084,1.8312069431838989,0.1722
mushroom,training LODO,Eclat_Gen_Borgelt,0.4,4.25,16.34392474357351,0.0084,1.4198587319104505,0.1722
mushroom,training LODO,Eclat_Gen_Borgelt,0.5,4.24,13.811130448695536,0.0082,1.0243650803051119,0.1481
mushroom,training LODO,Eclat_Gen_Borgelt,0.6,4.09,12.798356568772764,0.007,0.9689260219717785,0.1188
mushroom,training LODO,Eclat_Gen_Borgelt,0.7,4.08,11.766395569281109,0.0078,0.6818148909652847,0.093
mushroom,training LODO,FPgrowth_Gen_Borgelt,0.1,10.66,26.501441364435085,0.0144,1.547916995745921,0.1464
mushroom,training LODO,FPgrowth_Gen_Borgelt,0.15,7.55,24.546478143287064,0.0108,1.547916995745921,0.1464
mushroom,training LODO,FPgrowth_Gen_Borgelt,0.2,6.26,24.453030002193476,0.0131,1.547916995745921,0.1464
mushroom,training LODO,FPgrowth_Gen_Borgelt,0.3,4.6,21.99990581125931,0.0099,1.4433602957459204,0.1464
mushroom,training LODO,FPgrowth_Gen_Borgelt,0.4,4.45,18.16427681180725,0.009,1.0645148930402932,0.1464
mushroom,training LODO,FPgrowth_Gen_Borgelt,0.5,4.09,15.098821058093248,0.0073,0.6032102665792541,0.1091
mushroom,training LODO,FPgrowth_Gen_Borgelt,0.6,4.06,13.95855724831748,0.0074,0.5563947713411589,0.1046
mushroom,training LODO,FPgrowth_Gen_Borgelt,0.7,3.96,12.448542671993444,0.007,0.4542617403887779,0.0846
mushroom,training LODO,DefMe,0.05,376.26,371.83739000380683,0.3504,562.2089376755334,2.6059
mushroom,training LODO,DefMe,0.1,228.18,364.95846140602697,0.2642,559.8449936338666,2.6059
mushroom,training LODO,DefMe,0.15,127.88,348.5388811712755,0.2208,559.8421119838667,2.6059
mushroom,training LODO,DefMe,0.4,96.41,329.6491589475046,0.1954,409.9021200510744,1.5887
mushroom,training LODO,DefMe,0.6,94.95,299.38088910709916,0.193,331.83461051846626,1.2143
mushroom,training LODO,Talky_G,0.05,134.96,268.45971664731763,0.2879,642.1674186292347,2.0661
mushroom,training LODO,Talky_G,0.1,124.39,270.4640928102614,0.2402,634.756669221659,2.18
mushroom,training LODO,Talky_G,0.15,96.02,258.9489238618258,0.2217,617.049083146659,2.0661
mushroom,training LODO,Talky_G,0.4,94.93,246.71389477495438,0.216,401.47022610591216,1.7659
mushroom,training LODO,Talky_G,0.6,95.32,210.72104264885635,0.2097,295.7525134944042,1.1451
mushroom,training LODO,Pascal,0.1,260.66,178.65206342622398,57.691,2073.336661003146,3600.0
mushroom,training LODO,Pascal,0.15,120.54,177.09996412229737,2.1117,2064.3681944323125,3600.0
mushroom,training LODO,Pascal,0.4,98.23,181.74481703915058,0.2905,1887.0368288712018,3588.2038
mushroom,training LODO,Pascal,0.6,104.1,165.0705079519681,0.2098,1551.3916210272255,124.7782
mushroom,training LODO,Zart,0.15,415.82,316.6497148514383,126.5752,2486.4314965286,3600.0
mushroom,training LODO,Zart,0.4,143.97,318.35983194860415,0.3876,2334.644256208957,3600.0
mushroom,training LODO,Zart,0.6,98.11,290.52684807733255,0.224,2168.9122784196356,3600.0
mushroom,training LODO,TalkyG_Diffset,0.05,152.96,261.96160156099734,0.3009,763.5482101425512,3.1233
mushroom,training LODO,TalkyG_Diffset,0.1,127.51,264.1151483928398,0.2424,766.3845422925511,3.1233
mushroom,training LODO,TalkyG_Diffset,0.15,97.56,243.50541250148677,0.2287,748.4588887270749,3.1233
mushroom,training LODO,TalkyG_Diffset,0.4,99.7,235.42952951659763,0.2201,455.47638219966336,1.6257
mushroom,training LODO,TalkyG_Diffset,0.6,94.16,206.32523688748657,0.2129,286.7651366962323,1.1223
mushroom,training LODO,Apriori_Gen_Borgelt,0.05,5.95,10.33204973685957,0.212,23.94340188475829,0.4542
mushroom,training LODO,Eclat_Gen_Borgelt,0.05,15.5,27.072618715342028,0.0366,1.76128438663628,0.1722
mushroom,training LODO,FPgrowth_Gen_Borgelt,0.05,14.95,26.13016762799486,0.0212,1.5450260772935402,0.1464
mushroom,training LODO,Gr_growth,0.05,15.32,33.799915470843665,0.0255,1.5269610582251079,0.1446
mushroom,training LODO,Gr_growth,0.1,14.52,32.76066182881382,0.0168,1.5273577415584412,0.1446
mushroom,training LODO,Gr_growth,0.15,14.05,32.627712764511045,0.0134,1.5270359637806634,0.1446
mushroom,training LODO,Gr_growth,0.2,13.93,32.615008500599984,0.0147,1.5270359637806634,0.1446
mushroom,training LODO,Gr_growth,0.3,13.73,25.099819903048655,0.0112,1.423283110209235,0.1446
mushroom,training LODO,Gr_growth,0.4,13.73,22.220636758884115,0.0103,1.2193863731060608,0.1065
mushroom,training LODO,Gr_growth,0.5,13.64,16.758392099685032,0.0106,0.9079908860181486,0.1029
mushroom,training LODO,Gr_growth,0.6,13.73,15.74636773248618,0.0112,0.8981789777208903,0.0999
mushroom,training LODO,Gr_growth,0.7,13.59,14.169551081842673,0.0099,0.8059712901307028,0.0788
onlineretail,training LODO,Apriori_Gen_Borgelt,0.017636528480632,35.79,67.36292185525494,0.1338,1.2512963845765346,0.0685
onlineretail,training LODO,DefMe,0.017636528480632,686.96,460.0160833167783,0.5899,108.96964050571711,0.7757
onlineretail,training LODO,Eclat_Gen_Borgelt,0.017636528480632,35.79,72.20329135063201,0.1429,0.4883825938991565,0.1091
onlineretail,training LODO,FPgrowth_Gen_Borgelt,0.017636528480632,35.91,64.91664934008472,0.1452,0.43432946762020663,0.1095
onlineretail,training LODO,Gr_growth,0.017636528480632,13.6,11.519007703326427,0.1011,0.26368785726024485,0.1571
onlineretail,training LODO,TalkyG_Diffset,0.017636528480632,527.21,837.636467119022,0.5796,104.24183909596239,0.623
onlineretail,training LODO,Talky_G,0.017636528480632,650.92,788.5444235749749,0.6118,87.06553014226178,0.6143
onlineretail,training LODO,Zart,0.017636528480632,826.25,784.0113819614418,4.6665,762.3410375575415,10.9244
onlineretail,training LODO,Pascal,0.017636528480632,276.56,353.3277342452146,7.1688,620.0117800907287,14.0866
onlineretail,training LODO,Apriori_Gen_Borgelt,0.0058890194373259,35.62,67.41265535159908,0.141,1.2604506665029414,0.1082
onlineretail,training LODO,DefMe,0.0058890194373259,1141.87,569.2305785561126,0.7731,109.27824584078203,0.9103
onlineretail,training LODO,Eclat_Gen_Borgelt,0.0058890194373259,35.94,76.46235486874758,0.15,0.5017750444638696,0.1091
onlineretail,training LODO,FPgrowth_Gen_Borgelt,0.0058890194373259,35.62,72.0120504101224,0.1502,0.4390702796873062,0.1104
onlineretail,training LODO,Gr_growth,0.0058890194373259,13.75,22.082109491886943,0.1492,0.28494327905650413,0.192
onlineretail,training LODO,Pascal,0.0058890194373259,282.67,353.58386411112053,92.667,832.3230693238636,53.7008
onlineretail,training LODO,TalkyG_Diffset,0.0058890194373259,570.27,861.4079302992466,0.5556,121.48132374405041,0.7099
onlineretail,training LODO,Talky_G,0.0058890194373259,663.88,805.7787149025966,0.6172,99.71653872456699,0.6968
onlineretail,training LODO,Zart,0.0058890194373259,784.0,971.7488952881878,87.3878,892.8326091735823,98.4032
onlineretail,training LODO,Apriori_Gen_Borgelt,0.0015334301653236,35.82,67.49903163476202,0.1531,1.4304404615967368,0.1611
onlineretail,training LODO,DefMe,0.0015334301653236,2116.93,994.3912238792454,2.1924,113.26518244900716,0.9878
onlineretail,training LODO,Eclat_Gen_Borgelt,0.0015334301653236,35.78,81.47593009446071,0.1481,0.5178583190670442,0.1804
onlineretail,training LODO,FPgrowth_Gen_Borgelt,0.0015334301653236,35.63,78.40830160768925,0.1437,0.46069318760855155,0.1402
onlineretail,training LODO,Gr_growth,0.0015334301653236,13.91,27.026940566943377,0.1445,0.3202916431438058,0.2006
onlineretail,training LODO,Pascal,0.0015334301653236,289.1,362.4192060879791,834.7978,1104.6731850542028,478.7567
onlineretail,training LODO,TalkyG_Diffset,0.0015334301653236,603.0,907.4342963059795,0.6137,112.86303362321708,0.7181
onlineretail,training LODO,Talky_G,0.0015334301653236,969.79,846.6195156425036,0.7463,103.90836730840815,0.6968
onlineretail,training LODO,Zart,0.0015334301653236,882.88,1141.4691920264197,800.5185,1112.303580527262,545.852
onlineretail,training LODO,Apriori_Gen_Borgelt,0.0004010509663154,35.75,67.49903163476202,0.1482,1.404040440168165,0.1611
onlineretail,training LODO,DefMe,0.0004010509663154,2041.07,1163.4007636121178,8.2196,175.62061994610806,1.4279
onlineretail,training LODO,Eclat_Gen_Borgelt,0.0004010509663154,35.91,85.95349017240007,0.1469,0.5403233805749807,0.223
onlineretail,training LODO,FPgrowth_Gen_Borgelt,0.0004010509663154,35.78,85.01352706590293,0.1427,0.48134213362226014,0.1402
onlineretail,training LODO,Gr_growth,0.0004010509663154,13.91,28.948127055399794,0.1572,0.36150878600094866,0.2006
onlineretail,training LODO,TalkyG_Diffset,0.0004010509663154,2096.0,1011.1793107100448,1.0926,132.2910502815504,0.7181
onlineretail,training LODO,Talky_G,0.0004010509663154,1816.75,940.474076581488,1.0922,142.57150177070974,0.6972
onlineretail,training LODO,Zart,0.0004010509663154,1757.5,1177.1243344459504,3069.9668,1605.0555853138908,608.0888
onlineretail,training LODO,Apriori_Gen_Borgelt,4.024386859220471e-05,35.67,67.44547550686993,0.163,1.4064142015318013,0.1783
onlineretail,training LODO,DefMe,4.024386859220471e-05,2115.43,1174.9096068536921,27.3897,181.17768015444142,1.4279
onlineretail,training LODO,Eclat_Gen_Borgelt,4.024386859220471e-05,37.47,90.1972975029581,0.1527,0.5237591305749807,0.223
onlineretail,training LODO,FPgrowth_Gen_Borgelt,4.024386859220471e-05,38.25,91.21767472103096,0.1468,0.4529254633841649,0.1464
onlineretail,training LODO,Gr_growth,4.024386859220471e-05,14.38,30.8315443812627,0.1566,0.4239548226892603,0.2013
onlineretail,training LODO,TalkyG_Diffset,4.024386859220471e-05,1654.93,1075.1048670272812,1.8719,171.8250274720266,0.7181
onlineretail,training LODO,Talky_G,4.024386859220471e-05,2133.53,979.591725356179,1.6833,174.86194028975734,0.6972
pamap,training LODO,Apriori_Gen_Borgelt,0.87309175,139.36,72.20780488740276,0.6862,1.7083989081737707,0.0894
pamap,training LODO,Eclat_Gen_Borgelt,0.87309175,139.21,30.300241798076776,0.6918,0.2885625222999224,0.1071
pamap,training LODO,DefMe,0.87309175,1220.78,445.01285356512176,1.3447,1.9064229223304472,0.4789
pamap,training LODO,FPgrowth_Gen_Borgelt,0.87309175,139.36,32.04517404178189,0.6506,0.28068787491463215,0.0914
pamap,training LODO,Gr_growth,0.87309175,13.6,13.065905731326218,0.4039,0.14644970965199017,0.0649
pamap,training LODO,TalkyG_Diffset,0.87309175,1230.96,277.10286626928877,1.8575,4.839061926798056,0.5556
pamap,training LODO,Pascal,0.87309175,674.12,248.78748516770048,2.493,412.6225867325995,1.3842
pamap,training LODO,Talky_G,0.87309175,1294.46,239.38737307296634,2.0549,4.569339993915113,0.5064
pamap,training LODO,Zart,0.87309175,1778.36,326.80935568768047,2.8441,637.69962477111,2.0683
pamap,training LODO,Apriori_Gen_Borgelt,0.63655675,139.55,72.65873281528857,0.754,4.87171909836275,0.208
pamap,training LODO,DefMe,0.63655675,1705.5,763.5381743554559,1.5887,2.6213560292637914,0.6254
pamap,training LODO,Eclat_Gen_Borgelt,0.63655675,139.68,38.79044668130155,0.7684,0.5667120613691864,0.1569
pamap,training LODO,FPgrowth_Gen_Borgelt,0.63655675,139.71,39.77123912593796,0.7153,0.3596726653186726,0.1523
pamap,training LODO,Gr_growth,0.63655675,14.06,13.536535788414923,0.4392,0.23966285583358632,0.0788
pamap,training LODO,Pascal,0.63655675,675.94,267.6322575072125,54.9236,745.8420161135294,3.0817
pamap,training LODO,TalkyG_Diffset,0.63655675,1745.98,361.3589858859309,2.0118,11.476479639099644,0.5669
pamap,training LODO,Talky_G,0.63655675,1620.77,291.48545819199825,2.0661,14.319819597432428,0.5948
pamap,training LODO,Zart,0.63655675,1883.96,383.5736428081883,90.7496,895.2579446236492,3.0932
pamap,training LODO,Apriori_Gen_Borgelt,0.04525675,825.86,76.99748691325874,147.862,7.0368364793401055,0.212
pamap,training LODO,Eclat_Gen_Borgelt,0.04525675,1946.2,84.49263043600341,28.4018,1.0747170503482628,0.223
pamap,training LODO,FPgrowth_Gen_Borgelt,0.04525675,1960.66,83.29701441878917,23.7877,1.0021711190843514,0.2224
pamap,training LODO,Gr_growth,0.04525675,1033.28,14.806924730374249,21.4911,0.5476986436041491,0.1205
pumsb,training LODO,FPgrowth_Gen_Borgelt,0.6,285.98,20.28441587976246,1.4923,0.3376025520649285,0.2305
pumsb,training LODO,FPgrowth_Gen_Borgelt,0.7,68.51,18.811273568654716,0.3033,0.3000567740887381,0.1468
pumsb,training LODO,FPgrowth_Gen_Borgelt,0.75,32.53,17.31861088904934,0.153,0.2967306865887381,0.1464
pumsb,training LODO,FPgrowth_Gen_Borgelt,0.8,26.45,16.313306842293763,0.1041,0.28414723083476984,0.1402
pumsb,training LODO,FPgrowth_Gen_Borgelt,0.85,25.55,14.821098364262491,0.0914,0.27132341972365875,0.1205
pumsb,training LODO,FPgrowth_Gen_Borgelt,0.9,21.0,14.140070402475171,0.088,0.2410017315201955,0.0846
pumsb,training LODO,FPgrowth_Gen_Borgelt,0.95,18.61,14.04999044139662,0.0801,0.23617655532971932,0.081
pumsb,training LODO,DefMe,0.6,869.07,494.55484146189315,22.3843,672.2454325476785,1.3447
pumsb,training LODO,DefMe,0.7,869.43,392.4029853217493,4.9336,624.4989848985444,0.9647
pumsb,training LODO,DefMe,0.75,882.07,358.8103925331112,2.0546,606.4198990326714,0.8599
pumsb,training LODO,DefMe,0.8,862.44,338.95438161436067,0.8963,602.6170517541361,0.7956
pumsb,training LODO,DefMe,0.85,598.97,306.6219292617384,0.5654,542.49779693894,0.7786
pumsb,training LODO,DefMe,0.9,415.27,286.6992890322945,0.4463,465.71533272040017,0.686
pumsb,training LODO,DefMe,0.95,340.62,283.7910189951308,0.4203,451.29341507873363,0.5899
pumsb,training LODO,Talky_G,0.6,1063.86,515.3006627269796,129.5294,572.733613749657,1.1451
pumsb,training LODO,Talky_G,0.7,966.14,469.1240038541252,5.7824,505.2808825974925,1.1148
pumsb,training LODO,Talky_G,0.75,964.59,448.88339242176494,1.5897,499.07213653856394,1.1148
pumsb,training LODO,Talky_G,0.8,680.41,442.57806088905386,0.895,489.91417635780994,1.1148
pumsb,training LODO,Talky_G,0.85,640.47,429.3038414087933,0.7813,475.7151215171534,1.0922
pumsb,training LODO,Talky_G,0.9,466.01,402.2653968815222,0.7441,395.12965294393916,0.6118
pumsb,training LODO,Talky_G,0.95,451.03,398.98912224599627,0.7056,395.12965294393916,0.6118
pumsb,training LODO,Pascal,0.75,389.08,139.58507635727236,1237.6079,1015.1952569570557,11.4804
pumsb,training LODO,Pascal,0.8,361.36,139.58507635727236,247.1454,997.2377833320558,11.4804
pumsb,training LODO,Pascal,0.85,360.6,139.95418846656807,63.5295,926.0288107151906,3.5074
pumsb,training LODO,Pascal,0.9,361.6,139.95418846656807,7.7666,892.5000683259047,3.5074
pumsb,training LODO,Pascal,0.95,365.98,140.20925521946563,1.0149,889.804625450905,3.5074
pumsb,training LODO,Zart,0.8,964.1,262.0346226491277,1079.0713,1199.6789175644963,7.8675
pumsb,training LODO,Zart,0.85,847.62,246.21531363922244,107.8816,1091.2230692978294,4.2575
pumsb,training LODO,Zart,0.9,833.93,245.53001244652518,8.3215,1075.800143583544,4.2575
pumsb,training LODO,Zart,0.95,830.36,238.80565744119025,0.9708,1045.9555564335442,4.2575
pumsb,training LODO,TalkyG_Diffset,0.6,1069.73,602.1366138627969,122.1556,492.54318278265123,1.1223
pumsb,training LODO,TalkyG_Diffset,0.7,954.39,540.112377863975,6.6818,424.8643250134052,1.0921
pumsb,training LODO,TalkyG_Diffset,0.75,963.41,519.5737696463682,1.8205,404.13195412292913,1.0608
pumsb,training LODO,TalkyG_Diffset,0.8,954.94,505.7592189106478,1.026,385.81003987531017,0.7822
pumsb,training LODO,TalkyG_Diffset,0.85,630.23,487.25019266355133,0.7851,385.69399057044905,0.6369
pumsb,training LODO,TalkyG_Diffset,0.9,464.73,454.73266522996823,0.7378,329.9900988916793,0.5905
pumsb,training LODO,TalkyG_Diffset,0.95,437.13,450.80535703933566,0.7154,329.9900988916793,0.5905
pumsb,training LODO,Apriori_Gen_Borgelt,0.6,91.78,12.760847867337775,19.2979,8.616306235377817,0.4831
pumsb,training LODO,Apriori_Gen_Borgelt,0.7,24.05,11.904494835714438,1.6765,5.561856112064325,0.3086
pumsb,training LODO,Apriori_Gen_Borgelt,0.75,18.57,11.635734871178682,0.484,4.626580704127816,0.3086
pumsb,training LODO,Apriori_Gen_Borgelt,0.8,18.27,11.54129865531085,0.2125,4.506474613850038,0.3086
pumsb,training LODO,Apriori_Gen_Borgelt,0.85,18.36,10.679385164822415,0.1226,4.1962193420246425,0.1273
pumsb,training LODO,Apriori_Gen_Borgelt,0.9,18.2,10.679385164822415,0.0967,3.899812824667,0.0894
pumsb,training LODO,Apriori_Gen_Borgelt,0.95,18.27,10.399740350439114,0.089,3.896094669905095,0.0894
pumsb,training LODO,Eclat_Gen_Borgelt,0.6,284.51,16.536889867889297,1.8571,0.6187596062961549,0.3181
pumsb,training LODO,Eclat_Gen_Borgelt,0.7,68.21,15.68692540059795,0.3982,0.5877147803040914,0.3181
pumsb,training LODO,Eclat_Gen_Borgelt,0.75,31.85,14.183435327297932,0.1957,0.5794283164152025,0.3181
pumsb,training LODO,Eclat_Gen_Borgelt,0.8,26.45,13.836725320035468,0.1222,0.5661037900263137,0.1932
pumsb,training LODO,Eclat_Gen_Borgelt,0.85,25.57,11.639852330134346,0.1082,0.5501877983235719,0.15
pumsb,training LODO,Eclat_Gen_Borgelt,0.9,20.71,11.639852330134346,0.0944,0.45166344588850693,0.093
pumsb,training LODO,Eclat_Gen_Borgelt,0.95,18.43,11.48467503860825,0.0878,0.4463290304123165,0.093
pumsb,training LODO,Gr_growth,0.6,144.86,15.78015291879364,2.0571,0.4744090173624985,0.2006
pumsb,training LODO,Gr_growth,0.7,41.08,14.21545087120746,0.4582,0.4144759056741869,0.1769
pumsb,training LODO,Gr_growth,0.75,23.58,13.951142754869696,0.1984,0.4127885223408535,0.1769
pumsb,training LODO,Gr_growth,0.8,16.23,13.942466163027932,0.0983,0.3728755461503773,0.1769
pumsb,training LODO,Gr_growth,0.85,14.08,13.885688442298672,0.0689,0.3550415223408535,0.1446
pumsb,training LODO,Gr_growth,0.9,13.43,13.885162183588173,0.0661,0.24960538503787874,0.0564
pumsb,training LODO,Gr_growth,0.95,13.73,13.886075447678836,0.0641,0.24863017313311686,0.0564
recordlink,training LODO,Apriori_Gen_Borgelt,0.7772354251860716,46.44,87.18861174769815,0.1783,9.044562573526798,0.096
recordlink,training LODO,DefMe,0.7772354251860716,278.78,866.5748466525238,0.4789,114.64154567537602,0.686
recordlink,training LODO,Eclat_Gen_Borgelt,0.7772354251860716,46.51,54.08866153839093,0.1804,1.6485657703823957,0.15
recordlink,training LODO,FPgrowth_Gen_Borgelt,0.7772354251860716,46.54,45.87725779833537,0.1604,1.3077873848734602,0.1437
recordlink,training LODO,Gr_growth,0.7772354251860716,13.63,13.068686372840125,0.0999,0.9472099721463585,0.0983
recordlink,training LODO,Pascal,0.7772354251860716,337.64,485.3903620781058,0.7135,636.9184932076936,3.0817
recordlink,training LODO,TalkyG_Diffset,0.7772354251860716,279.54,467.71094343377143,0.5669,102.84556056475121,0.5556
recordlink,training LODO,Talky_G,0.7772354251860716,274.68,383.0270024351678,0.6806,139.4409487281746,0.6172
recordlink,training LODO,Zart,0.7772354251860716,547.47,749.8599384331994,1.046,987.6308866660396,25.105
recordlink,training LODO,Apriori_Gen_Borgelt,0.0439401265930671,50.21,88.69821496964201,0.2227,19.580324204768477,0.4103
recordlink,training LODO,DefMe,0.0439401265930671,838.53,1104.9879234048055,0.7757,315.41348694855145,1.3447
recordlink,training LODO,Eclat_Gen_Borgelt,0.0439401265930671,53.15,117.60600284858107,0.2371,3.2990253086219328,0.4993
recordlink,training LODO,FPgrowth_Gen_Borgelt,0.0439401265930671,53.15,118.51619296200042,0.2224,2.7550589486000105,0.4903
recordlink,training LODO,Gr_growth,0.0439401265930671,13.75,43.29675733719442,0.1065,1.980223140736102,0.192
recordlink,training LODO,TalkyG_Diffset,0.0439401265930671,509.01,674.5653794727393,0.6844,309.73043154856316,0.7181
recordlink,training LODO,Talky_G,0.0439401265930671,377.6,554.7896208038007,0.6705,416.27516080636724,0.7825
recordlink,training LODO,Pascal,0.0439401265930671,329.29,499.5392627097084,19.602,1778.5430698620644,701.2038
recordlink,training LODO,Zart,0.0439401265930671,766.5,866.1871898203473,98.4032,2222.863829540927,3600.0
recordlink,training LODO,Apriori_Gen_Borgelt,0.0001021893747401,50.01,83.32322668546354,0.208,19.51015569573168,0.4512
recordlink,training LODO,DefMe,0.0001021893747401,815.78,1512.402017824612,1.4279,397.89116556653494,6.2768
recordlink,training LODO,Eclat_Gen_Borgelt,0.0001021893747401,56.87,131.77601142059058,0.223,3.156752554455267,0.5361
recordlink,training LODO,FPgrowth_Gen_Borgelt,0.0001021893747401,57.17,141.75350337118252,0.2202,2.7260196763958255,0.4903
recordlink,training LODO,Gr_growth,0.0001021893747401,13.92,48.57641599170536,0.1205,1.9047937398411636,0.2013
recordlink,training LODO,Pascal,0.0001021893747401,324.36,504.12338384522724,56.3277,2269.9766421779373,3600.0
recordlink,training LODO,TalkyG_Diffset,0.0001021893747401,829.45,871.2815572353464,0.8799,368.5394254365502,1.3352
recordlink,training LODO,Talky_G,0.0001021893747401,833.45,635.3256085239552,0.8454,458.0252728887086,1.4308
recordlink,training LODO,Zart,0.0001021893747401,830.86,1290.9024905029469,608.0888,2515.0647230844693,3600.0
retail,training LODO,DefMe,0.2,478.55,607.7194085056341,0.378,317.1964604403874,2.1924
retail,training LODO,DefMe,0.3,484.46,605.3191820381619,0.3836,291.14027290586364,2.1924
retail,training LODO,DefMe,0.5,481.9,595.68650473154,0.3782,194.44607125049123,1.5887
retail,training LODO,DefMe,0.7,481.86,555.945891486067,0.3754,141.08247165716094,1.1293
retail,training LODO,Talky_G,0.2,1153.82,714.1884238260777,0.6051,444.7494189558223,1.6833
retail,training LODO,Talky_G,0.3,1152.38,701.4754784056544,0.6143,384.60112473082245,1.6833
retail,training LODO,Talky_G,0.5,1155.51,682.6265504566613,0.6138,309.3255269722906,1.2828
retail,training LODO,Talky_G,0.7,1150.65,674.9343418226679,0.6108,223.9985388441244,1.1451
retail,training LODO,Pascal,0.2,123.56,182.11100746497328,0.271,971.2547032590812,40.6292
retail,training LODO,Pascal,0.3,125.85,179.82099349898917,0.2713,977.2400516090812,40.6292
retail,training LODO,Pascal,0.5,125.28,180.22430972738286,0.2582,907.9146673565782,17.0601
retail,training LODO,Pascal,0.7,124.11,177.20737080598036,0.2531,781.2347709895148,17.0601
retail,training LODO,Zart,0.2,151.78,642.0299571395822,0.3404,999.3543575751142,45.8235
retail,training LODO,Zart,0.3,151.32,641.3630645191818,0.3292,992.6242100810664,45.8235
retail,training LODO,Zart,0.5,152.5,622.929074571683,0.3163,920.3765731045152,45.8235
retail,training LODO,Zart,0.7,151.05,615.4910377866657,0.3161,835.8883594206171,12.2491
retail,training LODO,TalkyG_Diffset,0.2,1161.95,719.9731284249174,0.5924,562.4507165316522,1.7948
retail,training LODO,TalkyG_Diffset,0.3,1117.43,707.6460040646914,0.6091,543.0584463858189,1.7948
retail,training LODO,TalkyG_Diffset,0.5,1116.02,663.7782161944261,0.5985,413.2581607725253,1.5555
retail,training LODO,TalkyG_Diffset,0.7,1159.84,635.0307420041001,0.5905,384.62220421405743,1.2459
retail,training LODO,DefMe,0.0005,1945.27,1167.8005234543812,11.5215,471.99098894397525,5.0359
retail,training LODO,DefMe,0.001,1946.05,1109.8903821149656,3.6265,404.3331129406023,4.3816
retail,training LODO,DefMe,0.002,1950.6,979.2291516525266,1.2698,372.26077471996746,3.3132
retail,training LODO,DefMe,0.005,583.39,781.7785767243598,0.4591,331.8580879486305,3.3042
retail,training LODO,DefMe,0.01,492.42,694.2347540612989,0.3992,343.1162721557733,3.3042
retail,training LODO,DefMe,0.02,482.64,614.8935668584247,0.3888,360.4913065567654,3.3042
retail,training LODO,Talky_G,0.0005,1286.16,1176.4460189067222,0.8334,569.4442892587986,1.7784
retail,training LODO,Talky_G,0.001,1291.24,909.6676866851824,0.6968,534.7628312504653,1.7659
retail,training LODO,Talky_G,0.002,1149.64,810.5626891404412,0.6294,517.5647347746716,1.7659
retail,training LODO,Talky_G,0.005,1155.25,747.9690140019544,0.6054,495.9424112115763,1.7659
retail,training LODO,Talky_G,0.01,1152.18,728.6523685958366,0.6077,488.0552809490763,1.7659
retail,training LODO,Talky_G,0.02,1153.92,718.5656506339923,0.6081,473.5952496387589,1.7659
retail,training LODO,Pascal,0.001,442.03,236.9743707427446,3519.7285,1722.8568350636972,834.7978
retail,training LODO,Pascal,0.002,194.34,208.7140951668046,1162.8797,1501.7095337940546,686.1005
retail,training LODO,Pascal,0.005,130.58,202.18647941252024,53.7008,1198.8256210977174,478.7567
retail,training LODO,Pascal,0.01,121.17,200.53387413162199,4.288,1075.3949063951382,92.667
retail,training LODO,Pascal,0.02,125.52,200.98932992334602,0.5707,1027.4122411903763,83.7692
retail,training LODO,Zart,0.002,1411.37,1087.792648727997,579.5006,1461.0418427178572,550.9333
retail,training LODO,Zart,0.005,643.21,948.7109213106496,24.7684,1136.0337777273814,107.8816
retail,training LODO,Zart,0.01,594.92,861.2578240047532,2.2642,1113.8202678875004,87.3878
retail,training LODO,Zart,0.02,308.81,722.411783515162,0.5581,1089.8600290801412,87.3878
retail,training LODO,TalkyG_Diffset,0.0005,1268.12,1225.6346825429985,0.8796,652.549234440184,1.7989
retail,training LODO,TalkyG_Diffset,0.001,1220.96,854.447262206891,0.7099,637.2671113943506,1.7989
retail,training LODO,TalkyG_Diffset,0.002,1153.26,764.6252883464027,0.623,629.6092753774857,1.7989
retail,training LODO,TalkyG_Diffset,0.005,1153.06,749.30287359141,0.6061,605.9648747298664,1.7948
retail,training LODO,TalkyG_Diffset,0.01,1152.71,735.1999323104648,0.6031,599.2339224798666,1.7948
retail,training LODO,TalkyG_Diffset,0.02,1105.32,725.6256082523031,0.6012,594.7646728385967,1.7948
retail,training LODO,Apriori_Gen_Borgelt,0.0005,46.88,24.845554111368163,0.158,5.211815784742341,0.478
retail,training LODO,Apriori_Gen_Borgelt,0.001,24.06,17.7127229648421,0.1082,5.210149429186785,0.478
retail,training LODO,Apriori_Gen_Borgelt,0.002,15.79,14.502519809073904,0.0749,5.209803383353452,0.478
retail,training LODO,Apriori_Gen_Borgelt,0.005,11.66,12.88391226132547,0.0627,5.155852123615968,0.478
retail,training LODO,Apriori_Gen_Borgelt,0.01,11.57,11.79295276069779,0.0538,5.143702072425491,0.478
retail,training LODO,Apriori_Gen_Borgelt,0.02,11.83,10.702337344062133,0.0498,5.142341939092158,0.4542
retail,training LODO,Apriori_Gen_Borgelt,0.2,11.49,9.857268722840244,0.047,5.350535357422438,0.4542
retail,training LODO,Apriori_Gen_Borgelt,0.3,11.42,10.176585523217211,0.047,5.346954552263708,0.4542
retail,training LODO,Apriori_Gen_Borgelt,0.5,11.59,9.838801974545827,0.0451,3.1419905788149345,0.4103
retail,training LODO,Apriori_Gen_Borgelt,0.7,10.8,9.566641539228087,0.0424,2.5574260466901158,0.3345
retail,training LODO,Eclat_Gen_Borgelt,0.0005,31.95,46.52671216779516,0.1091,0.6129101662282163,0.1722
retail,training LODO,Eclat_Gen_Borgelt,0.001,27.72,40.2246769883833,0.0919,0.5939784031329781,0.1527
retail,training LODO,Eclat_Gen_Borgelt,0.002,22.73,37.73352445611902,0.0784,0.5903789031329781,0.1527
retail,training LODO,Eclat_Gen_Borgelt,0.005,17.43,32.57029516469144,0.0597,0.5717537578948829,0.1527
retail,training LODO,Eclat_Gen_Borgelt,0.01,13.83,29.128903610032573,0.0529,0.569231433490121,0.1527
retail,training LODO,Eclat_Gen_Borgelt,0.02,12.06,26.724815850222125,0.0544,0.5687575239663114,0.1527
retail,training LODO,Eclat_Gen_Borgelt,0.2,11.58,25.263655281534373,0.0491,0.6618637332917082,0.1527
retail,training LODO,Eclat_Gen_Borgelt,0.3,11.42,23.764829703032547,0.0459,0.5767916697996448,0.1527
retail,training LODO,Eclat_Gen_Borgelt,0.5,11.56,20.181474006997163,0.0461,0.5685802007520258,0.1527
retail,training LODO,Eclat_Gen_Borgelt,0.7,10.94,17.791893262670566,0.0411,0.5253471207556332,0.1527
retail,training LODO,FPgrowth_Gen_Borgelt,0.0005,41.54,55.21021245727467,0.1402,0.7214972674617051,0.1502
retail,training LODO,FPgrowth_Gen_Borgelt,0.001,34.3,52.152667058119725,0.1095,0.7199867531759907,0.1502
retail,training LODO,FPgrowth_Gen_Borgelt,0.002,25.18,45.230979771365945,0.084,0.7147318442474193,0.1502
retail,training LODO,FPgrowth_Gen_Borgelt,0.005,16.54,36.147104575682,0.0569,0.7116213371045621,0.1502
retail,training LODO,FPgrowth_Gen_Borgelt,0.01,13.28,32.55101273448842,0.0522,0.7113469871045621,0.1502
retail,training LODO,FPgrowth_Gen_Borgelt,0.02,12.21,28.86858243594256,0.0481,0.709064505556943,0.1502
retail,training LODO,FPgrowth_Gen_Borgelt,0.2,11.75,28.17697302113357,0.0443,0.6646808785617162,0.1502
retail,training LODO,FPgrowth_Gen_Borgelt,0.3,11.45,25.51907212432561,0.0451,0.6637466380855257,0.1502
retail,training LODO,FPgrowth_Gen_Borgelt,0.5,11.43,22.624599275955216,0.0442,0.6367556758019759,0.1502
retail,training LODO,FPgrowth_Gen_Borgelt,0.7,10.89,20.374263068232096,0.0418,0.4757202103063604,0.1468
retail,training LODO,Gr_growth,0.0005,34.98,43.585621315248424,0.2084,0.7700959611936673,0.2049
retail,training LODO,Gr_growth,0.001,30.61,41.46246688038004,0.1571,0.7567670967997281,0.2013
retail,training LODO,Gr_growth,0.002,24.98,41.08826179328146,0.1034,0.7450555217997279,0.2013
retail,training LODO,Gr_growth,0.005,17.8,28.840506619741525,0.0602,0.6720615870775057,0.2006
retail,training LODO,Gr_growth,0.01,14.99,26.122584174266358,0.0427,0.6545846412441725,0.1984
retail,training LODO,Gr_growth,0.02,13.88,23.945271363143522,0.0365,0.6636471523372459,0.1984
retail,training LODO,Gr_growth,0.2,13.73,23.177904144251578,0.036,0.653567448368992,0.1984
retail,training LODO,Gr_growth,0.3,13.72,22.5815763032538,0.0381,0.6344382817023253,0.1984
retail,training LODO,Gr_growth,0.5,4.24,19.604945247254008,0.0161,0.6077098879904818,0.1798
retail,training LODO,Gr_growth,0.7,4.25,17.743540993187846,0.0175,0.5456117311362249,0.1649
t10i4d100k,training LODO,DefMe,0.2,150.71,482.95850760879483,0.2793,53.74398148077129,0.5899
t10i4d100k,training LODO,DefMe,0.3,151.82,481.7354953275706,0.2721,53.73353503672367,0.5899
t10i4d100k,training LODO,DefMe,0.5,149.84,455.369484992701,0.2807,40.73687559408297,0.5899
t10i4d100k,training LODO,DefMe,0.7,154.07,418.7467979752363,0.2792,20.490357540084187,0.4789
t10i4d100k,training LODO,Talky_G,0.2,152.2,2532.0347866018465,0.3068,363.2413317074784,1.2828
t10i4d100k,training LODO,Talky_G,0.3,152.18,2535.2251149368312,0.3159,363.24277531462127,1.2828
t10i4d100k,training LODO,Talky_G,0.5,153.44,2533.596711808212,0.3144,284.72789713264774,0.877
t10i4d100k,training LODO,Talky_G,0.7,151.88,2437.4054432926087,0.3118,245.7144395492062,0.7813
t10i4d100k,training LODO,Pascal,0.2,124.71,149.68834114310658,0.2441,880.9406423319102,14.0866
t10i4d100k,training LODO,Pascal,0.3,129.48,146.02616919651578,0.2513,871.4905501535371,14.0866
t10i4d100k,training LODO,Pascal,0.5,129.3,148.0785930406505,0.2453,801.5527730492636,12.1523
t10i4d100k,training LODO,Pascal,0.7,128.42,134.80612019762057,0.2551,652.034883358986,7.1688
t10i4d100k,training LODO,Zart,0.2,156.22,356.8728562202334,0.3054,1018.1178620134151,44.1872
t10i4d100k,training LODO,Zart,0.3,155.03,334.2802771650073,0.2949,962.8590739142404,25.105
t10i4d100k,training LODO,Zart,0.5,153.89,299.83008932100347,0.306,828.3897105529752,10.9244
t10i4d100k,training LODO,Zart,0.7,150.1,296.02464734522215,0.2976,720.2796891596784,7.2682
t10i4d100k,training LODO,TalkyG_Diffset,0.2,153.45,2729.393450123171,0.3045,323.314632650704,1.3352
t10i4d100k,training LODO,TalkyG_Diffset,0.3,151.56,2729.5396486831783,0.3083,292.72647439177547,1.3352
t10i4d100k,training LODO,TalkyG_Diffset,0.5,151.83,2647.198387842968,0.3079,237.4720454526161,1.1223
t10i4d100k,training LODO,TalkyG_Diffset,0.7,154.51,2480.991377579057,0.3031,212.64643584455752,0.8799
t10i4d100k,training LODO,DefMe,0.001,812.59,911.0054155534093,0.9844,78.36118096617894,1.2698
t10i4d100k,training LODO,DefMe,0.002,750.12,851.1577537652126,0.9919,57.63264959217099,0.9103
t10i4d100k,training LODO,DefMe,0.005,796.69,551.1380049545825,0.9871,55.39099166311255,0.6457
t10i4d100k,training LODO,DefMe,0.01,819.07,516.4234730696155,0.9878,54.70619530299351,0.6254
t10i4d100k,training LODO,DefMe,0.02,152.76,501.8493341872204,0.2763,66.7041238418824,0.6254
t10i4d100k,training LODO,DefMe,0.05,152.14,504.0225905727239,0.2744,58.28793414386653,0.6254
t10i4d100k,training LODO,Talky_G,0.001,150.87,2897.1221054656353,0.3167,417.08885484929084,1.7659
t10i4d100k,training LODO,Talky_G,0.002,151.57,2648.2725946089136,0.3233,388.3760098047395,1.7659
t10i4d100k,training LODO,Talky_G,0.005,152.23,2602.6045922841054,0.3183,366.8047200331125,1.6833
t10i4d100k,training LODO,Talky_G,0.01,153.12,2538.502093567269,0.3107,367.32771742086504,1.4308
t10i4d100k,training LODO,Talky_G,0.02,152.68,2521.600776393546,0.3147,373.2006261266731,1.3662
t10i4d100k,training LODO,Talky_G,0.05,151.77,2522.888574315841,0.3067,371.43571984427496,1.2828
t10i4d100k,training LODO,Pascal,0.001,155.15,276.8525225489813,954.0731,1741.5094060656959,1162.8797
t10i4d100k,training LODO,Pascal,0.002,159.95,180.02110781460183,975.784,1375.249979868004,441.1246
t10i4d100k,training LODO,Pascal,0.005,155.71,157.40631104075115,995.6832,1126.771195708083,54.9236
t10i4d100k,training LODO,Pascal,0.01,165.66,155.293060908248,969.3234,1045.786613940875,40.6292
t10i4d100k,training LODO,Pascal,0.02,128.2,159.24254670281715,0.2401,992.1908346565496,32.0492
t10i4d100k,training LODO,Pascal,0.05,127.62,161.99026670834013,0.2427,995.3734246553589,32.0492
t10i4d100k,training LODO,Zart,0.001,1291.53,995.5737396087496,719.7062,1766.512248191319,800.5185
t10i4d100k,training LODO,Zart,0.002,1310.36,846.2112626520011,545.852,1398.934012925843,367.5665
t10i4d100k,training LODO,Zart,0.005,1314.66,576.1192220677173,550.0992,1213.4392813841769,90.7496
t10i4d100k,training LODO,Zart,0.01,1308.71,562.2715277030517,554.432,1127.4133843471275,87.3878
t10i4d100k,training LODO,Zart,0.02,153.7,454.85653364339316,0.2892,1139.9103470292703,87.3878
t10i4d100k,training LODO,Zart,0.05,153.11,415.21133601511366,0.2905,1165.0787418489133,87.3878
t10i4d100k,training LODO,TalkyG_Diffset,0.001,152.88,3189.6891567608886,0.3115,400.18790189914034,1.7948
t10i4d100k,training LODO,TalkyG_Diffset,0.002,152.97,2890.1952388173218,0.3139,379.7555912554896,1.7948
t10i4d100k,training LODO,TalkyG_Diffset,0.005,154.54,2869.814505511932,0.3134,354.91891975668005,1.7675
t10i4d100k,training LODO,TalkyG_Diffset,0.01,152.23,2765.6734009606125,0.3203,344.6569526682185,1.7675
t10i4d100k,training LODO,TalkyG_Diffset,0.02,153.06,2719.0216351170984,0.3076,338.4707950108772,1.5555
t10i4d100k,training LODO,TalkyG_Diffset,0.05,153.35,2711.841787592599,0.3172,331.98108764832307,1.4233
t10i4d100k,training LODO,Apriori_Gen_Borgelt,0.001,18.48,14.664684381290044,0.0611,7.02926801375569,0.1482
t10i4d100k,training LODO,Apriori_Gen_Borgelt,0.002,18.71,12.087368497540673,0.0635,7.0174017195096585,0.141
t10i4d100k,training LODO,Apriori_Gen_Borgelt,0.005,18.18,11.120491769450592,0.065,7.001163705115719,0.1082
t10i4d100k,training LODO,Apriori_Gen_Borgelt,0.01,18.68,11.093173930008918,0.0593,6.998462919981408,0.1027
t10i4d100k,training LODO,Apriori_Gen_Borgelt,0.02,9.69,11.07358757097722,0.0315,6.998056565814742,0.1027
t10i4d100k,training LODO,Apriori_Gen_Borgelt,0.05,9.84,10.523121417970648,0.0307,6.997845815814742,0.1027
t10i4d100k,training LODO,Apriori_Gen_Borgelt,0.2,10.0,9.02141370631484,0.0317,6.99845980659757,0.0685
t10i4d100k,training LODO,Apriori_Gen_Borgelt,0.3,9.87,8.539463777705565,0.0282,6.997082748264237,0.0685
t10i4d100k,training LODO,Apriori_Gen_Borgelt,0.5,9.65,6.825837762900085,0.027,5.954681160764237,0.0627
t10i4d100k,training LODO,Apriori_Gen_Borgelt,0.7,9.77,6.006307254178993,0.0271,3.518343794728882,0.0498
t10i4d100k,training LODO,Eclat_Gen_Borgelt,0.001,25.45,33.35783558468115,0.0746,1.0792366361597554,0.1071
t10i4d100k,training LODO,Eclat_Gen_Borgelt,0.002,25.47,29.289782547146718,0.0743,1.0682152117549935,0.1071
t10i4d100k,training LODO,Eclat_Gen_Borgelt,0.005,25.38,23.303656935602824,0.075,1.0573677736597553,0.1071
t10i4d100k,training LODO,Eclat_Gen_Borgelt,0.01,25.34,22.02269751404232,0.0739,1.0518361386489328,0.1039
t10i4d100k,training LODO,Eclat_Gen_Borgelt,0.02,9.99,21.876182180369117,0.0259,1.077897863648933,0.1039
t10i4d100k,training LODO,Eclat_Gen_Borgelt,0.05,10.02,21.89007522520135,0.0267,1.1392565604743297,0.1039
t10i4d100k,training LODO,Eclat_Gen_Borgelt,0.2,9.99,19.80149095158786,0.0288,1.1342614600775043,0.1039
t10i4d100k,training LODO,Eclat_Gen_Borgelt,0.3,9.94,17.5290580946919,0.0311,1.1339112870616312,0.1039
t10i4d100k,training LODO,Eclat_Gen_Borgelt,0.5,9.94,12.772722048934083,0.0278,0.7963719664267106,0.0919
t10i4d100k,training LODO,Eclat_Gen_Borgelt,0.7,10.13,11.394722586467424,0.0307,0.6176956013473455,0.0597
t10i4d100k,training LODO,FPgrowth_Gen_Borgelt,0.001,40.63,38.22238923171692,0.1084,0.799922111437174,0.1046
t10i4d100k,training LODO,FPgrowth_Gen_Borgelt,0.002,40.6,33.2832189144719,0.1091,0.7952795221514597,0.0983
t10i4d100k,training LODO,FPgrowth_Gen_Borgelt,0.005,40.83,26.164111225671295,0.1086,0.7835674156038406,0.0983
t10i4d100k,training LODO,FPgrowth_Gen_Borgelt,0.01,40.79,25.04847760569055,0.1104,0.7814114683816185,0.0846
t10i4d100k,training LODO,FPgrowth_Gen_Borgelt,0.02,10.02,24.74594896979084,0.0258,0.779828560048285,0.084
t10i4d100k,training LODO,FPgrowth_Gen_Borgelt,0.05,9.94,24.833248829449367,0.0263,0.8025740112387613,0.0825
t10i4d100k,training LODO,FPgrowth_Gen_Borgelt,0.2,10.0,21.338284520279025,0.0249,0.7961899785006661,0.0825
t10i4d100k,training LODO,FPgrowth_Gen_Borgelt,0.3,9.93,18.64790547305655,0.0264,0.7493498213578089,0.0825
t10i4d100k,training LODO,FPgrowth_Gen_Borgelt,0.5,9.89,13.881280817321276,0.025,0.7337674837579088,0.0825
t10i4d100k,training LODO,FPgrowth_Gen_Borgelt,0.7,9.95,11.493504852239818,0.0258,0.5550389921675547,0.0801
t10i4d100k,training LODO,Gr_growth,0.001,43.88,32.659467709263666,0.2094,0.9717498410957098,0.1445
t10i4d100k,training LODO,Gr_growth,0.002,44.07,29.890092203820387,0.2092,0.9574419666909479,0.1316
t10i4d100k,training LODO,Gr_growth,0.005,43.73,27.921332455085476,0.2096,0.9222434879807693,0.1029
t10i4d100k,training LODO,Gr_growth,0.01,43.89,27.101718443455336,0.2049,0.910647129647436,0.1011
t10i4d100k,training LODO,Gr_growth,0.02,4.06,26.72258665384044,0.0152,0.9086517993444057,0.1011
t10i4d100k,training LODO,Gr_growth,0.05,4.05,26.592769345028316,0.0141,0.942519282677739,0.1011
t10i4d100k,training LODO,Gr_growth,0.2,3.93,26.243537244888774,0.0145,0.9375644580565269,0.1011
t10i4d100k,training LODO,Gr_growth,0.3,4.05,25.378113477435576,0.0138,0.9355061400009713,0.0999
t10i4d100k,training LODO,Gr_growth,0.5,4.07,15.324596086116498,0.0128,0.5975463901993838,0.0688
t10i4d100k,training LODO,Gr_growth,0.7,4.08,12.82592337267299,0.0149,0.4716535388104951,0.0564
