dataset,set,sigma,algorithm,kind,true_mem,est_mem
accidents,training,0.3,Apriori_Gen_Borgelt,sampled,63.36,105.87465599999999
accidents,training,0.3,Eclat_Gen_Borgelt,sampled,119.01,193.926319
accidents,training,0.3,FPgrowth_Gen_Borgelt,sampled,101.22,178.42692500000004
accidents,training,0.3,Gr_growth,sampled,40.92,55.51010383598264
accidents,training,0.4,Apriori_Gen_Borgelt,sampled,61.95,79.100687
accidents,training,0.4,Eclat_Gen_Borgelt,sampled,110.16,139.80862499999998
accidents,training,0.4,FPgrowth_Gen_Borgelt,sampled,87.92,105.13953200000002
accidents,training,0.4,Gr_growth,sampled,31.11,38.014557741231485
accidents,training,0.5,Apriori_Gen_Borgelt,sampled,61.27,57.279036000000005
accidents,training,0.5,Eclat_Gen_Borgelt,sampled,82.89,109.714473
accidents,training,0.5,FPgrowth_Gen_Borgelt,sampled,73.08,89.07337100000001
accidents,training,0.5,Gr_growth,sampled,18.89,21.30772579137997
accidents,training,0.6,Apriori_Gen_Borgelt,sampled,61.43,61.44153700000001
accidents,training,0.6,Eclat_Gen_Borgelt,sampled,69.04,82.631541
accidents,training,0.6,FPgrowth_Gen_Borgelt,sampled,65.38,75.46781999999999
accidents,training,0.6,Gr_growth,sampled,15.3,15.74897228874013
accidents,training,0.7,Apriori_Gen_Borgelt,sampled,61.22,60.26086600000001
accidents,training,0.7,Eclat_Gen_Borgelt,sampled,61.64,61.611171
accidents,training,0.7,FPgrowth_Gen_Borgelt,sampled,61.46,62.191415000000006
accidents,training,0.7,Gr_growth,sampled,13.73,13.74
accidents,training,0.8,Apriori_Gen_Borgelt,sampled,61.28,58.27976799999999
accidents,training,0.8,Eclat_Gen_Borgelt,sampled,61.41,62.672269
accidents,training,0.8,FPgrowth_Gen_Borgelt,sampled,61.38,57.519158
accidents,training,0.8,Gr_growth,sampled,13.58,13.710060999999998
bms1,training,0.0001803630750645,Eclat_Gen_Borgelt,measured,234.53,235.28
bms1,training,0.0001803630750645,FPgrowth_Gen_Borgelt,measured,245.4,245.33
bms1,training,0.0001803630750645,Gr_growth,measured,132.79,132.54
bms1,training,0.0005662561659004,Apriori_Gen_Borgelt,measured,24.74,24.89
bms1,training,0.0005662561659004,Eclat_Gen_Borgelt,measured,25.1,25.45
bms1,training,0.0005662561659004,FPgrowth_Gen_Borgelt,measured,29.68,29.98
bms1,training,0.0005662561659004,Gr_growth,measured,21.1,21.34
bms1,training,0.0012709305056877,Apriori_Gen_Borgelt,measured,5.78,5.46
bms1,training,0.0012709305056877,Eclat_Gen_Borgelt,measured,9.06,8.68
bms1,training,0.0012709305056877,FPgrowth_Gen_Borgelt,measured,9.97,9.7
bms1,training,0.0012709305056877,Gr_growth,measured,16.26,15.98
bms1,training,0.0038547364182409,Apriori_Gen_Borgelt,measured,5.46,5.69
bms1,training,0.0038547364182409,Eclat_Gen_Borgelt,measured,7.0,7.09
bms1,training,0.0038547364182409,FPgrowth_Gen_Borgelt,measured,7.29,7.61
bms1,training,0.0038547364182409,Gr_growth,measured,15.61,15.62
bms1,training,0.009894802187846,Apriori_Gen_Borgelt,measured,5.62,5.62
bms1,training,0.009894802187846,Eclat_Gen_Borgelt,measured,6.32,6.38
bms1,training,0.009894802187846,FPgrowth_Gen_Borgelt,measured,6.37,6.35
bms1,training,0.009894802187846,Gr_growth,measured,14.54,14.7
bms2,training,0.0001515894313138,Apriori_Gen_Borgelt,measured,57.46,57.93
bms2,training,0.0001515894313138,Eclat_Gen_Borgelt,measured,58.48,59.07
bms2,training,0.0001515894313138,FPgrowth_Gen_Borgelt,measured,70.45,70.69
bms2,training,0.0001515894313138,Gr_growth,measured,42.28,42.4
bms2,training,0.0004354164516461,Apriori_Gen_Borgelt,measured,20.54,20.25
bms2,training,0.0004354164516461,Eclat_Gen_Borgelt,measured,27.68,27.92
bms2,training,0.0004354164516461,FPgrowth_Gen_Borgelt,measured,33.12,32.98
bms2,training,0.0004354164516461,Gr_growth,measured,26.77,26.74
bms2,training,0.0012094901434616,Apriori_Gen_Borgelt,measured,10.25,10.3
bms2,training,0.0012094901434616,Eclat_Gen_Borgelt,measured,18.57,18.89
bms2,training,0.0012094901434616,FPgrowth_Gen_Borgelt,measured,20.92,21.05
bms2,training,0.0012094901434616,Gr_growth,measured,21.7,21.5
bms2,training,0.0052862782536897,Apriori_Gen_Borgelt,measured,7.28,7.23
bms2,training,0.0052862782536897,Eclat_Gen_Borgelt,measured,9.09,8.81
bms2,training,0.0052862782536897,FPgrowth_Gen_Borgelt,measured,9.28,9.18
bms2,training,0.0052862782536897,Gr_growth,measured,16.79,16.97
bms2,training,0.0123819537619981,Apriori_Gen_Borgelt,measured,7.46,7.19
bms2,training,0.0123819537619981,Eclat_Gen_Borgelt,measured,7.83,8.07
bms2,training,0.0123819537619981,FPgrowth_Gen_Borgelt,measured,7.95,7.89
bms2,training,0.0123819537619981,Gr_growth,measured,15.68,15.56
c20d10k,training,0.001275,Apriori_Gen_Borgelt,measured,21.29,21.36
c20d10k,training,0.001275,Eclat_Gen_Borgelt,measured,39.88,40.18
c20d10k,training,0.001275,FPgrowth_Gen_Borgelt,measured,42.9,43.01
c20d10k,training,0.001275,Gr_growth,measured,27.5,27.82
c20d10k,training,0.034375,Apriori_Gen_Borgelt,measured,5.03,4.88
c20d10k,training,0.034375,Eclat_Gen_Borgelt,measured,15.01,14.93
c20d10k,training,0.034375,FPgrowth_Gen_Borgelt,measured,15.33,15.36
c20d10k,training,0.034375,Gr_growth,measured,15.32,15.32
c20d10k,training,0.337575,Apriori_Gen_Borgelt,measured,4.13,4.12
c20d10k,training,0.337575,Eclat_Gen_Borgelt,measured,5.07,5.02
c20d10k,training,0.337575,FPgrowth_Gen_Borgelt,measured,5.22,5.22
c20d10k,training,0.337575,Gr_growth,measured,13.73,13.63
c20d10k,training,0.946075,Apriori_Gen_Borgelt,measured,4.14,4.06
c20d10k,training,0.946075,Eclat_Gen_Borgelt,measured,4.29,4.23
c20d10k,training,0.946075,FPgrowth_Gen_Borgelt,measured,4.43,4.27
c20d10k,training,0.946075,Gr_growth,measured,13.75,13.61
c73d10k,training,0.446675,Apriori_Gen_Borgelt,measured,62.72,62.82
c73d10k,training,0.446675,Eclat_Gen_Borgelt,measured,171.44,171.9
c73d10k,training,0.446675,FPgrowth_Gen_Borgelt,measured,173.3,173.54
c73d10k,training,0.446675,Gr_growth,measured,98.6,98.91
c73d10k,training,0.919975,Apriori_Gen_Borgelt,measured,5.96,6.13
c73d10k,training,0.919975,Eclat_Gen_Borgelt,measured,7.05,7.05
c73d10k,training,0.919975,FPgrowth_Gen_Borgelt,measured,7.12,7.02
c73d10k,training,0.919975,Gr_growth,measured,13.6,13.6
c73d10k,training,0.979375,Apriori_Gen_Borgelt,measured,6.17,6.17
c73d10k,training,0.979375,Eclat_Gen_Borgelt,measured,6.14,6.28
c73d10k,training,0.979375,FPgrowth_Gen_Borgelt,measured,6.41,6.46
c73d10k,training,0.979375,Gr_growth,measured,13.59,13.6
chess,training,0.2,Eclat_Gen_Borgelt,measured,2220.04,2219.82
chess,training,0.2,FPgrowth_Gen_Borgelt,measured,2222.71,2223.68
chess,training,0.2,Gr_growth,measured,1208.89,1208.91
chess,training,0.3,Apriori_Gen_Borgelt,measured,187.9,188.0
chess,training,0.3,Eclat_Gen_Borgelt,measured,507.63,507.38
chess,training,0.3,FPgrowth_Gen_Borgelt,measured,510.39,509.92
chess,training,0.3,Gr_growth,measured,285.14,285.47
chess,training,0.4,Apriori_Gen_Borgelt,measured,48.58,48.96
chess,training,0.4,Eclat_Gen_Borgelt,measured,134.43,133.87
chess,training,0.4,FPgrowth_Gen_Borgelt,measured,135.39,135.57
chess,training,0.4,Gr_growth,measured,79.81,80.32
chess,training,0.5,Apriori_Gen_Borgelt,measured,14.91,15.36
chess,training,0.5,Eclat_Gen_Borgelt,measured,42.21,42.21
chess,training,0.5,FPgrowth_Gen_Borgelt,measured,42.25,42.43
chess,training,0.5,Gr_growth,measured,28.72,28.6
chess,training,0.6,Apriori_Gen_Borgelt,measured,6.29,6.28
chess,training,0.6,Eclat_Gen_Borgelt,measured,19.68,19.9
chess,training,0.6,FPgrowth_Gen_Borgelt,measured,19.91,19.77
chess,training,0.6,Gr_growth,measured,17.68,17.82
chess,training,0.7,Apriori_Gen_Borgelt,measured,3.62,3.65
chess,training,0.7,Eclat_Gen_Borgelt,measured,12.99,12.85
chess,training,0.7,FPgrowth_Gen_Borgelt,measured,13.04,13.3
chess,training,0.7,Gr_growth,measured,14.5,14.54
chess,training,0.8,Apriori_Gen_Borgelt,measured,3.47,3.37
chess,training,0.8,Eclat_Gen_Borgelt,measured,8.62,8.4
chess,training,0.8,FPgrowth_Gen_Borgelt,measured,8.68,8.51
chess,training,0.8,Gr_growth,measured,13.9,13.78
chess,training,0.9,Apriori_Gen_Borgelt,measured,3.48,3.5
chess,training,0.9,Eclat_Gen_Borgelt,measured,4.28,4.08
chess,training,0.9,FPgrowth_Gen_Borgelt,measured,4.07,4.39
chess,training,0.9,Gr_growth,measured,13.59,13.6
chicago,training,9.29644154754388e-06,Apriori_Gen_Borgelt,measured,132.49,132.81
chicago,training,9.29644154754388e-06,Eclat_Gen_Borgelt,measured,135.05,135.05
chicago,training,9.29644154754388e-06,FPgrowth_Gen_Borgelt,measured,134.06,134.22
chicago,training,9.29644154754388e-06,Gr_growth,measured,15.3,15.32
chicago,training,0.0014940977925552,Apriori_Gen_Borgelt,sampled,132.84,120.89232895129969
chicago,training,0.0014940977925552,Eclat_Gen_Borgelt,sampled,132.85,136.17666828503135
chicago,training,0.0014940977925552,FPgrowth_Gen_Borgelt,sampled,132.33,121.85042538093813
chicago,training,0.0014940977925552,Gr_growth,sampled,14.53,19.317639303854193
chicago,training,0.0313061894768789,Apriori_Gen_Borgelt,sampled,132.53,100.69133000000002
chicago,training,0.0313061894768789,Eclat_Gen_Borgelt,sampled,132.82,118.59338999999997
chicago,training,0.0313061894768789,FPgrowth_Gen_Borgelt,sampled,132.81,117.56928699999997
chicago,training,0.0313061894768789,Gr_growth,sampled,13.75,20.506860942112795
connect,training,0.2,Eclat_Gen_Borgelt,measured,158.61,158.96
connect,training,0.2,FPgrowth_Gen_Borgelt,measured,147.07,147.12
connect,training,0.2,Gr_growth,measured,83.43,83.75
connect,training,0.3,Apriori_Gen_Borgelt,measured,27.08,27.07
connect,training,0.3,Eclat_Gen_Borgelt,measured,56.72,57.02
connect,training,0.3,FPgrowth_Gen_Borgelt,measured,52.06,52.41
connect,training,0.3,Gr_growth,measured,31.86,31.94
connect,training,0.4,Apriori_Gen_Borgelt,measured,17.37,17.25
connect,training,0.4,Eclat_Gen_Borgelt,measured,34.26,34.16
connect,training,0.4,FPgrowth_Gen_Borgelt,measured,32.41,32.56
connect,training,0.4,Gr_growth,measured,22.62,22.82
connect,training,0.5,Apriori_Gen_Borgelt,measured,16.42,17.02
connect,training,0.5,Eclat_Gen_Borgelt,measured,25.3,25.59
connect,training,0.5,FPgrowth_Gen_Borgelt,measured,25.45,25.48
connect,training,0.5,Gr_growth,measured,18.42,18.6
connect,training,0.6,Apriori_Gen_Borgelt,measured,16.85,16.86
connect,training,0.6,Eclat_Gen_Borgelt,measured,24.83,24.99
connect,training,0.6,FPgrowth_Gen_Borgelt,measured,25.29,25.34
connect,training,0.6,Gr_growth,measured,16.09,16.08
connect,training,0.7,Apriori_Gen_Borgelt,measured,16.86,16.84
connect,training,0.7,Eclat_Gen_Borgelt,measured,24.62,24.83
connect,training,0.7,FPgrowth_Gen_Borgelt,measured,25.1,24.92
connect,training,0.7,Gr_growth,measured,14.83,14.85
connect,training,0.8,Apriori_Gen_Borgelt,measured,16.83,16.88
connect,training,0.8,Eclat_Gen_Borgelt,measured,24.71,24.49
connect,training,0.8,FPgrowth_Gen_Borgelt,measured,24.67,24.59
connect,training,0.8,Gr_growth,measured,14.2,14.22
connect,training,0.9,Apriori_Gen_Borgelt,measured,16.91,16.84
connect,training,0.9,Eclat_Gen_Borgelt,measured,21.07,20.75
connect,training,0.9,FPgrowth_Gen_Borgelt,measured,20.9,21.03
connect,training,0.9,Gr_growth,measured,13.74,13.75
kddcup99,training,2.775e-05,Apriori_Gen_Borgelt,measured,113.26,113.05
kddcup99,training,2.775e-05,Eclat_Gen_Borgelt,measured,112.89,112.84
kddcup99,training,2.775e-05,FPgrowth_Gen_Borgelt,measured,113.39,113.45
kddcup99,training,2.775e-05,Gr_growth,measured,16.73,16.73
kddcup99,training,0.00029375,Apriori_Gen_Borgelt,measured,113.03,113.17
kddcup99,training,0.00029375,Eclat_Gen_Borgelt,measured,113.06,113.36
kddcup99,training,0.00029375,FPgrowth_Gen_Borgelt,measured,113.27,113.29
kddcup99,training,0.00029375,Gr_growth,measured,16.14,16.25
kddcup99,training,0.45114675,Apriori_Gen_Borgelt,sampled,109.21,96.03
kddcup99,training,0.45114675,Eclat_Gen_Borgelt,sampled,109.32,113.98000000000002
kddcup99,training,0.45114675,FPgrowth_Gen_Borgelt,sampled,109.38,116.34
kddcup99,training,0.45114675,Gr_growth,sampled,13.64,13.75
kddcup99,training,0.76716775,Apriori_Gen_Borgelt,sampled,109.04,94.71999999999998
kddcup99,training,0.76716775,Eclat_Gen_Borgelt,sampled,109.38,102.27
kddcup99,training,0.76716775,FPgrowth_Gen_Borgelt,sampled,109.52,104.39999999999999
kddcup99,training,0.76716775,Gr_growth,sampled,13.6,13.59
kosarak,training,0.0013246977425311,Apriori_Gen_Borgelt,sampled,93.03,105.6184187751137
kosarak,training,0.0013246977425311,Eclat_Gen_Borgelt,sampled,154.16,175.4196142976995
kosarak,training,0.0013246977425311,FPgrowth_Gen_Borgelt,sampled,212.75,255.5534876584095
kosarak,training,0.0013246977425311,Gr_growth,sampled,120.23,123.91968837606072
kosarak,training,0.0032752349487756,Apriori_Gen_Borgelt,sampled,81.42,103.81746234446626
kosarak,training,0.0032752349487756,Eclat_Gen_Borgelt,sampled,124.94,168.97588654223972
kosarak,training,0.0032752349487756,FPgrowth_Gen_Borgelt,sampled,135.61,181.18891972276796
kosarak,training,0.0032752349487756,Gr_growth,sampled,63.79,53.29516052620946
kosarak,training,0.0126772285392901,Apriori_Gen_Borgelt,sampled,80.88,101.09113866666665
kosarak,training,0.0126772285392901,Eclat_Gen_Borgelt,sampled,94.79,115.47373266666666
kosarak,training,0.0126772285392901,FPgrowth_Gen_Borgelt,sampled,89.23,118.05565533333336
kosarak,training,0.0126772285392901,Gr_growth,sampled,21.45,19.209917610833845
kosarak,training,0.0600247505990574,Apriori_Gen_Borgelt,sampled,80.5,95.86729333333334
kosarak,training,0.0600247505990574,Eclat_Gen_Borgelt,sampled,80.63,98.09623533333334
kosarak,training,0.0600247505990574,FPgrowth_Gen_Borgelt,sampled,80.34,109.00690666666667
kosarak,training,0.0600247505990574,Gr_growth,sampled,13.8,19.023845333333337
mushroom,training,0.05,Apriori_Gen_Borgelt,measured,5.95,6.48
mushroom,training,0.05,Eclat_Gen_Borgelt,measured,15.5,15.32
mushroom,training,0.05,FPgrowth_Gen_Borgelt,measured,14.95,15.04
mushroom,training,0.05,Gr_growth,measured,15.32,14.99
mushroom,training,0.1,Apriori_Gen_Borgelt,measured,4.95,4.96
mushroom,training,0.1,Eclat_Gen_Borgelt,measured,11.43,11.23
mushroom,training,0.1,FPgrowth_Gen_Borgelt,measured,10.66,10.63
mushroom,training,0.1,Gr_growth,measured,14.52,14.22
mushroom,training,0.15,Apriori_Gen_Borgelt,measured,3.95,4.14
mushroom,training,0.15,Eclat_Gen_Borgelt,measured,7.88,7.9
mushroom,training,0.15,FPgrowth_Gen_Borgelt,measured,7.55,7.48
mushroom,training,0.15,Gr_growth,measured,14.05,14.07
mushroom,training,0.2,Apriori_Gen_Borgelt,measured,3.96,3.96
mushroom,training,0.2,Eclat_Gen_Borgelt,measured,6.52,6.27
mushroom,training,0.2,FPgrowth_Gen_Borgelt,measured,6.26,6.09
mushroom,training,0.2,Gr_growth,measured,13.93,13.91
mushroom,training,0.3,Apriori_Gen_Borgelt,measured,3.94,3.97
mushroom,training,0.3,Eclat_Gen_Borgelt,measured,4.71,4.71
mushroom,training,0.3,FPgrowth_Gen_Borgelt,measured,4.6,4.74
mushroom,training,0.3,Gr_growth,measured,13.73,13.81
mushroom,training,0.4,Apriori_Gen_Borgelt,measured,3.99,3.92
mushroom,training,0.4,Eclat_Gen_Borgelt,measured,4.25,3.94
mushroom,training,0.4,FPgrowth_Gen_Borgelt,measured,4.45,4.38
mushroom,training,0.4,Gr_growth,measured,13.73,13.6
mushroom,training,0.5,Apriori_Gen_Borgelt,measured,3.97,3.97
mushroom,training,0.5,Eclat_Gen_Borgelt,measured,4.24,4.3
mushroom,training,0.5,FPgrowth_Gen_Borgelt,measured,4.09,4.02
mushroom,training,0.5,Gr_growth,measured,13.64,13.58
mushroom,training,0.6,Apriori_Gen_Borgelt,measured,4.05,3.98
mushroom,training,0.6,Eclat_Gen_Borgelt,measured,4.09,4.07
mushroom,training,0.6,FPgrowth_Gen_Borgelt,measured,4.06,3.95
mushroom,training,0.6,Gr_growth,measured,13.73,13.6
mushroom,training,0.7,Apriori_Gen_Borgelt,measured,3.95,3.62
mushroom,training,0.7,Eclat_Gen_Borgelt,measured,4.08,4.09
mushroom,training,0.7,FPgrowth_Gen_Borgelt,measured,3.96,3.95
mushroom,training,0.7,Gr_growth,measured,13.59,13.45
onlineretail,training,4.024386859220471e-05,Apriori_Gen_Borgelt,measured,35.67,35.71
onlineretail,training,4.024386859220471e-05,Eclat_Gen_Borgelt,measured,37.47,37.52
onlineretail,training,4.024386859220471e-05,FPgrowth_Gen_Borgelt,measured,38.25,37.88
onlineretail,training,4.024386859220471e-05,Gr_growth,measured,14.38,14.39
onlineretail,training,0.0004010509663154,Apriori_Gen_Borgelt,measured,35.75,35.73
onlineretail,training,0.0004010509663154,Eclat_Gen_Borgelt,measured,35.91,35.95
onlineretail,training,0.0004010509663154,FPgrowth_Gen_Borgelt,measured,35.78,35.97
onlineretail,training,0.0004010509663154,Gr_growth,measured,13.91,14.22
onlineretail,training,0.0015334301653236,Apriori_Gen_Borgelt,sampled,35.82,34.53780767658183
onlineretail,training,0.0015334301653236,Eclat_Gen_Borgelt,sampled,35.78,33.84331250638864
onlineretail,training,0.0015334301653236,FPgrowth_Gen_Borgelt,sampled,35.63,33.007481856281316
onlineretail,training,0.0015334301653236,Gr_growth,sampled,13.91,13.74
onlineretail,training,0.0058890194373259,Apriori_Gen_Borgelt,sampled,35.62,33.535934999999995
onlineretail,training,0.0058890194373259,Eclat_Gen_Borgelt,sampled,35.94,31.68366000000001
onlineretail,training,0.0058890194373259,FPgrowth_Gen_Borgelt,sampled,35.62,33.498661666666656
onlineretail,training,0.0058890194373259,Gr_growth,sampled,13.75,13.64
onlineretail,training,0.017636528480632,Apriori_Gen_Borgelt,sampled,35.79,32.40138833333333
onlineretail,training,0.017636528480632,Eclat_Gen_Borgelt,sampled,35.79,25.922291666666673
onlineretail,training,0.017636528480632,FPgrowth_Gen_Borgelt,sampled,35.91,27.320019999999996
onlineretail,training,0.017636528480632,Gr_growth,sampled,13.6,15.626706250000005
pamap,training,0.04525675,Eclat_Gen_Borgelt,sampled,1946.2,15571.390000000001
pamap,training,0.04525675,FPgrowth_Gen_Borgelt,sampled,1960.66,15670.870000000003
pamap,training,0.04525675,Gr_growth,sampled,1033.28,1765.48247010207
pamap,training,0.63655675,Apriori_Gen_Borgelt,sampled,139.55,137.42000000000002
pamap,training,0.63655675,Eclat_Gen_Borgelt,sampled,139.68,128.58999999999997
pamap,training,0.63655675,FPgrowth_Gen_Borgelt,sampled,139.71,131.74
pamap,training,0.63655675,Gr_growth,sampled,14.06,19.539999999999992
pamap,training,0.87309175,Apriori_Gen_Borgelt,sampled,139.36,127.02000000000004
pamap,training,0.87309175,Eclat_Gen_Borgelt,sampled,139.21,120.9
pamap,training,0.87309175,FPgrowth_Gen_Borgelt,sampled,139.36,130.50999999999996
pamap,training,0.87309175,Gr_growth,sampled,13.6,13.919999999999993
pumsb,training,0.6,Apriori_Gen_Borgelt,measured,91.78,92.27
pumsb,training,0.6,Eclat_Gen_Borgelt,measured,284.51,284.62
pumsb,training,0.6,FPgrowth_Gen_Borgelt,measured,285.98,285.92
pumsb,training,0.6,Gr_growth,measured,144.86,144.88
pumsb,training,0.7,Apriori_Gen_Borgelt,measured,24.05,24.16
pumsb,training,0.7,Eclat_Gen_Borgelt,measured,68.21,68.3
pumsb,training,0.7,FPgrowth_Gen_Borgelt,measured,68.51,68.56
pumsb,training,0.7,Gr_growth,measured,41.08,41.25
pumsb,training,0.75,Apriori_Gen_Borgelt,measured,18.57,18.46
pumsb,training,0.75,Eclat_Gen_Borgelt,measured,31.85,31.98
pumsb,training,0.75,FPgrowth_Gen_Borgelt,measured,32.53,32.28
pumsb,training,0.75,Gr_growth,measured,23.58,23.75
pumsb,training,0.8,Apriori_Gen_Borgelt,measured,18.27,18.47
pumsb,training,0.8,Eclat_Gen_Borgelt,measured,26.45,26.38
pumsb,training,0.8,FPgrowth_Gen_Borgelt,measured,26.45,26.95
pumsb,training,0.8,Gr_growth,measured,16.23,16.57
pumsb,training,0.85,Apriori_Gen_Borgelt,measured,18.36,18.49
pumsb,training,0.85,Eclat_Gen_Borgelt,measured,25.57,25.65
pumsb,training,0.85,FPgrowth_Gen_Borgelt,measured,25.55,25.7
pumsb,training,0.85,Gr_growth,measured,14.08,14.07
pumsb,training,0.9,Apriori_Gen_Borgelt,measured,18.2,18.36
pumsb,training,0.9,Eclat_Gen_Borgelt,measured,20.71,20.96
pumsb,training,0.9,FPgrowth_Gen_Borgelt,measured,21.0,20.99
pumsb,training,0.9,Gr_growth,measured,13.43,13.75
pumsb,training,0.95,Apriori_Gen_Borgelt,measured,18.27,18.38
pumsb,training,0.95,Eclat_Gen_Borgelt,measured,18.43,18.76
pumsb,training,0.95,FPgrowth_Gen_Borgelt,measured,18.61,18.71
pumsb,training,0.95,Gr_growth,measured,13.73,13.62
recordlink,training,0.0001021893747401,Apriori_Gen_Borgelt,measured,50.01,50.41
recordlink,training,0.0001021893747401,Eclat_Gen_Borgelt,measured,56.87,57.1
recordlink,training,0.0001021893747401,FPgrowth_Gen_Borgelt,measured,57.17,57.04
recordlink,training,0.0001021893747401,Gr_growth,measured,13.92,14.07
recordlink,training,0.0439401265930671,Apriori_Gen_Borgelt,sampled,50.21,54.44216999999999
recordlink,training,0.0439401265930671,Eclat_Gen_Borgelt,sampled,53.15,57.56199599999999
recordlink,training,0.0439401265930671,FPgrowth_Gen_Borgelt,sampled,53.15,62.169604333333325
recordlink,training,0.0439401265930671,Gr_growth,sampled,13.75,13.75
recordlink,training,0.7772354251860716,Apriori_Gen_Borgelt,sampled,46.44,39.97273633333333
recordlink,training,0.7772354251860716,Eclat_Gen_Borgelt,sampled,46.51,38.23969300000001
recordlink,training,0.7772354251860716,FPgrowth_Gen_Borgelt,sampled,46.54,41.81577966666667
recordlink,training,0.7772354251860716,Gr_growth,sampled,13.63,13.56
retail,training,0.0005,Apriori_Gen_Borgelt,measured,46.88,46.9
retail,training,0.0005,Eclat_Gen_Borgelt,measured,31.95,31.98
retail,training,0.0005,FPgrowth_Gen_Borgelt,measured,41.54,41.37
retail,training,0.0005,Gr_growth,measured,34.98,35.16
retail,training,0.001,Apriori_Gen_Borgelt,measured,24.06,24.13
retail,training,0.001,Eclat_Gen_Borgelt,measured,27.72,27.8
retail,training,0.001,FPgrowth_Gen_Borgelt,measured,34.3,34.48
retail,training,0.001,Gr_growth,measured,30.61,30.47
retail,training,0.002,Apriori_Gen_Borgelt,measured,15.79,15.68
retail,training,0.002,Eclat_Gen_Borgelt,measured,22.73,22.4
retail,training,0.002,FPgrowth_Gen_Borgelt,measured,25.18,25.46
retail,training,0.002,Gr_growth,measured,24.98,25.04
retail,training,0.005,Apriori_Gen_Borgelt,sampled,11.66,12.450416
retail,training,0.005,Eclat_Gen_Borgelt,sampled,17.43,17.622192
retail,training,0.005,FPgrowth_Gen_Borgelt,sampled,16.54,16.363438000000002
retail,training,0.005,Gr_growth,sampled,17.8,17.500769630067147
retail,training,0.01,Apriori_Gen_Borgelt,sampled,11.57,11.62458
retail,training,0.01,Eclat_Gen_Borgelt,sampled,13.83,14.974196000000001
retail,training,0.01,FPgrowth_Gen_Borgelt,sampled,13.28,13.960468000000002
retail,training,0.01,Gr_growth,sampled,14.99,15.081133445236206
retail,training,0.02,Apriori_Gen_Borgelt,sampled,11.83,11.939336
retail,training,0.02,Eclat_Gen_Borgelt,sampled,12.06,12.634362
retail,training,0.02,FPgrowth_Gen_Borgelt,sampled,12.21,12.060634
retail,training,0.02,Gr_growth,sampled,13.88,13.834215999999998
retail,training,0.2,Apriori_Gen_Borgelt,sampled,11.49,10.899014000000001
retail,training,0.2,Eclat_Gen_Borgelt,sampled,11.58,11.002690000000001
retail,training,0.2,FPgrowth_Gen_Borgelt,sampled,11.75,10.543718
retail,training,0.2,Gr_growth,sampled,13.73,13.776054
retail,training,0.3,Apriori_Gen_Borgelt,sampled,11.42,11.436148
retail,training,0.3,Eclat_Gen_Borgelt,sampled,11.42,10.81242
retail,training,0.3,FPgrowth_Gen_Borgelt,sampled,11.45,11.666418
retail,training,0.3,Gr_growth,sampled,13.72,13.75
retail,training,0.5,Apriori_Gen_Borgelt,sampled,11.59,11.210093999999998
retail,training,0.5,Eclat_Gen_Borgelt,sampled,11.56,11.2235
retail,training,0.5,FPgrowth_Gen_Borgelt,sampled,11.43,12.027498000000001
retail,training,0.5,Gr_growth,sampled,4.24,4.328162000000001
retail,training,0.7,Apriori_Gen_Borgelt,sampled,10.8,11.202472
retail,training,0.7,Eclat_Gen_Borgelt,sampled,10.94,11.372472000000002
retail,training,0.7,FPgrowth_Gen_Borgelt,sampled,10.89,10.400582
retail,training,0.7,Gr_growth,sampled,4.25,4.464756000000001
t10i4d100k,training,0.001,Apriori_Gen_Borgelt,measured,18.48,18.48
t10i4d100k,training,0.001,Eclat_Gen_Borgelt,measured,25.45,25.44
t10i4d100k,training,0.001,FPgrowth_Gen_Borgelt,measured,40.63,40.64
t10i4d100k,training,0.001,Gr_growth,measured,43.88,43.91
t10i4d100k,training,0.002,Apriori_Gen_Borgelt,measured,18.71,18.48
t10i4d100k,training,0.002,Eclat_Gen_Borgelt,measured,25.47,25.28
t10i4d100k,training,0.002,FPgrowth_Gen_Borgelt,measured,40.6,40.62
t10i4d100k,training,0.002,Gr_growth,measured,44.07,44.07
t10i4d100k,training,0.005,Apriori_Gen_Borgelt,sampled,18.18,17.57
t10i4d100k,training,0.005,Eclat_Gen_Borgelt,sampled,25.38,23.98
t10i4d100k,training,0.005,FPgrowth_Gen_Borgelt,sampled,40.83,41.79
t10i4d100k,training,0.005,Gr_growth,sampled,43.73,44.10101089477539
t10i4d100k,training,0.01,Apriori_Gen_Borgelt,sampled,18.68,19.33
t10i4d100k,training,0.01,Eclat_Gen_Borgelt,sampled,25.34,24.660000000000004
t10i4d100k,training,0.01,FPgrowth_Gen_Borgelt,sampled,40.79,42.480000000000004
t10i4d100k,training,0.01,Gr_growth,sampled,43.89,44.12601089477539
t10i4d100k,training,0.02,Apriori_Gen_Borgelt,sampled,9.69,9.59
t10i4d100k,training,0.02,Eclat_Gen_Borgelt,sampled,9.99,10.149999999999999
t10i4d100k,training,0.02,FPgrowth_Gen_Borgelt,sampled,10.02,10.54
t10i4d100k,training,0.02,Gr_growth,sampled,4.06,4.67
t10i4d100k,training,0.05,Apriori_Gen_Borgelt,sampled,9.84,10.0
t10i4d100k,training,0.05,Eclat_Gen_Borgelt,sampled,10.02,9.049999999999999
t10i4d100k,training,0.05,FPgrowth_Gen_Borgelt,sampled,9.94,10.71
t10i4d100k,training,0.05,Gr_growth,sampled,4.05,4.07
t10i4d100k,training,0.2,Apriori_Gen_Borgelt,sampled,10.0,9.520000000000001
t10i4d100k,training,0.2,Eclat_Gen_Borgelt,sampled,9.99,10.17
t10i4d100k,training,0.2,FPgrowth_Gen_Borgelt,sampled,10.0,10.420000000000002
t10i4d100k,training,0.2,Gr_growth,sampled,3.93,4.3100000000000005
t10i4d100k,training,0.3,Apriori_Gen_Borgelt,sampled,9.87,9.48
t10i4d100k,training,0.3,Eclat_Gen_Borgelt,sampled,9.94,10.23
t10i4d100k,training,0.3,FPgrowth_Gen_Borgelt,sampled,9.93,10.06
t10i4d100k,training,0.3,Gr_growth,sampled,4.05,3.78
t10i4d100k,training,0.5,Apriori_Gen_Borgelt,sampled,9.65,10.260000000000002
t10i4d100k,training,0.5,Eclat_Gen_Borgelt,sampled,9.94,9.69
t10i4d100k,training,0.5,FPgrowth_Gen_Borgelt,sampled,9.89,9.64
t10i4d100k,training,0.5,Gr_growth,sampled,4.07,4.06
t10i4d100k,training,0.7,Apriori_Gen_Borgelt,sampled,9.77,9.09
t10i4d100k,training,0.7,Eclat_Gen_Borgelt,sampled,10.13,10.419999999999998
t10i4d100k,training,0.7,FPgrowth_Gen_Borgelt,sampled,9.95,10.260000000000002
t10i4d100k,training,0.7,Gr_growth,sampled,4.08,4.001620792309751
chainstore_fim,confirm,9.951039984761208e-05,Apriori_Gen_Borgelt,measured,410.77,410.83
chainstore_fim,confirm,9.951039984761208e-05,Eclat_Gen_Borgelt,measured,200.97,201.01
chainstore_fim,confirm,9.951039984761208e-05,FPgrowth_Gen_Borgelt,measured,339.42,339.37
chainstore_fim,confirm,9.951039984761208e-05,Gr_growth,measured,224.88,224.86
chainstore_fim,confirm,0.0002244038136518,Apriori_Gen_Borgelt,measured,197.46,197.64
chainstore_fim,confirm,0.0002244038136518,Eclat_Gen_Borgelt,measured,183.76,183.69
chainstore_fim,confirm,0.0002244038136518,FPgrowth_Gen_Borgelt,measured,266.93,267.23
chainstore_fim,confirm,0.0002244038136518,Gr_growth,measured,189.94,190.05
chainstore_fim,confirm,0.0005370866050465,Apriori_Gen_Borgelt,sampled,113.2,118.36382158905776
chainstore_fim,confirm,0.0005370866050465,Eclat_Gen_Borgelt,sampled,151.75,162.16363365379453
chainstore_fim,confirm,0.0005370866050465,FPgrowth_Gen_Borgelt,sampled,198.49,203.84000792201516
chainstore_fim,confirm,0.0005370866050465,Gr_growth,sampled,133.04,129.69304060275053
chainstore_fim,confirm,0.0015038874198188,Apriori_Gen_Borgelt,sampled,85.73,91.5753230576441
chainstore_fim,confirm,0.0015038874198188,Eclat_Gen_Borgelt,sampled,123.07,140.29220902255642
chainstore_fim,confirm,0.0015038874198188,FPgrowth_Gen_Borgelt,sampled,132.23,147.47663909774437
chainstore_fim,confirm,0.0015038874198188,Gr_growth,sampled,67.46,62.066333960689924
chainstore_fim,confirm,0.0033943603884814,Apriori_Gen_Borgelt,sampled,85.84,101.42613759755686
chainstore_fim,confirm,0.0033943603884814,Eclat_Gen_Borgelt,sampled,103.39,126.90646448365568
chainstore_fim,confirm,0.0033943603884814,FPgrowth_Gen_Borgelt,sampled,102.81,132.53128803302792
chainstore_fim,confirm,0.0033943603884814,Gr_growth,sampled,38.36,33.284497097312745
fruithut,confirm,6.457108314557345e-05,Apriori_Gen_Borgelt,measured,29.27,29.31
fruithut,confirm,6.457108314557345e-05,Eclat_Gen_Borgelt,measured,41.22,41.14
fruithut,confirm,6.457108314557345e-05,FPgrowth_Gen_Borgelt,measured,66.5,66.49
fruithut,confirm,6.457108314557345e-05,Gr_growth,measured,30.46,30.47
fruithut,confirm,0.0003503324723855,Apriori_Gen_Borgelt,measured,16.59,16.75
fruithut,confirm,0.0003503324723855,Eclat_Gen_Borgelt,measured,29.02,29.19
fruithut,confirm,0.0003503324723855,FPgrowth_Gen_Borgelt,measured,43.24,43.17
fruithut,confirm,0.0003503324723855,Gr_growth,measured,24.69,24.69
fruithut,confirm,0.0015428367313293,Apriori_Gen_Borgelt,measured,14.32,14.42
fruithut,confirm,0.0015428367313293,Eclat_Gen_Borgelt,measured,22.88,22.88
fruithut,confirm,0.0015428367313293,FPgrowth_Gen_Borgelt,measured,25.11,25.21
fruithut,confirm,0.0015428367313293,Gr_growth,measured,23.18,23.13
fruithut,confirm,0.0058402483925921,Apriori_Gen_Borgelt,sampled,12.86,11.919913333333334
fruithut,confirm,0.0058402483925921,Eclat_Gen_Borgelt,sampled,19.69,18.835480000000004
fruithut,confirm,0.0058402483925921,FPgrowth_Gen_Borgelt,sampled,19.75,20.71912
fruithut,confirm,0.0058402483925921,Gr_growth,sampled,20.79,22.295827778854367
fruithut,confirm,0.0140888608012309,Apriori_Gen_Borgelt,sampled,12.86,11.639913333333332
fruithut,confirm,0.0140888608012309,Eclat_Gen_Borgelt,sampled,17.54,18.798713333333335
fruithut,confirm,0.0140888608012309,FPgrowth_Gen_Borgelt,sampled,16.52,18.228863333333333
fruithut,confirm,0.0140888608012309,Gr_growth,sampled,17.5,17.31087258435644
instacart,confirm,0.0002267374951413,Apriori_Gen_Borgelt,measured,118.42,118.42
instacart,confirm,0.0002267374951413,Eclat_Gen_Borgelt,measured,43.73,43.86
instacart,confirm,0.0002267374951413,FPgrowth_Gen_Borgelt,measured,84.72,84.98
instacart,confirm,0.0002267374951413,Gr_growth,measured,51.17,50.57
instacart,confirm,0.0005849446303226,Apriori_Gen_Borgelt,measured,42.05,42.3
instacart,confirm,0.0005849446303226,Eclat_Gen_Borgelt,measured,36.34,36.55
instacart,confirm,0.0005849446303226,FPgrowth_Gen_Borgelt,measured,57.57,57.62
instacart,confirm,0.0005849446303226,Gr_growth,measured,43.54,43.53
instacart,confirm,0.0016062160370096,Apriori_Gen_Borgelt,measured,21.2,21.61
instacart,confirm,0.0016062160370096,Eclat_Gen_Borgelt,measured,30.13,30.42
instacart,confirm,0.0016062160370096,FPgrowth_Gen_Borgelt,measured,38.09,38.18
instacart,confirm,0.0016062160370096,Gr_growth,measured,33.65,33.65
instacart,confirm,0.0051044516763331,Apriori_Gen_Borgelt,sampled,17.36,17.654527
instacart,confirm,0.0051044516763331,Eclat_Gen_Borgelt,sampled,23.96,26.037067
instacart,confirm,0.0051044516763331,FPgrowth_Gen_Borgelt,sampled,25.91,28.196814
instacart,confirm,0.0051044516763331,Gr_growth,sampled,22.73,21.724928365983164
instacart,confirm,0.0124896158037939,Apriori_Gen_Borgelt,sampled,17.27,18.916617
instacart,confirm,0.0124896158037939,Eclat_Gen_Borgelt,sampled,20.58,23.225305
instacart,confirm,0.0124896158037939,FPgrowth_Gen_Borgelt,sampled,20.44,23.344499
instacart,confirm,0.0124896158037939,Gr_growth,sampled,17.57,17.334603376057174
skin,confirm,0.0023535340757456,Apriori_Gen_Borgelt,sampled,18.5,16.971226563112893
skin,confirm,0.0023535340757456,Eclat_Gen_Borgelt,sampled,18.77,18.26889248450616
skin,confirm,0.0023535340757456,FPgrowth_Gen_Borgelt,sampled,18.75,19.098731466227342
skin,confirm,0.0023535340757456,Gr_growth,sampled,13.46,13.6
skin,confirm,0.2363562354880701,Apriori_Gen_Borgelt,sampled,17.81,16.98165833333333
skin,confirm,0.2363562354880701,Eclat_Gen_Borgelt,sampled,17.75,15.266145333333336
skin,confirm,0.2363562354880701,FPgrowth_Gen_Borgelt,sampled,17.99,17.323306
skin,confirm,0.2363562354880701,Gr_growth,sampled,13.59,13.45
t20i6d100k,confirm,0.0022092231940913,Apriori_Gen_Borgelt,measured,35.82,35.91
t20i6d100k,confirm,0.0022092231940913,Eclat_Gen_Borgelt,measured,61.54,61.5
t20i6d100k,confirm,0.0022092231940913,FPgrowth_Gen_Borgelt,measured,191.92,191.73
t20i6d100k,confirm,0.0022092231940913,Gr_growth,measured,83.29,83.14
t20i6d100k,confirm,0.0050614479293849,Apriori_Gen_Borgelt,sampled,27.46,28.141904
t20i6d100k,confirm,0.0050614479293849,Eclat_Gen_Borgelt,sampled,50.01,52.447162
t20i6d100k,confirm,0.0050614479293849,FPgrowth_Gen_Borgelt,sampled,91.42,96.90346600000001
t20i6d100k,confirm,0.0050614479293849,Gr_growth,sampled,76.1,77.31789542804651
t20i6d100k,confirm,0.0090045235283521,Apriori_Gen_Borgelt,sampled,25.55,24.833672
t20i6d100k,confirm,0.0090045235283521,Eclat_Gen_Borgelt,sampled,41.8,39.833141999999995
t20i6d100k,confirm,0.0090045235283521,FPgrowth_Gen_Borgelt,sampled,74.98,76.085114
t20i6d100k,confirm,0.0090045235283521,Gr_growth,sampled,72.51,72.60134551444348
t20i6d100k,confirm,0.0145488481015191,Apriori_Gen_Borgelt,sampled,24.45,24.992891999999998
t20i6d100k,confirm,0.0145488481015191,Eclat_Gen_Borgelt,sampled,38.25,37.773011999999994
t20i6d100k,confirm,0.0145488481015191,FPgrowth_Gen_Borgelt,sampled,67.18,69.12870199999999
t20i6d100k,confirm,0.0145488481015191,Gr_growth,sampled,66.08,67.41559203418481
t20i6d100k,confirm,0.0196027901763375,Apriori_Gen_Borgelt,sampled,23.61,24.173386
t20i6d100k,confirm,0.0196027901763375,Eclat_Gen_Borgelt,sampled,36.14,35.015066000000004
t20i6d100k,confirm,0.0196027901763375,FPgrowth_Gen_Borgelt,sampled,60.67,62.60372000000001
t20i6d100k,confirm,0.0196027901763375,Gr_growth,sampled,60.32,61.66366058061218
liquor,hard,0.0002253937196677,Apriori_Gen_Borgelt,measured,21.46,21.59
liquor,hard,0.0002253937196677,Eclat_Gen_Borgelt,measured,26.93,27.02
liquor,hard,0.0002253937196677,FPgrowth_Gen_Borgelt,measured,48.78,48.62
liquor,hard,0.0002253937196677,Gr_growth,measured,30.7,30.99
liquor,hard,0.0009543266002954,Apriori_Gen_Borgelt,measured,11.58,11.54
liquor,hard,0.0009543266002954,Eclat_Gen_Borgelt,measured,20.0,20.23
liquor,hard,0.0009543266002954,FPgrowth_Gen_Borgelt,measured,31.92,31.88
liquor,hard,0.0009543266002954,Gr_growth,measured,27.74,27.71
mooc_set,hard,0.0008208638759314,Apriori_Gen_Borgelt,measured,907.1,907.88
mooc_set,hard,0.0008208638759314,Eclat_Gen_Borgelt,measured,970.19,969.86
mooc_set,hard,0.0008208638759314,FPgrowth_Gen_Borgelt,measured,979.64,979.75
mooc_set,hard,0.0008208638759314,Gr_growth,measured,523.45,523.61
sign_set,hard,0.0407534246575342,Apriori_Gen_Borgelt,measured,10.02,10.01
sign_set,hard,0.0407534246575342,Eclat_Gen_Borgelt,measured,5.39,5.63
sign_set,hard,0.0407534246575342,FPgrowth_Gen_Borgelt,measured,33.32,33.48
sign_set,hard,0.0407534246575342,Gr_growth,measured,15.79,15.79
sign_set,hard,0.0503424657534246,Apriori_Gen_Borgelt,measured,4.12,4.39
sign_set,hard,0.0503424657534246,Eclat_Gen_Borgelt,measured,4.58,4.55
sign_set,hard,0.0503424657534246,FPgrowth_Gen_Borgelt,measured,11.94,11.96
sign_set,hard,0.0503424657534246,Gr_growth,measured,15.34,15.32
bike_set,fresh,0.0014588670651864,Apriori_Gen_Borgelt,measured,7.72,8.03
bike_set,fresh,0.0014588670651864,Eclat_Gen_Borgelt,measured,17.53,17.36
bike_set,fresh,0.0014588670651864,FPgrowth_Gen_Borgelt,measured,25.57,25.28
bike_set,fresh,0.0014588670651864,Gr_growth,measured,17.98,17.96
bike_set,fresh,0.006962235506215,Apriori_Gen_Borgelt,measured,4.86,5.02
bike_set,fresh,0.006962235506215,Eclat_Gen_Borgelt,measured,7.83,7.68
bike_set,fresh,0.006962235506215,FPgrowth_Gen_Borgelt,measured,12.86,12.99
bike_set,fresh,0.006962235506215,Gr_growth,measured,15.95,16.1
bike_set,fresh,0.0338623209033115,Apriori_Gen_Borgelt,measured,4.9,4.75
bike_set,fresh,0.0338623209033115,Eclat_Gen_Borgelt,measured,5.98,6.28
bike_set,fresh,0.0338623209033115,FPgrowth_Gen_Borgelt,measured,6.23,6.19
bike_set,fresh,0.0338623209033115,Gr_growth,measured,15.79,15.79
bike_set,fresh,0.0555436948477085,Apriori_Gen_Borgelt,measured,4.61,4.75
bike_set,fresh,0.0555436948477085,Eclat_Gen_Borgelt,measured,5.84,6.0
bike_set,fresh,0.0555436948477085,FPgrowth_Gen_Borgelt,measured,5.96,5.96
bike_set,fresh,0.0555436948477085,Gr_growth,measured,15.47,15.29
ecommerce_fim,fresh,0.0007178631051752,Apriori_Gen_Borgelt,measured,19.26,19.12
ecommerce_fim,fresh,0.0007178631051752,Eclat_Gen_Borgelt,measured,17.06,17.1
ecommerce_fim,fresh,0.0007178631051752,FPgrowth_Gen_Borgelt,measured,23.64,23.43
ecommerce_fim,fresh,0.001118530884808,Apriori_Gen_Borgelt,measured,13.75,13.66
ecommerce_fim,fresh,0.001118530884808,Eclat_Gen_Borgelt,measured,14.75,14.66
ecommerce_fim,fresh,0.001118530884808,FPgrowth_Gen_Borgelt,measured,18.75,18.81
ecommerce_fim,fresh,0.002787979966611,Apriori_Gen_Borgelt,measured,7.88,7.9
ecommerce_fim,fresh,0.002787979966611,Eclat_Gen_Borgelt,measured,8.77,8.79
ecommerce_fim,fresh,0.002787979966611,FPgrowth_Gen_Borgelt,measured,11.12,11.15
ecommerce_fim,fresh,0.0079966611018363,Apriori_Gen_Borgelt,measured,5.07,5.03
ecommerce_fim,fresh,0.0079966611018363,Eclat_Gen_Borgelt,measured,6.27,6.16
ecommerce_fim,fresh,0.0079966611018363,FPgrowth_Gen_Borgelt,measured,7.19,7.22
ecommerce_fim,fresh,0.0150751252086811,Apriori_Gen_Borgelt,measured,4.41,4.54
ecommerce_fim,fresh,0.0150751252086811,Eclat_Gen_Borgelt,measured,5.51,5.32
ecommerce_fim,fresh,0.0150751252086811,FPgrowth_Gen_Borgelt,measured,5.57,5.85
fifa_set,fresh,0.341161369193154,Apriori_Gen_Borgelt,measured,6.62,6.47
fifa_set,fresh,0.341161369193154,Eclat_Gen_Borgelt,measured,7.2,7.22
fifa_set,fresh,0.341161369193154,FPgrowth_Gen_Borgelt,measured,7.41,7.53
fifa_set,fresh,0.341161369193154,Gr_growth,measured,14.22,14.22
fifa_set,fresh,0.3596943765281173,Apriori_Gen_Borgelt,measured,6.64,6.78
fifa_set,fresh,0.3596943765281173,Eclat_Gen_Borgelt,measured,6.62,6.79
fifa_set,fresh,0.3596943765281173,FPgrowth_Gen_Borgelt,measured,6.78,6.61
fifa_set,fresh,0.3596943765281173,Gr_growth,measured,13.75,13.75
microblog_set,fresh,0.032051282051282,Apriori_Gen_Borgelt,measured,390.14,390.01
microblog_set,fresh,0.032051282051282,Eclat_Gen_Borgelt,measured,380.1,380.26
microblog_set,fresh,0.032051282051282,FPgrowth_Gen_Borgelt,measured,393.3,393.16
microblog_set,fresh,0.032051282051282,Gr_growth,measured,210.99,210.84
microblog_set,fresh,0.0623543123543123,Apriori_Gen_Borgelt,measured,22.38,22.72
microblog_set,fresh,0.0623543123543123,Eclat_Gen_Borgelt,measured,37.04,36.86
microblog_set,fresh,0.0623543123543123,FPgrowth_Gen_Borgelt,measured,41.6,41.93
microblog_set,fresh,0.0623543123543123,Gr_growth,measured,26.12,26.62
microblog_set,fresh,0.1276223776223776,Apriori_Gen_Borgelt,measured,8.09,8.03
microblog_set,fresh,0.1276223776223776,Eclat_Gen_Borgelt,measured,15.73,15.92
microblog_set,fresh,0.1276223776223776,FPgrowth_Gen_Borgelt,measured,16.54,16.75
microblog_set,fresh,0.1276223776223776,Gr_growth,measured,14.76,14.91
microblog_set,fresh,0.2954545454545454,Apriori_Gen_Borgelt,measured,8.09,7.96
microblog_set,fresh,0.2954545454545454,Eclat_Gen_Borgelt,measured,8.76,8.82
microblog_set,fresh,0.2954545454545454,FPgrowth_Gen_Borgelt,measured,8.9,8.95
microblog_set,fresh,0.2954545454545454,Gr_growth,measured,13.96,13.96
microblog_set,fresh,0.5635198135198135,Apriori_Gen_Borgelt,measured,8.11,7.96
microblog_set,fresh,0.5635198135198135,Eclat_Gen_Borgelt,measured,8.34,8.36
microblog_set,fresh,0.5635198135198135,FPgrowth_Gen_Borgelt,measured,8.44,8.28
microblog_set,fresh,0.5635198135198135,Gr_growth,measured,13.96,13.96
msnbc_set,fresh,0.0066294432211387,Apriori_Gen_Borgelt,measured,4.86,4.87
msnbc_set,fresh,0.0066294432211387,Eclat_Gen_Borgelt,measured,12.03,11.91
msnbc_set,fresh,0.0066294432211387,FPgrowth_Gen_Borgelt,measured,11.42,11.45
msnbc_set,fresh,0.0066294432211387,Gr_growth,measured,14.38,14.38
msnbc_set,fresh,0.0345942120163573,Apriori_Gen_Borgelt,measured,5.07,5.0
msnbc_set,fresh,0.0345942120163573,Eclat_Gen_Borgelt,measured,6.55,6.56
msnbc_set,fresh,0.0345942120163573,FPgrowth_Gen_Borgelt,measured,6.1,6.09
msnbc_set,fresh,0.0345942120163573,Gr_growth,measured,14.06,14.1
msnbc_set,fresh,0.2619613085876062,Apriori_Gen_Borgelt,measured,5.03,4.71
msnbc_set,fresh,0.2619613085876062,Eclat_Gen_Borgelt,measured,5.06,5.04
msnbc_set,fresh,0.2619613085876062,FPgrowth_Gen_Borgelt,measured,5.15,4.99
msnbc_set,fresh,0.2619613085876062,Gr_growth,measured,13.45,13.75
splice,fresh,0.053526645768025,Apriori_Gen_Borgelt,measured,10.33,10.66
splice,fresh,0.053526645768025,Eclat_Gen_Borgelt,measured,14.63,14.66
splice,fresh,0.053526645768025,FPgrowth_Gen_Borgelt,measured,150.84,150.98
splice,fresh,0.053526645768025,Gr_growth,measured,21.88,21.88
splice,fresh,0.0751567398119122,Apriori_Gen_Borgelt,measured,5.36,5.32
splice,fresh,0.0751567398119122,Eclat_Gen_Borgelt,measured,9.23,9.19
splice,fresh,0.0751567398119122,FPgrowth_Gen_Borgelt,measured,39.09,38.94
splice,fresh,0.0751567398119122,Gr_growth,measured,20.63,20.63
splice,fresh,0.1115203761755486,Apriori_Gen_Borgelt,measured,4.73,4.58
splice,fresh,0.1115203761755486,Eclat_Gen_Borgelt,measured,7.05,6.89
splice,fresh,0.1115203761755486,FPgrowth_Gen_Borgelt,measured,11.0,11.13
splice,fresh,0.1115203761755486,Gr_growth,measured,20.19,20.16
splice,fresh,0.1638714733542319,Apriori_Gen_Borgelt,measured,4.59,4.4
splice,fresh,0.1638714733542319,Eclat_Gen_Borgelt,measured,6.29,6.11
splice,fresh,0.1638714733542319,FPgrowth_Gen_Borgelt,measured,10.34,10.33
splice,fresh,0.1638714733542319,Gr_growth,measured,19.85,19.85
splice,fresh,0.244435736677116,Apriori_Gen_Borgelt,measured,4.03,4.1
splice,fresh,0.244435736677116,Eclat_Gen_Borgelt,measured,5.05,5.01
splice,fresh,0.244435736677116,FPgrowth_Gen_Borgelt,measured,7.08,7.41
splice,fresh,0.244435736677116,Gr_growth,measured,16.88,16.92
t25i10d10k,fresh,0.0035836006415396,Apriori_Gen_Borgelt,measured,18.32,18.62
t25i10d10k,fresh,0.0035836006415396,Eclat_Gen_Borgelt,measured,23.48,23.8
t25i10d10k,fresh,0.0035836006415396,FPgrowth_Gen_Borgelt,measured,50.65,50.85
t25i10d10k,fresh,0.0035836006415396,Gr_growth,measured,25.79,25.63
t25i10d10k,fresh,0.00709202085004,Apriori_Gen_Borgelt,measured,7.4,7.31
t25i10d10k,fresh,0.00709202085004,Eclat_Gen_Borgelt,measured,13.65,13.78
t25i10d10k,fresh,0.00709202085004,FPgrowth_Gen_Borgelt,measured,22.7,22.63
t25i10d10k,fresh,0.00709202085004,Gr_growth,measured,21.88,21.89
t25i10d10k,fresh,0.011502606255012,Apriori_Gen_Borgelt,measured,6.5,6.14
t25i10d10k,fresh,0.011502606255012,Eclat_Gen_Borgelt,measured,8.16,8.09
t25i10d10k,fresh,0.011502606255012,FPgrowth_Gen_Borgelt,measured,13.02,12.98
t25i10d10k,fresh,0.011502606255012,Gr_growth,measured,21.42,21.41
t25i10d10k,fresh,0.01882016840417,Apriori_Gen_Borgelt,measured,5.69,5.86
t25i10d10k,fresh,0.01882016840417,Eclat_Gen_Borgelt,measured,7.0,7.23
t25i10d10k,fresh,0.01882016840417,FPgrowth_Gen_Borgelt,measured,11.43,11.48
t25i10d10k,fresh,0.01882016840417,Gr_growth,measured,20.48,20.47
t25i10d10k,fresh,0.0258370088211708,Apriori_Gen_Borgelt,measured,5.5,5.52
t25i10d10k,fresh,0.0258370088211708,Eclat_Gen_Borgelt,measured,6.77,6.75
t25i10d10k,fresh,0.0258370088211708,FPgrowth_Gen_Borgelt,measured,10.41,10.18
t25i10d10k,fresh,0.0258370088211708,Gr_growth,measured,19.38,19.37
uscensus,fresh,0.25685375,Apriori_Gen_Borgelt,sampled,234.77,197.02999999999994
uscensus,fresh,0.25685375,Eclat_Gen_Borgelt,sampled,345.97,436.28000000000003
uscensus,fresh,0.25685375,FPgrowth_Gen_Borgelt,sampled,314.22,472.75
uscensus,fresh,0.25685375,Gr_growth,sampled,78.63,57.421905189864404
uscensus,fresh,0.60401875,Apriori_Gen_Borgelt,sampled,231.27,223.85
uscensus,fresh,0.60401875,Eclat_Gen_Borgelt,sampled,231.43,242.04999999999995
uscensus,fresh,0.60401875,FPgrowth_Gen_Borgelt,sampled,231.51,237.37
uscensus,fresh,0.60401875,Gr_growth,sampled,14.07,14.079999999999993
uscensus,fresh,0.74447675,Apriori_Gen_Borgelt,sampled,231.46,218.16
uscensus,fresh,0.74447675,Eclat_Gen_Borgelt,sampled,231.41,220.06
uscensus,fresh,0.74447675,FPgrowth_Gen_Borgelt,sampled,231.39,226.90999999999997
uscensus,fresh,0.74447675,Gr_growth,sampled,13.47,13.49
census_kdd,fresh2,0.2090423159234775,Apriori_Gen_Borgelt,sampled,41.65,46.46942100000001
census_kdd,fresh2,0.2090423159234775,Eclat_Gen_Borgelt,sampled,81.5,128.94890466666666
census_kdd,fresh2,0.2090423159234775,FPgrowth_Gen_Borgelt,sampled,82.97,133.813493
census_kdd,fresh2,0.2090423159234775,Gr_growth,sampled,44.38,47.786068685244
census_kdd,fresh2,0.8078705211930454,Apriori_Gen_Borgelt,sampled,40.25,40.34302133333334
census_kdd,fresh2,0.8078705211930454,Eclat_Gen_Borgelt,sampled,40.63,37.867478999999996
census_kdd,fresh2,0.8078705211930454,FPgrowth_Gen_Borgelt,sampled,40.43,37.55208433333334
census_kdd,fresh2,0.8078705211930454,Gr_growth,sampled,13.75,13.6
census_kdd,fresh2,0.9695761892112688,Apriori_Gen_Borgelt,sampled,40.6,40.585718666666665
census_kdd,fresh2,0.9695761892112688,Eclat_Gen_Borgelt,sampled,40.46,39.93445233333334
census_kdd,fresh2,0.9695761892112688,FPgrowth_Gen_Borgelt,sampled,40.49,38.91731433333334
census_kdd,fresh2,0.9695761892112688,Gr_growth,sampled,13.61,13.59
covertype,fresh2,0.0002663456176464,Apriori_Gen_Borgelt,measured,186.64,187.74
covertype,fresh2,0.0002663456176464,Eclat_Gen_Borgelt,measured,349.95,350.11
covertype,fresh2,0.0002663456176464,FPgrowth_Gen_Borgelt,measured,461.21,461.34
covertype,fresh2,0.0002663456176464,Gr_growth,measured,196.1,195.94
covertype,fresh2,0.0368869317673301,Apriori_Gen_Borgelt,sampled,55.63,89.640788
covertype,fresh2,0.0368869317673301,Eclat_Gen_Borgelt,sampled,99.94,144.00321733333334
covertype,fresh2,0.0368869317673301,FPgrowth_Gen_Borgelt,sampled,124.51,267.6730386666666
covertype,fresh2,0.0368869317673301,Gr_growth,sampled,52.78,82.24327649530517
covertype,fresh2,0.0938995235898742,Apriori_Gen_Borgelt,sampled,55.66,83.63066799999999
covertype,fresh2,0.0938995235898742,Eclat_Gen_Borgelt,sampled,91.43,128.80825466666667
covertype,fresh2,0.0938995235898742,FPgrowth_Gen_Borgelt,sampled,85.79,151.487048
covertype,fresh2,0.0938995235898742,Gr_growth,sampled,44.38,79.97900405632949
covertype,fresh2,0.1456747020715579,Apriori_Gen_Borgelt,sampled,55.8,83.55033066666665
covertype,fresh2,0.1456747020715579,Eclat_Gen_Borgelt,sampled,89.37,128.24757999999997
covertype,fresh2,0.1456747020715579,FPgrowth_Gen_Borgelt,sampled,84.33,149.88502400000002
covertype,fresh2,0.1456747020715579,Gr_growth,sampled,43.44,78.46830815836255
diabetes130,fresh2,0.2130549495902364,Eclat_Gen_Borgelt,sampled,1830.39,1836.1529053333334
diabetes130,fresh2,0.2130549495902364,FPgrowth_Gen_Borgelt,sampled,1811.39,1816.2255699999998
diabetes130,fresh2,0.2130549495902364,Gr_growth,sampled,949.2,913.7429258154451
diabetes130,fresh2,0.9969415128824952,Apriori_Gen_Borgelt,sampled,24.55,22.439064666666667
diabetes130,fresh2,0.9969415128824952,Eclat_Gen_Borgelt,sampled,25.4,25.08263333333333
diabetes130,fresh2,0.9969415128824952,FPgrowth_Gen_Borgelt,sampled,25.27,24.797924000000002
diabetes130,fresh2,0.9969415128824952,Gr_growth,sampled,13.6,13.6
diabetes130,fresh2,0.9999877169192068,Apriori_Gen_Borgelt,sampled,24.52,24.394980666666665
diabetes130,fresh2,0.9999877169192068,Eclat_Gen_Borgelt,sampled,24.54,24.290860000000002
diabetes130,fresh2,0.9999877169192068,FPgrowth_Gen_Borgelt,sampled,24.47,23.790263999999997
diabetes130,fresh2,0.9999877169192068,Gr_growth,sampled,13.6,4.2758866666666675
poker,fresh2,0.00164075,Apriori_Gen_Borgelt,sampled,172.16,163.6897156138912
poker,fresh2,0.00164075,Eclat_Gen_Borgelt,sampled,273.38,277.6773803664206
poker,fresh2,0.00164075,FPgrowth_Gen_Borgelt,sampled,575.35,725.4288378452283
poker,fresh2,0.00164075,Gr_growth,sampled,170.79,130.49155223457913
poker,fresh2,0.01922275,Apriori_Gen_Borgelt,sampled,170.34,178.01
poker,fresh2,0.01922275,Eclat_Gen_Borgelt,sampled,258.99,250.3
poker,fresh2,0.01922275,FPgrowth_Gen_Borgelt,sampled,241.55,307.66
poker,fresh2,0.01922275,Gr_growth,sampled,159.07,168.03299042423475
poker,fresh2,0.06372875,Apriori_Gen_Borgelt,sampled,169.14,158.68
poker,fresh2,0.06372875,Eclat_Gen_Borgelt,sampled,256.43,251.00999999999996
poker,fresh2,0.06372875,FPgrowth_Gen_Borgelt,sampled,235.55,261.75
poker,fresh2,0.06372875,Gr_growth,sampled,156.25,184.4822940688728
poker,fresh2,0.12537575,Apriori_Gen_Borgelt,sampled,93.9,93.23999999999998
poker,fresh2,0.12537575,Eclat_Gen_Borgelt,sampled,93.75,89.04999999999998
poker,fresh2,0.12537575,FPgrowth_Gen_Borgelt,sampled,94.02,95.86000000000001
poker,fresh2,0.12537575,Gr_growth,sampled,13.92,17.750000000000004
dota2,fresh3,0.0007744198596869,Apriori_Gen_Borgelt,measured,29.95,29.73
dota2,fresh3,0.0007744198596869,Eclat_Gen_Borgelt,measured,50.7,50.93
dota2,fresh3,0.0007744198596869,FPgrowth_Gen_Borgelt,measured,179.25,178.94
dota2,fresh3,0.0007744198596869,Gr_growth,measured,50.2,50.16
dota2,fresh3,0.0037317862924986,Apriori_Gen_Borgelt,sampled,20.12,19.579524253731346
dota2,fresh3,0.0037317862924986,Eclat_Gen_Borgelt,sampled,39.59,38.86362873134328
dota2,fresh3,0.0037317862924986,FPgrowth_Gen_Borgelt,sampled,87.61,91.96546641791045
dota2,fresh3,0.0037317862924986,Gr_growth,sampled,44.54,44.369684748643884
dota2,fresh3,0.0134565569347004,Apriori_Gen_Borgelt,sampled,18.91,19.4066
dota2,fresh3,0.0134565569347004,Eclat_Gen_Borgelt,sampled,32.71,30.838350000000002
dota2,fresh3,0.0134565569347004,FPgrowth_Gen_Borgelt,sampled,41.94,42.218599999999995
dota2,fresh3,0.0134565569347004,Gr_growth,sampled,41.72,41.98659967672865
dota2,fresh3,0.0582703723691311,Apriori_Gen_Borgelt,sampled,17.34,17.51135
dota2,fresh3,0.0582703723691311,Eclat_Gen_Borgelt,sampled,24.91,24.118900000000004
dota2,fresh3,0.0582703723691311,FPgrowth_Gen_Borgelt,sampled,22.97,23.006499999999996
dota2,fresh3,0.0582703723691311,Gr_growth,sampled,24.56,24.665460821593683
dota2,fresh3,0.1415515380464112,Apriori_Gen_Borgelt,sampled,11.5,10.1265
dota2,fresh3,0.1415515380464112,Eclat_Gen_Borgelt,sampled,11.55,10.554450000000001
dota2,fresh3,0.1415515380464112,FPgrowth_Gen_Borgelt,sampled,11.46,10.4118
dota2,fresh3,0.1415515380464112,Gr_growth,sampled,13.58,13.6
miniboone,fresh3,0.0366261994095214,Apriori_Gen_Borgelt,sampled,71.53,70.32931199999999
miniboone,fresh3,0.0366261994095214,Eclat_Gen_Borgelt,sampled,137.86,135.12934933333332
miniboone,fresh3,0.0366261994095214,FPgrowth_Gen_Borgelt,sampled,3588.06,3719.5963199999997
miniboone,fresh3,0.0366261994095214,Gr_growth,sampled,274.54,267.60285426376464
miniboone,fresh3,0.0500196057325624,Apriori_Gen_Borgelt,sampled,64.73,65.460464
miniboone,fresh3,0.0500196057325624,Eclat_Gen_Borgelt,sampled,131.05,129.20802666666665
miniboone,fresh3,0.0500196057325624,FPgrowth_Gen_Borgelt,sampled,708.55,776.7001759999999
miniboone,fresh3,0.0500196057325624,Gr_growth,sampled,252.33,254.64075952306735
miniboone,fresh3,0.0786516637962849,Apriori_Gen_Borgelt,sampled,63.93,64.18005866666667
miniboone,fresh3,0.0786516637962849,Eclat_Gen_Borgelt,sampled,118.07,119.11591466666667
miniboone,fresh3,0.0786516637962849,FPgrowth_Gen_Borgelt,sampled,260.49,266.267744
miniboone,fresh3,0.0786516637962849,Gr_growth,sampled,235.63,239.16581221445213
miniboone,fresh3,0.1627256581375323,Apriori_Gen_Borgelt,sampled,63.27,62.16897066666666
miniboone,fresh3,0.1627256581375323,Eclat_Gen_Borgelt,sampled,114.97,114.73497599999999
miniboone,fresh3,0.1627256581375323,FPgrowth_Gen_Borgelt,sampled,255.6,259.8662506666667
miniboone,fresh3,0.1627256581375323,Gr_growth,sampled,233.91,238.67716275378416
miniboone,fresh3,0.1890434709066306,Apriori_Gen_Borgelt,sampled,63.38,63.379845333333336
miniboone,fresh3,0.1890434709066306,Eclat_Gen_Borgelt,sampled,114.64,114.48493333333334
miniboone,fresh3,0.1890434709066306,FPgrowth_Gen_Borgelt,sampled,255.36,258.86571733333335
miniboone,fresh3,0.1890434709066306,Gr_growth,sampled,233.78,238.67716275378416
power,fresh3,0.0136480861570893,Apriori_Gen_Borgelt,sampled,173.32,158.01552000000004
power,fresh3,0.0136480861570893,Eclat_Gen_Borgelt,sampled,174.46,184.49663999999999
power,fresh3,0.0136480861570893,FPgrowth_Gen_Borgelt,sampled,174.61,181.42783999999997
power,fresh3,0.0136480861570893,Gr_growth,sampled,13.75,13.47
power,fresh3,0.0564362849391005,Apriori_Gen_Borgelt,sampled,172.04,158.68528
power,fresh3,0.0564362849391005,Eclat_Gen_Borgelt,sampled,172.48,166.59264
power,fresh3,0.0564362849391005,FPgrowth_Gen_Borgelt,sampled,172.51,165.38312000000002
power,fresh3,0.0564362849391005,Gr_growth,sampled,13.76,24.46616000000001
power,fresh3,0.219214919386321,Apriori_Gen_Borgelt,sampled,158.79,119.98895999999999
power,fresh3,0.219214919386321,Eclat_Gen_Borgelt,sampled,158.89,134.75368000000003
power,fresh3,0.219214919386321,FPgrowth_Gen_Borgelt,sampled,158.77,139.07224
power,fresh3,0.219214919386321,Gr_growth,sampled,13.61,31.163759999999986
adult,fresh4,0.0004837075028408,Apriori_Gen_Borgelt,measured,47.07,47.06
adult,fresh4,0.0004837075028408,Eclat_Gen_Borgelt,measured,112.73,112.84
adult,fresh4,0.0004837075028408,FPgrowth_Gen_Borgelt,measured,119.96,120.05
adult,fresh4,0.0004837075028408,Gr_growth,measured,55.79,55.95
adult,fresh4,0.0176821964927367,Apriori_Gen_Borgelt,measured,8.54,8.46
adult,fresh4,0.0176821964927367,Eclat_Gen_Borgelt,measured,19.35,19.55
adult,fresh4,0.0176821964927367,FPgrowth_Gen_Borgelt,measured,21.27,21.2
adult,fresh4,0.0176821964927367,Gr_growth,measured,17.34,17.5
adult,fresh4,0.1999861797856331,Apriori_Gen_Borgelt,measured,6.11,6.01
adult,fresh4,0.1999861797856331,Eclat_Gen_Borgelt,measured,7.45,7.37
adult,fresh4,0.1999861797856331,FPgrowth_Gen_Borgelt,measured,7.2,7.26
adult,fresh4,0.1999861797856331,Gr_growth,measured,13.89,13.91
adult,fresh4,0.6756165351187002,Apriori_Gen_Borgelt,measured,5.81,5.98
adult,fresh4,0.6756165351187002,Eclat_Gen_Borgelt,measured,6.09,6.09
adult,fresh4,0.6756165351187002,FPgrowth_Gen_Borgelt,measured,6.11,5.76
adult,fresh4,0.6756165351187002,Gr_growth,measured,13.6,13.6
bank_full,fresh4,0.0019630178496383,Apriori_Gen_Borgelt,measured,59.42,59.82
bank_full,fresh4,0.0019630178496383,Eclat_Gen_Borgelt,measured,141.59,141.57
bank_full,fresh4,0.0019630178496383,FPgrowth_Gen_Borgelt,measured,162.97,163.27
bank_full,fresh4,0.0019630178496383,Gr_growth,measured,85.32,85.37
bank_full,fresh4,0.0314912300103957,Apriori_Gen_Borgelt,measured,12.46,12.34
bank_full,fresh4,0.0314912300103957,Eclat_Gen_Borgelt,measured,26.3,26.67
bank_full,fresh4,0.0314912300103957,FPgrowth_Gen_Borgelt,measured,33.98,34.24
bank_full,fresh4,0.0314912300103957,Gr_growth,measured,22.49,22.66
bank_full,fresh4,0.2128630200614894,Apriori_Gen_Borgelt,measured,7.8,7.71
bank_full,fresh4,0.2128630200614894,Eclat_Gen_Borgelt,measured,9.07,9.21
bank_full,fresh4,0.2128630200614894,FPgrowth_Gen_Borgelt,measured,8.5,8.7
bank_full,fresh4,0.2128630200614894,Gr_growth,measured,13.91,13.91
bank_full,fresh4,0.8174725177501051,Apriori_Gen_Borgelt,measured,7.44,7.39
bank_full,fresh4,0.8174725177501051,Eclat_Gen_Borgelt,measured,7.61,7.46
bank_full,fresh4,0.8174725177501051,FPgrowth_Gen_Borgelt,measured,7.36,7.36
bank_full,fresh4,0.8174725177501051,Gr_growth,measured,13.62,13.58
car,fresh4,0.0264756944444444,Apriori_Gen_Borgelt,measured,3.2,3.02
car,fresh4,0.0264756944444444,Eclat_Gen_Borgelt,measured,3.8,3.68
car,fresh4,0.0264756944444444,FPgrowth_Gen_Borgelt,measured,3.99,4.13
car,fresh4,0.0264756944444444,Gr_growth,measured,13.76,13.75
car,fresh4,0.0831886574074074,Apriori_Gen_Borgelt,measured,3.01,2.99
car,fresh4,0.0831886574074074,Eclat_Gen_Borgelt,measured,3.45,3.46
car,fresh4,0.0831886574074074,FPgrowth_Gen_Borgelt,measured,3.34,3.49
car,fresh4,0.0831886574074074,Gr_growth,measured,13.61,13.78
car,fresh4,0.1861979166666666,Apriori_Gen_Borgelt,measured,2.95,3.0
car,fresh4,0.1861979166666666,Eclat_Gen_Borgelt,measured,3.29,3.32
car,fresh4,0.1861979166666666,FPgrowth_Gen_Borgelt,measured,3.2,3.18
car,fresh4,0.1861979166666666,Gr_growth,measured,13.76,13.75
krk,fresh4,0.0019514542343883,Apriori_Gen_Borgelt,measured,7.39,7.22
krk,fresh4,0.0019514542343883,Eclat_Gen_Borgelt,measured,15.09,14.82
krk,fresh4,0.0019514542343883,FPgrowth_Gen_Borgelt,measured,17.87,17.85
krk,fresh4,0.0019514542343883,Gr_growth,measured,16.57,16.56
krk,fresh4,0.0042326062161391,Apriori_Gen_Borgelt,measured,7.07,6.77
krk,fresh4,0.0042326062161391,Eclat_Gen_Borgelt,measured,10.8,10.81
krk,fresh4,0.0042326062161391,FPgrowth_Gen_Borgelt,measured,13.78,13.43
krk,fresh4,0.0042326062161391,Gr_growth,measured,16.41,16.57
krk,fresh4,0.0409805389221556,Apriori_Gen_Borgelt,measured,6.55,6.81
krk,fresh4,0.0409805389221556,Eclat_Gen_Borgelt,measured,8.32,8.3
krk,fresh4,0.0409805389221556,FPgrowth_Gen_Borgelt,measured,7.45,7.52
krk,fresh4,0.0409805389221556,Gr_growth,measured,16.1,16.1
krk,fresh4,0.0697087966923296,Apriori_Gen_Borgelt,measured,6.58,6.73
krk,fresh4,0.0697087966923296,Eclat_Gen_Borgelt,measured,8.16,8.24
krk,fresh4,0.0697087966923296,FPgrowth_Gen_Borgelt,measured,6.98,7.21
krk,fresh4,0.0697087966923296,Gr_growth,measured,15.68,15.62
letter,fresh4,0.0008375,Apriori_Gen_Borgelt,measured,85.64,85.99
letter,fresh4,0.0008375,Eclat_Gen_Borgelt,measured,116.78,116.44
letter,fresh4,0.0008375,FPgrowth_Gen_Borgelt,measured,171.55,171.98
letter,fresh4,0.0008375,Gr_growth,measured,77.04,77.19
letter,fresh4,0.0082875,Apriori_Gen_Borgelt,measured,8.02,8.4
letter,fresh4,0.0082875,Eclat_Gen_Borgelt,measured,17.55,17.7
letter,fresh4,0.0082875,FPgrowth_Gen_Borgelt,measured,50.93,51.32
letter,fresh4,0.0082875,Gr_growth,measured,22.82,22.96
letter,fresh4,0.0253875,Apriori_Gen_Borgelt,measured,6.91,6.62
letter,fresh4,0.0253875,Eclat_Gen_Borgelt,measured,10.3,10.27
letter,fresh4,0.0253875,FPgrowth_Gen_Borgelt,measured,17.39,17.18
letter,fresh4,0.0253875,Gr_growth,measured,21.72,21.57
letter,fresh4,0.0615875,Apriori_Gen_Borgelt,measured,6.26,6.59
letter,fresh4,0.0615875,Eclat_Gen_Borgelt,measured,8.61,8.47
letter,fresh4,0.0615875,FPgrowth_Gen_Borgelt,measured,11.14,11.43
letter,fresh4,0.0615875,Gr_growth,measured,19.69,19.69
letter,fresh4,0.1434875,Apriori_Gen_Borgelt,measured,5.5,5.19
letter,fresh4,0.1434875,Eclat_Gen_Borgelt,measured,6.89,6.91
letter,fresh4,0.1434875,FPgrowth_Gen_Borgelt,measured,6.64,6.61
letter,fresh4,0.1434875,Gr_growth,measured,15.32,15.32
nursery,fresh4,0.0499807098765432,Apriori_Gen_Borgelt,measured,4.9,4.52
nursery,fresh4,0.0499807098765432,Eclat_Gen_Borgelt,measured,6.14,6.14
nursery,fresh4,0.0499807098765432,FPgrowth_Gen_Borgelt,measured,6.31,6.16
nursery,fresh4,0.0499807098765432,Gr_growth,measured,14.54,14.52
nursery,fresh4,0.1110918209876543,Apriori_Gen_Borgelt,measured,5.03,4.68
nursery,fresh4,0.1110918209876543,Eclat_Gen_Borgelt,measured,5.65,5.9
nursery,fresh4,0.1110918209876543,FPgrowth_Gen_Borgelt,measured,4.95,4.85
nursery,fresh4,0.1110918209876543,Gr_growth,measured,14.38,14.26
nursery,fresh4,0.1666473765432098,Apriori_Gen_Borgelt,measured,4.97,4.73
nursery,fresh4,0.1666473765432098,Eclat_Gen_Borgelt,measured,5.82,5.65
nursery,fresh4,0.1666473765432098,FPgrowth_Gen_Borgelt,measured,4.61,4.89
nursery,fresh4,0.1666473765432098,Gr_growth,measured,14.38,14.23
shoppers,fresh4,0.002250608272506,Apriori_Gen_Borgelt,measured,131.55,131.6
shoppers,fresh4,0.002250608272506,Eclat_Gen_Borgelt,measured,315.32,315.64
shoppers,fresh4,0.002250608272506,FPgrowth_Gen_Borgelt,measured,326.27,326.45
shoppers,fresh4,0.002250608272506,Gr_growth,measured,171.72,172.04
shoppers,fresh4,0.0338807785888077,Apriori_Gen_Borgelt,measured,7.77,7.82
shoppers,fresh4,0.0338807785888077,Eclat_Gen_Borgelt,measured,20.96,21.06
shoppers,fresh4,0.0338807785888077,FPgrowth_Gen_Borgelt,measured,26.93,26.8
shoppers,fresh4,0.0338807785888077,Gr_growth,measured,19.52,19.54
shoppers,fresh4,0.2178223844282238,Apriori_Gen_Borgelt,measured,3.97,3.92
shoppers,fresh4,0.2178223844282238,Eclat_Gen_Borgelt,measured,6.09,6.11
shoppers,fresh4,0.2178223844282238,FPgrowth_Gen_Borgelt,measured,5.94,5.79
shoppers,fresh4,0.2178223844282238,Gr_growth,measured,13.88,13.79
shoppers,fresh4,0.7468572587185726,Apriori_Gen_Borgelt,measured,4.13,3.99
shoppers,fresh4,0.7468572587185726,Eclat_Gen_Borgelt,measured,4.43,4.25
shoppers,fresh4,0.7468572587185726,FPgrowth_Gen_Borgelt,measured,4.09,4.12
shoppers,fresh4,0.7468572587185726,Gr_growth,measured,13.78,13.6
shuttle,fresh4,0.0043160919540229,Apriori_Gen_Borgelt,measured,6.3,6.05
shuttle,fresh4,0.0043160919540229,Eclat_Gen_Borgelt,measured,14.62,14.71
shuttle,fresh4,0.0043160919540229,FPgrowth_Gen_Borgelt,measured,15.71,15.57
shuttle,fresh4,0.0043160919540229,Gr_growth,measured,15.0,15.0
shuttle,fresh4,0.1327068965517241,Apriori_Gen_Borgelt,measured,6.13,6.28
shuttle,fresh4,0.1327068965517241,Eclat_Gen_Borgelt,measured,6.98,6.88
shuttle,fresh4,0.1327068965517241,FPgrowth_Gen_Borgelt,measured,6.91,7.04
shuttle,fresh4,0.1327068965517241,Gr_growth,measured,14.07,14.07
shuttle,fresh4,0.2299942528735632,Apriori_Gen_Borgelt,measured,5.83,5.9
shuttle,fresh4,0.2299942528735632,Eclat_Gen_Borgelt,measured,5.96,5.93
shuttle,fresh4,0.2299942528735632,FPgrowth_Gen_Borgelt,measured,5.94,5.9
shuttle,fresh4,0.2299942528735632,Gr_growth,measured,13.61,13.79
tictactoe,fresh4,0.0581941544885177,Apriori_Gen_Borgelt,measured,3.05,3.04
tictactoe,fresh4,0.0581941544885177,Eclat_Gen_Borgelt,measured,4.34,4.19
tictactoe,fresh4,0.0581941544885177,FPgrowth_Gen_Borgelt,measured,4.75,4.61
tictactoe,fresh4,0.0581941544885177,Gr_growth,measured,13.91,13.75
tictactoe,fresh4,0.1584029227557411,Apriori_Gen_Borgelt,measured,3.0,3.04
tictactoe,fresh4,0.1584029227557411,Eclat_Gen_Borgelt,measured,3.14,3.32
tictactoe,fresh4,0.1584029227557411,FPgrowth_Gen_Borgelt,measured,3.34,3.17
tictactoe,fresh4,0.1584029227557411,Gr_growth,measured,13.75,13.76
tictactoe,fresh4,0.2346033402922756,Apriori_Gen_Borgelt,measured,2.67,3.07
tictactoe,fresh4,0.2346033402922756,Eclat_Gen_Borgelt,measured,3.0,3.21
tictactoe,fresh4,0.2346033402922756,FPgrowth_Gen_Borgelt,measured,3.2,3.24
tictactoe,fresh4,0.2346033402922756,Gr_growth,measured,13.92,13.75
yearmsd,fresh4,0.0457785561128952,Apriori_Gen_Borgelt,sampled,403.64,396.63944
yearmsd,fresh4,0.0457785561128952,Eclat_Gen_Borgelt,sampled,809.3,803.957335
yearmsd,fresh4,0.0457785561128952,Gr_growth,sampled,1869.86,1711.9176677761125
yearmsd,fresh4,0.0552654047288709,Apriori_Gen_Borgelt,sampled,399.07,396.31754499999994
yearmsd,fresh4,0.0552654047288709,Eclat_Gen_Borgelt,sampled,792.62,789.0728483333334
yearmsd,fresh4,0.0552654047288709,FPgrowth_Gen_Borgelt,sampled,3807.36,4569.369971666667
yearmsd,fresh4,0.0552654047288709,Gr_growth,sampled,1771.57,1769.3054146401287
yearmsd,fresh4,0.0707792837807682,Apriori_Gen_Borgelt,sampled,398.45,395.1522
yearmsd,fresh4,0.0707792837807682,Eclat_Gen_Borgelt,sampled,771.41,768.72198
yearmsd,fresh4,0.0707792837807682,FPgrowth_Gen_Borgelt,sampled,1993.01,2102.687253333333
yearmsd,fresh4,0.0707792837807682,Gr_growth,sampled,1695.78,1763.3982039720202
yearmsd,fresh4,0.1006854631363455,Apriori_Gen_Borgelt,sampled,397.96,393.8546133333333
yearmsd,fresh4,0.1006854631363455,Eclat_Gen_Borgelt,sampled,760.69,757.0012866666666
yearmsd,fresh4,0.1006854631363455,FPgrowth_Gen_Borgelt,sampled,1892.55,1918.4335716666667
yearmsd,fresh4,0.1006854631363455,Gr_growth,sampled,1679.54,1724.876486019594
yearmsd,fresh4,0.1262256352540531,Apriori_Gen_Borgelt,sampled,398.04,394.8737516666667
yearmsd,fresh4,0.1262256352540531,Eclat_Gen_Borgelt,sampled,760.3,760.4555983333332
yearmsd,fresh4,0.1262256352540531,FPgrowth_Gen_Borgelt,sampled,1892.57,1919.3411583333332
yearmsd,fresh4,0.1262256352540531,Gr_growth,sampled,1679.69,1712.1270807092467
