algorithm,category,dataset,param_name,param_value,runtime_s,peak_memory_mb,generator_count,timed_out,error,timestamp,n_tx,n_items,target_pairs,role,machine,peak_memory_mb_polled,memory_method
Apriori_Gen_Borgelt,1,chicago,minsup,0.0313061894768789,0.5734,132.53,22,False,,20260924_125504,2662309,35,10,extension,Linux x86_64,133.04,exact
DefMe,1,chicago,minsup,0.0313061894768789,0.6457,612.49,23,False,,20260924_125504,2662309,35,10,extension,Linux x86_64,610.12,exact
Eclat_Gen_Borgelt,1,chicago,minsup,0.0313061894768789,0.5361,132.82,22,False,,20260924_125505,2662309,35,10,extension,Linux x86_64,133.14,exact
FPgrowth_Gen_Borgelt,1,chicago,minsup,0.0313061894768789,0.5306,132.81,22,False,,20260924_125505,2662309,35,10,extension,Linux x86_64,133.04,exact
Gr_growth,1,chicago,minsup,0.0313061894768789,0.2006,13.75,23,False,,20260924_125505,2662309,35,10,extension,Linux x86_64,14.05,exact
TalkyG_Diffset,1,chicago,minsup,0.0313061894768789,0.7181,683.88,23,False,,20260924_125506,2662309,35,10,extension,Linux x86_64,609.41,exact
Talky_G,1,chicago,minsup,0.0313061894768789,0.6972,600.74,23,False,,20260924_125507,2662309,35,10,extension,Linux x86_64,600.8,exact
Pascal,1,chicago,minsup,0.0313061894768789,2.4853,381.42,22,False,,20260924_125507,2662309,35,10,extension,Linux x86_64,398.73,exact
Apriori_Gen_Borgelt,1,kddcup99,minsup,0.76716775,0.4103,109.04,34,False,,20260924_125508,1000000,135,10,extension,Linux x86_64,109.6,exact
DefMe,1,kddcup99,minsup,0.76716775,0.9647,654.63,35,False,,20260924_125509,1000000,135,10,extension,Linux x86_64,773.62,exact
Zart,1,chicago,minsup,0.0313061894768789,2.2804,905.32,23,False,,20260924_125509,2662309,35,10,extension,Linux x86_64,906.6,exact
Eclat_Gen_Borgelt,1,kddcup99,minsup,0.76716775,0.4224,109.38,34,False,,20260924_125510,1000000,135,10,extension,Linux x86_64,109.67,exact
FPgrowth_Gen_Borgelt,1,kddcup99,minsup,0.76716775,0.3795,109.52,34,False,,20260924_125510,1000000,135,10,extension,Linux x86_64,109.76,exact
Gr_growth,1,kddcup99,minsup,0.76716775,0.3125,13.6,35,False,,20260924_125510,1000000,135,10,extension,Linux x86_64,13.95,exact
Pascal,1,kddcup99,minsup,0.76716775,1.3842,638.95,34,False,,20260924_125512,1000000,135,10,extension,Linux x86_64,592.58,exact
TalkyG_Diffset,1,kddcup99,minsup,0.76716775,1.3352,697.42,35,False,,20260924_125512,1000000,135,10,extension,Linux x86_64,689.86,exact
Talky_G,1,kddcup99,minsup,0.76716775,1.4308,683.85,35,False,,20260924_125513,1000000,135,10,extension,Linux x86_64,806.24,exact
Apriori_Gen_Borgelt,1,onlineretail,minsup,0.017636528480632,0.1338,35.79,54,False,,20260924_125514,540455,2603,10,extension,Linux x86_64,36.01,exact
Zart,1,kddcup99,minsup,0.76716775,2.0421,1333.46,35,False,,20260924_125514,1000000,135,10,extension,Linux x86_64,1173.86,exact
DefMe,1,onlineretail,minsup,0.017636528480632,0.5899,686.96,55,False,,20260924_125514,540455,2603,10,extension,Linux x86_64,628.89,exact
Eclat_Gen_Borgelt,1,onlineretail,minsup,0.017636528480632,0.1429,35.79,54,False,,20260924_125515,540455,2603,10,extension,Linux x86_64,36.12,exact
FPgrowth_Gen_Borgelt,1,onlineretail,minsup,0.017636528480632,0.1452,35.91,54,False,,20260924_125515,540455,2603,10,extension,Linux x86_64,36.0,exact
Gr_growth,1,onlineretail,minsup,0.017636528480632,0.1011,13.6,55,False,,20260924_125515,540455,2603,10,extension,Linux x86_64,14.04,exact
TalkyG_Diffset,1,onlineretail,minsup,0.017636528480632,0.5796,527.21,55,False,,20260924_125516,540455,2603,10,extension,Linux x86_64,525.02,exact
Talky_G,1,onlineretail,minsup,0.017636528480632,0.6118,650.92,55,False,,20260924_125517,540455,2603,10,extension,Linux x86_64,671.02,exact
Zart,1,onlineretail,minsup,0.017636528480632,4.6665,826.25,55,False,,20260924_125522,540455,2603,10,extension,Linux x86_64,808.08,exact
Pascal,1,onlineretail,minsup,0.017636528480632,7.1688,276.56,54,False,,20260924_125522,540455,2603,10,extension,Linux x86_64,284.84,exact
Apriori_Gen_Borgelt,1,pamap,minsup,0.87309175,0.6862,139.36,21,False,,20260924_125523,1000000,82,10,extension,Linux x86_64,139.85,exact
Eclat_Gen_Borgelt,1,pamap,minsup,0.87309175,0.6918,139.21,21,False,,20260924_125523,1000000,82,10,extension,Linux x86_64,139.93,exact
DefMe,1,pamap,minsup,0.87309175,1.3447,1220.78,22,False,,20260924_125524,1000000,82,10,extension,Linux x86_64,1165.31,exact
FPgrowth_Gen_Borgelt,1,pamap,minsup,0.87309175,0.6506,139.36,21,False,,20260924_125524,1000000,82,10,extension,Linux x86_64,139.98,exact
Gr_growth,1,pamap,minsup,0.87309175,0.4039,13.6,22,False,,20260924_125525,1000000,82,10,extension,Linux x86_64,14.0,exact
TalkyG_Diffset,1,pamap,minsup,0.87309175,1.8575,1230.96,22,False,,20260924_125527,1000000,82,10,extension,Linux x86_64,1212.67,exact
Pascal,1,pamap,minsup,0.87309175,2.493,674.12,21,False,,20260924_125527,1000000,82,10,extension,Linux x86_64,682.41,exact
Talky_G,1,pamap,minsup,0.87309175,2.0549,1294.46,22,False,,20260924_125529,1000000,82,10,extension,Linux x86_64,1252.39,exact
Apriori_Gen_Borgelt,1,recordlink,minsup,0.7772354251860716,0.1783,46.44,33,False,,20260924_125529,574913,27,10,extension,Linux x86_64,46.63,exact
DefMe,1,recordlink,minsup,0.7772354251860716,0.4789,278.78,34,False,,20260924_125530,574913,27,10,extension,Linux x86_64,278.88,exact
Zart,1,pamap,minsup,0.87309175,2.8441,1778.36,22,False,,20260924_125530,1000000,82,10,extension,Linux x86_64,1879.73,exact
Eclat_Gen_Borgelt,1,recordlink,minsup,0.7772354251860716,0.1804,46.51,33,False,,20260924_125530,574913,27,10,extension,Linux x86_64,46.71,exact
FPgrowth_Gen_Borgelt,1,recordlink,minsup,0.7772354251860716,0.1604,46.54,33,False,,20260924_125531,574913,27,10,extension,Linux x86_64,46.75,exact
Gr_growth,1,recordlink,minsup,0.7772354251860716,0.0999,13.63,34,False,,20260924_125531,574913,27,10,extension,Linux x86_64,13.97,exact
Pascal,1,recordlink,minsup,0.7772354251860716,0.7135,337.64,33,False,,20260924_125532,574913,27,10,extension,Linux x86_64,339.2,exact
TalkyG_Diffset,1,recordlink,minsup,0.7772354251860716,0.5669,279.54,34,False,,20260924_125532,574913,27,10,extension,Linux x86_64,271.16,exact
Talky_G,1,recordlink,minsup,0.7772354251860716,0.6806,274.68,34,False,,20260924_125532,574913,27,10,extension,Linux x86_64,316.26,exact
Zart,1,recordlink,minsup,0.7772354251860716,1.046,547.47,34,False,,20260924_125533,574913,27,10,extension,Linux x86_64,582.79,exact
Apriori_Gen_Borgelt,1,chicago,minsup,0.0014940977925552,0.5623,132.84,378,False,,20260924_125533,2662309,35,100,extension,Linux x86_64,133.05,exact
Eclat_Gen_Borgelt,1,chicago,minsup,0.0014940977925552,0.5576,132.85,378,False,,20260924_125534,2662309,35,100,extension,Linux x86_64,133.19,exact
DefMe,1,chicago,minsup,0.0014940977925552,0.9103,996.71,379,False,,20260924_125534,2662309,35,100,extension,Linux x86_64,1051.68,exact
Gr_growth,1,chicago,minsup,0.0014940977925552,0.1865,14.53,379,False,,20260924_125534,2662309,35,100,extension,Linux x86_64,14.86,exact
FPgrowth_Gen_Borgelt,1,chicago,minsup,0.0014940977925552,0.5575,132.33,378,False,,20260924_125535,2662309,35,100,extension,Linux x86_64,133.14,exact
TalkyG_Diffset,1,chicago,minsup,0.0014940977925552,0.8067,895.71,379,False,,20260924_125536,2662309,35,100,extension,Linux x86_64,810.47,exact
Talky_G,1,chicago,minsup,0.0014940977925552,0.7825,820.85,379,False,,20260924_125537,2662309,35,100,extension,Linux x86_64,762.86,exact
Pascal,1,chicago,minsup,0.0014940977925552,16.6443,379.52,378,False,,20260924_125551,2662309,35,100,extension,Linux x86_64,393.04,exact
Apriori_Gen_Borgelt,1,kddcup99,minsup,0.45114675,0.4542,109.21,3394,False,,20260924_125552,1000000,135,100,extension,Linux x86_64,109.64,exact
DefMe,1,kddcup99,minsup,0.45114675,1.5365,1415.4,3395,False,,20260924_125554,1000000,135,100,extension,Linux x86_64,1406.8,exact
Eclat_Gen_Borgelt,1,kddcup99,minsup,0.45114675,0.4993,109.32,3394,False,,20260924_125555,1000000,135,100,extension,Linux x86_64,109.76,exact
FPgrowth_Gen_Borgelt,1,kddcup99,minsup,0.45114675,0.4676,109.38,3394,False,,20260924_125555,1000000,135,100,extension,Linux x86_64,109.66,exact
Gr_growth,1,kddcup99,minsup,0.45114675,0.2815,13.64,3395,False,,20260924_125556,1000000,135,100,extension,Linux x86_64,13.9,exact
Zart,1,chicago,minsup,0.0014940977925552,25.105,1229.48,379,False,,20260924_125602,2662309,35,100,extension,Linux x86_64,1304.64,exact
TalkyG_Diffset,1,kddcup99,minsup,0.45114675,1.4233,818.47,3687,False,,20260924_125604,1000000,135,100,extension,Linux x86_64,783.72,exact
Talky_G,1,kddcup99,minsup,0.45114675,1.3662,815.58,3687,False,,20260924_125605,1000000,135,100,extension,Linux x86_64,805.22,exact
Pascal,1,kddcup99,minsup,0.45114675,40.6292,622.07,3394,False,,20260924_125637,1000000,135,100,extension,Linux x86_64,608.15,exact
Apriori_Gen_Borgelt,1,onlineretail,minsup,0.0058890194373259,0.141,35.62,270,False,,20260924_125637,540455,2603,100,extension,Linux x86_64,36.0,exact
DefMe,1,onlineretail,minsup,0.0058890194373259,0.7731,1141.87,271,False,,20260924_125638,540455,2603,100,extension,Linux x86_64,1117.08,exact
Eclat_Gen_Borgelt,1,onlineretail,minsup,0.0058890194373259,0.15,35.94,270,False,,20260924_125638,540455,2603,100,extension,Linux x86_64,36.08,exact
FPgrowth_Gen_Borgelt,1,onlineretail,minsup,0.0058890194373259,0.1502,35.62,270,False,,20260924_125639,540455,2603,100,extension,Linux x86_64,36.12,exact
Gr_growth,1,onlineretail,minsup,0.0058890194373259,0.1492,13.75,271,False,,20260924_125639,540455,2603,100,extension,Linux x86_64,14.12,exact
Pascal,1,onlineretail,minsup,0.0058890194373259,92.667,282.67,270,False,,20260924_125812,540455,2603,100,extension,Linux x86_64,283.02,exact
TalkyG_Diffset,1,onlineretail,minsup,0.0058890194373259,0.5556,570.27,271,False,,20260924_125813,540455,2603,100,extension,Linux x86_64,519.51,exact
Talky_G,1,onlineretail,minsup,0.0058890194373259,0.6172,663.88,271,False,,20260924_125814,540455,2603,100,extension,Linux x86_64,686.21,exact
Zart,1,onlineretail,minsup,0.0058890194373259,87.3878,784.0,271,False,,20260924_125941,540455,2603,100,extension,Linux x86_64,849.51,exact
Apriori_Gen_Borgelt,1,pamap,minsup,0.63655675,0.754,139.55,1673,False,,20260924_125942,1000000,82,100,extension,Linux x86_64,139.86,exact
DefMe,1,pamap,minsup,0.63655675,1.5887,1705.5,1674,False,,20260924_125944,1000000,82,100,extension,Linux x86_64,1739.82,exact
Eclat_Gen_Borgelt,1,pamap,minsup,0.63655675,0.7684,139.68,1673,False,,20260924_125945,1000000,82,100,extension,Linux x86_64,139.94,exact
FPgrowth_Gen_Borgelt,1,pamap,minsup,0.63655675,0.7153,139.71,1673,False,,20260924_125946,1000000,82,100,extension,Linux x86_64,139.95,exact
Gr_growth,1,pamap,minsup,0.63655675,0.4392,14.06,1674,False,,20260924_125947,1000000,82,100,extension,Linux x86_64,14.35,exact
Pascal,1,pamap,minsup,0.63655675,54.9236,675.94,1673,False,,20260924_130042,1000000,82,100,extension,Linux x86_64,655.23,exact
TalkyG_Diffset,1,pamap,minsup,0.63655675,2.0118,1745.98,1674,False,,20260924_130044,1000000,82,100,extension,Linux x86_64,1797.96,exact
Talky_G,1,pamap,minsup,0.63655675,2.0661,1620.77,1674,False,,20260924_130046,1000000,82,100,extension,Linux x86_64,1465.4,exact
Zart,1,kddcup99,minsup,0.45114675,354.6493,1336.42,3395,False,,20260924_130200,1000000,135,100,extension,Linux x86_64,1421.39,exact
Apriori_Gen_Borgelt,1,recordlink,minsup,0.0439401265930671,0.2227,50.21,2550,False,,20260924_130201,574913,27,100,extension,Linux x86_64,50.29,exact
DefMe,1,recordlink,minsup,0.0439401265930671,0.7757,838.53,2551,False,,20260924_130202,574913,27,100,extension,Linux x86_64,827.79,exact
Eclat_Gen_Borgelt,1,recordlink,minsup,0.0439401265930671,0.2371,53.15,2550,False,,20260924_130202,574913,27,100,extension,Linux x86_64,52.14,exact
FPgrowth_Gen_Borgelt,1,recordlink,minsup,0.0439401265930671,0.2224,53.15,2550,False,,20260924_130203,574913,27,100,extension,Linux x86_64,52.26,exact
Gr_growth,1,recordlink,minsup,0.0439401265930671,0.1065,13.75,2551,False,,20260924_130203,574913,27,100,extension,Linux x86_64,14.01,exact
Zart,1,pamap,minsup,0.63655675,90.7496,1883.96,1674,False,,20260924_130217,1000000,82,100,extension,Linux x86_64,1815.95,exact
TalkyG_Diffset,1,recordlink,minsup,0.0439401265930671,0.6844,509.01,2551,False,,20260924_130218,574913,27,100,extension,Linux x86_64,406.65,exact
Talky_G,1,recordlink,minsup,0.0439401265930671,0.6705,377.6,2551,False,,20260924_130219,574913,27,100,extension,Linux x86_64,305.22,exact
Pascal,1,recordlink,minsup,0.0439401265930671,19.602,329.29,2550,False,,20260924_130223,574913,27,100,extension,Linux x86_64,319.17,exact
Apriori_Gen_Borgelt,1,chicago,minsup,9.29644154754388e-06,0.5379,132.49,18503,False,,20260924_130224,2662309,35,1000,extension,Linux x86_64,133.02,exact
DefMe,1,chicago,minsup,9.29644154754388e-06,7.0549,1836.28,18504,False,,20260924_130231,2662309,35,1000,extension,Linux x86_64,1822.45,exact
Eclat_Gen_Borgelt,1,chicago,minsup,9.29644154754388e-06,0.5375,135.05,18503,False,,20260924_130232,2662309,35,1000,extension,Linux x86_64,133.07,exact
FPgrowth_Gen_Borgelt,1,chicago,minsup,9.29644154754388e-06,0.5184,134.06,18503,False,,20260924_130232,2662309,35,1000,extension,Linux x86_64,133.1,exact
Gr_growth,1,chicago,minsup,9.29644154754388e-06,0.2069,15.3,18504,False,,20260924_130233,2662309,35,1000,extension,Linux x86_64,15.54,exact
Zart,1,recordlink,minsup,0.0439401265930671,98.4032,766.5,2551,False,,20260924_130358,574913,27,100,extension,Linux x86_64,784.78,exact
TalkyG_Diffset,1,chicago,minsup,9.29644154754388e-06,3.398,1864.03,18506,False,,20260924_130401,2662309,35,1000,extension,Linux x86_64,1894.39,exact
Talky_G,1,chicago,minsup,9.29644154754388e-06,2.2952,1903.22,18506,False,,20260924_130404,2662309,35,1000,extension,Linux x86_64,1930.95,exact
Pascal,1,chicago,minsup,9.29644154754388e-06,229.861,394.77,18503,False,,20260924_130623,2662309,35,1000,extension,Linux x86_64,396.95,exact
Apriori_Gen_Borgelt,1,kddcup99,minsup,0.00029375,0.5174,113.03,69925,False,,20260924_130624,1000000,135,1000,extension,Linux x86_64,113.39,exact
DefMe,1,kddcup99,minsup,0.00029375,16.3038,1379.25,69926,False,,20260924_130640,1000000,135,1000,extension,Linux x86_64,1307.5,exact
Eclat_Gen_Borgelt,1,kddcup99,minsup,0.00029375,0.553,113.06,69925,False,,20260924_130641,1000000,135,1000,extension,Linux x86_64,109.64,exact
FPgrowth_Gen_Borgelt,1,kddcup99,minsup,0.00029375,0.5021,113.27,69925,False,,20260924_130642,1000000,135,1000,extension,Linux x86_64,109.82,exact
Gr_growth,1,kddcup99,minsup,0.00029375,0.3426,16.14,69926,False,,20260924_130642,1000000,135,1000,extension,Linux x86_64,14.12,exact
Zart,1,chicago,minsup,9.29644154754388e-06,1057.9855,1695.39,18504,False,,20260924_132142,2662309,35,1000,extension,Linux x86_64,1695.39,polled
TalkyG_Diffset,1,kddcup99,minsup,0.00029375,4.2389,1547.34,76770,False,,20260924_132147,1000000,135,1000,extension,Linux x86_64,1517.89,exact
Talky_G,1,kddcup99,minsup,0.00029375,3.3176,1499.53,76770,False,,20260924_132150,1000000,135,1000,extension,Linux x86_64,1465.41,exact
Pascal,1,kddcup99,minsup,0.00029375,3588.2038,767.3,69925,False,,20260924_140631,1000000,135,1000,extension,Linux x86_64,767.3,polled
Apriori_Gen_Borgelt,1,onlineretail,minsup,0.0015334301653236,0.1531,35.82,1510,False,,20260924_140631,540455,2603,1000,extension,Linux x86_64,35.94,exact
DefMe,1,onlineretail,minsup,0.0015334301653236,2.1924,2116.93,1511,False,,20260924_140634,540455,2603,1000,extension,Linux x86_64,2060.48,exact
Eclat_Gen_Borgelt,1,onlineretail,minsup,0.0015334301653236,0.1481,35.78,1510,False,,20260924_140634,540455,2603,1000,extension,Linux x86_64,36.08,exact
FPgrowth_Gen_Borgelt,1,onlineretail,minsup,0.0015334301653236,0.1437,35.63,1510,False,,20260924_140634,540455,2603,1000,extension,Linux x86_64,36.13,exact
Gr_growth,1,onlineretail,minsup,0.0015334301653236,0.1445,13.91,1511,False,,20260924_140635,540455,2603,1000,extension,Linux x86_64,14.29,exact
Pascal,1,onlineretail,minsup,0.0015334301653236,834.7978,289.1,1510,False,,20260924_142030,540455,2603,1000,extension,Linux x86_64,289.1,polled
TalkyG_Diffset,1,onlineretail,minsup,0.0015334301653236,0.6137,603.0,1527,False,,20260924_142031,540455,2603,1000,extension,Linux x86_64,601.33,exact
Talky_G,1,onlineretail,minsup,0.0015334301653236,0.7463,969.79,1527,False,,20260924_142032,540455,2603,1000,extension,Linux x86_64,1028.43,exact
Zart,1,kddcup99,minsup,0.00029375,3600.0609,926.16,0,True,,20260924_142150,1000000,135,1000,extension,Linux x86_64,926.16,polled
Apriori_Gen_Borgelt,1,pamap,minsup,0.04525675,147.862,825.86,20842078,False,,20260924_142420,1000000,82,1000,extension,Linux x86_64,826.47,exact
Zart,1,onlineretail,minsup,0.0015334301653236,800.5185,882.88,1511,False,,20260924_143352,540455,2603,1000,extension,Linux x86_64,882.88,polled
Eclat_Gen_Borgelt,1,pamap,minsup,0.04525675,28.4018,1946.2,20842078,False,,20260924_143422,1000000,82,1000,extension,Linux x86_64,1947.34,exact
FPgrowth_Gen_Borgelt,1,pamap,minsup,0.04525675,23.7877,1960.66,20842078,False,,20260924_143448,1000000,82,1000,extension,Linux x86_64,1957.13,exact
Gr_growth,1,pamap,minsup,0.04525675,21.4911,1033.28,20842079,False,,20260924_143511,1000000,82,1000,extension,Linux x86_64,1034.2,exact
DefMe,1,pamap,minsup,0.04525675,3600.0961,1802.48,18515363,True,,20260924_152421,1000000,82,1000,extension,Linux x86_64,1802.48,polled
Pascal,1,pamap,minsup,0.04525675,3600.1394,690.78,251742,True,,20260924_153511,1000000,82,1000,extension,Linux x86_64,690.78,polled
TalkyG_Diffset,1,pamap,minsup,0.04525675,3600.1739,2934.83,14558305,True,,20260924_162423,1000000,82,1000,extension,Linux x86_64,2934.83,polled
Talky_G,1,pamap,minsup,0.04525675,3600.2053,3007.59,15116610,True,,20260924_163513,1000000,82,1000,extension,Linux x86_64,3007.59,polled
Apriori_Gen_Borgelt,1,recordlink,minsup,0.0001021893747401,0.208,50.01,8989,False,,20260924_163513,574913,27,1000,extension,Linux x86_64,50.64,exact
DefMe,1,recordlink,minsup,0.0001021893747401,1.4279,815.78,8990,False,,20260924_163515,574913,27,1000,extension,Linux x86_64,805.29,exact
Eclat_Gen_Borgelt,1,recordlink,minsup,0.0001021893747401,0.223,56.87,8989,False,,20260924_163515,574913,27,1000,extension,Linux x86_64,57.23,exact
FPgrowth_Gen_Borgelt,1,recordlink,minsup,0.0001021893747401,0.2202,57.17,8989,False,,20260924_163516,574913,27,1000,extension,Linux x86_64,56.55,exact
Gr_growth,1,recordlink,minsup,0.0001021893747401,0.1205,13.92,8990,False,,20260924_163516,574913,27,1000,extension,Linux x86_64,14.31,exact
Pascal,1,recordlink,minsup,0.0001021893747401,56.3277,324.36,8989,False,,20260924_163613,574913,27,1000,extension,Linux x86_64,349.46,exact
TalkyG_Diffset,1,recordlink,minsup,0.0001021893747401,0.8799,829.45,9186,False,,20260924_163614,574913,27,1000,extension,Linux x86_64,784.55,exact
Talky_G,1,recordlink,minsup,0.0001021893747401,0.8454,833.45,9186,False,,20260924_163615,574913,27,1000,extension,Linux x86_64,823.69,exact
Zart,1,recordlink,minsup,0.0001021893747401,608.0888,830.86,8990,False,,20260924_164623,574913,27,1000,extension,Linux x86_64,830.86,polled
Apriori_Gen_Borgelt,1,kddcup99,minsup,2.775e-05,0.5342,113.26,87682,False,,20260924_164624,1000000,135,5000,extension,Linux x86_64,113.46,exact
DefMe,1,kddcup99,minsup,2.775e-05,22.6675,1297.85,87683,False,,20260924_164647,1000000,135,5000,extension,Linux x86_64,1472.67,exact
Eclat_Gen_Borgelt,1,kddcup99,minsup,2.775e-05,0.5512,112.89,87682,False,,20260924_164648,1000000,135,5000,extension,Linux x86_64,109.73,exact
FPgrowth_Gen_Borgelt,1,kddcup99,minsup,2.775e-05,0.5121,113.39,87682,False,,20260924_164648,1000000,135,5000,extension,Linux x86_64,109.73,exact
Gr_growth,1,kddcup99,minsup,2.775e-05,0.3537,16.73,87683,False,,20260924_164649,1000000,135,5000,extension,Linux x86_64,14.12,exact
Zart,1,pamap,minsup,0.04525675,3600.1844,1821.8,0,True,,20260924_172423,1000000,82,1000,extension,Linux x86_64,1821.8,polled
TalkyG_Diffset,1,kddcup99,minsup,2.775e-05,5.1374,1534.2,96853,False,,20260924_172429,1000000,135,5000,extension,Linux x86_64,1561.99,exact
Talky_G,1,kddcup99,minsup,2.775e-05,4.014,1542.3,96853,False,,20260924_172433,1000000,135,5000,extension,Linux x86_64,1564.35,exact
Pascal,1,kddcup99,minsup,2.775e-05,3600.088,776.91,79165,True,,20260924_174649,1000000,135,5000,extension,Linux x86_64,776.91,polled
Apriori_Gen_Borgelt,1,onlineretail,minsup,0.0004010509663154,0.1482,35.75,5987,False,,20260924_174650,540455,2603,5000,extension,Linux x86_64,36.04,exact
DefMe,1,onlineretail,minsup,0.0004010509663154,8.2196,2041.07,5988,False,,20260924_174658,540455,2603,5000,extension,Linux x86_64,2150.64,exact
Eclat_Gen_Borgelt,1,onlineretail,minsup,0.0004010509663154,0.1469,35.91,5987,False,,20260924_174659,540455,2603,5000,extension,Linux x86_64,36.11,exact
FPgrowth_Gen_Borgelt,1,onlineretail,minsup,0.0004010509663154,0.1427,35.78,5987,False,,20260924_174659,540455,2603,5000,extension,Linux x86_64,36.16,exact
Gr_growth,1,onlineretail,minsup,0.0004010509663154,0.1572,13.91,5988,False,,20260924_174659,540455,2603,5000,extension,Linux x86_64,14.48,exact
Zart,1,kddcup99,minsup,2.775e-05,3600.1521,892.87,0,True,,20260924_182433,1000000,135,5000,extension,Linux x86_64,892.87,polled
TalkyG_Diffset,1,onlineretail,minsup,0.0004010509663154,1.0926,2096.0,6116,False,,20260924_182435,540455,2603,5000,extension,Linux x86_64,1651.94,exact
Talky_G,1,onlineretail,minsup,0.0004010509663154,1.0922,1816.75,6116,False,,20260924_182436,540455,2603,5000,extension,Linux x86_64,1756.58,exact
Pascal,1,onlineretail,minsup,0.0004010509663154,3600.1194,287.49,686,True,,20260924_184700,540455,2603,5000,extension,Linux x86_64,287.49,polled
Apriori_Gen_Borgelt,1,pamap,minsup,0.00018775,248.7193,7833.06,0,False,non-zero exit code 1: /home/hanketsu/Desktop/Projects/CENG643/TermProject/external_algos/borgelt/apriori: not enough memory,20260924_185109,1000000,82,5000,extension,Linux x86_64,7833.06,polled
Zart,1,onlineretail,minsup,0.0004010509663154,3069.9668,1757.5,5988,False,,20260924_191546,540455,2603,5000,extension,Linux x86_64,1757.5,polled
Eclat_Gen_Borgelt,1,pamap,minsup,0.00018775,286.6328,7832.04,81536254,False,non-zero exit code 1: /home/hanketsu/Desktop/Projects/CENG643/TermProject/external_algos/borgelt/eclat: not enough memory,20260924_192038,1000000,82,5000,extension,Linux x86_64,7832.04,polled
FPgrowth_Gen_Borgelt,1,pamap,minsup,0.00018775,272.8343,7830.52,81496188,False,non-zero exit code 1: /home/hanketsu/Desktop/Projects/CENG643/TermProject/external_algos/borgelt/fpgrowth: not enough memory,20260924_192516,1000000,82,5000,extension,Linux x86_64,7830.52,polled
Gr_growth,1,pamap,minsup,0.00018775,306.3922,7834.09,163893921,False,killed by signal 6: what():  std::bad_alloc,20260924_193034,1000000,82,5000,extension,Linux x86_64,7834.09,polled
DefMe,1,pamap,minsup,0.00018775,3600.1465,1983.21,14839070,True,,20260924_195110,1000000,82,5000,extension,Linux x86_64,1983.21,polled
Pascal,1,pamap,minsup,0.00018775,3600.0715,696.11,42344,True,,20260924_203034,1000000,82,5000,extension,Linux x86_64,696.11,polled
TalkyG_Diffset,1,pamap,minsup,0.00018775,3600.2017,2336.16,11129983,True,,20260924_205111,1000000,82,5000,extension,Linux x86_64,2336.16,polled
Talky_G,1,pamap,minsup,0.00018775,3600.1952,2363.75,11398930,True,,20260924_213035,1000000,82,5000,extension,Linux x86_64,2363.75,polled
Apriori_Gen_Borgelt,1,onlineretail,minsup,4.024386859220471e-05,0.163,35.67,14687,False,,20260924_213035,540455,2603,20000,extension,Linux x86_64,36.03,exact
DefMe,1,onlineretail,minsup,4.024386859220471e-05,27.3897,2115.43,14688,False,,20260924_213103,540455,2603,20000,extension,Linux x86_64,2247.18,exact
Eclat_Gen_Borgelt,1,onlineretail,minsup,4.024386859220471e-05,0.1527,37.47,14687,False,,20260924_213103,540455,2603,20000,extension,Linux x86_64,37.81,exact
FPgrowth_Gen_Borgelt,1,onlineretail,minsup,4.024386859220471e-05,0.1468,38.25,14687,False,,20260924_213104,540455,2603,20000,extension,Linux x86_64,37.69,exact
Gr_growth,1,onlineretail,minsup,4.024386859220471e-05,0.1566,14.38,14688,False,,20260924_213104,540455,2603,20000,extension,Linux x86_64,14.84,exact
Zart,1,pamap,minsup,0.00018775,3600.2,2039.44,0,True,,20260924_215112,1000000,82,5000,extension,Linux x86_64,2039.44,polled
TalkyG_Diffset,1,onlineretail,minsup,4.024386859220471e-05,1.8719,1654.93,15221,False,,20260924_215114,540455,2603,20000,extension,Linux x86_64,2079.16,exact
Talky_G,1,onlineretail,minsup,4.024386859220471e-05,1.6833,2133.53,15221,False,,20260924_215116,540455,2603,20000,extension,Linux x86_64,2081.04,exact
Pascal,1,onlineretail,minsup,4.024386859220471e-05,3600.0886,299.98,1614,True,,20260924_223104,540455,2603,20000,extension,Linux x86_64,299.98,polled
Zart,1,onlineretail,minsup,4.024386859220471e-05,3600.195,2325.71,0,True,,20260924_225116,540455,2603,20000,extension,Linux x86_64,2325.71,polled
