algorithm,category,dataset,param_name,param_value,runtime_s,peak_memory_mb,generator_count,timed_out,error,timestamp,source,machine,peak_memory_mb_polled,memory_method
DefMe,1,connect,minsup,0.2,39.339,1112.82,1482862,False,,20260604_215741,rerun,Linux x86_64,1074.08,exact
DefMe,1,connect,minsup,0.3,12.4079,997.82,460357.0,False,,20260604_215741,remeasured,Linux x86_64,1168.03,exact
DefMe,1,connect,minsup,0.5,3.4386,1090.26,130102.0,False,,20260604_215741,remeasured,Linux x86_64,1137.27,exact
DefMe,1,connect,minsup,0.7,1.2143,890.95,35876.0,False,,20260604_215741,remeasured,Linux x86_64,926.57,exact
DefMe,1,chess,minsup,0.2,33.3844,751.8,25031186,False,,20260604_215741,rerun,Linux x86_64,742.77,exact
DefMe,1,chess,minsup,0.3,6.4614,590.56,5601829.0,False,,20260604_215741,remeasured,Linux x86_64,758.67,exact
DefMe,1,chess,minsup,0.5,0.6254,473.41,372604.0,False,,20260604_215741,remeasured,Linux x86_64,469.82,exact
DefMe,1,chess,minsup,0.7,0.2326,158.77,23893.0,False,,20260604_215741,remeasured,Linux x86_64,158.02,exact
DefMe,1,t10i4d100k,minsup,0.2,0.2793,150.71,1.0,False,,20260604_215741,remeasured,Linux x86_64,150.65,exact
DefMe,1,t10i4d100k,minsup,0.3,0.2721,151.82,1.0,False,,20260604_215741,remeasured,Linux x86_64,150.3,exact
DefMe,1,t10i4d100k,minsup,0.5,0.2807,149.84,1.0,False,,20260604_215741,remeasured,Linux x86_64,150.09,exact
DefMe,1,t10i4d100k,minsup,0.7,0.2792,154.07,1.0,False,,20260604_215741,remeasured,Linux x86_64,149.34,exact
DefMe,1,retail,minsup,0.2,0.378,478.55,4.0,False,,20260604_215741,remeasured,Linux x86_64,480.78,exact
DefMe,1,retail,minsup,0.3,0.3836,484.46,4.0,False,,20260604_215741,remeasured,Linux x86_64,481.32,exact
DefMe,1,retail,minsup,0.5,0.3782,481.9,2.0,False,,20260604_215741,remeasured,Linux x86_64,481.75,exact
DefMe,1,retail,minsup,0.7,0.3754,481.86,1.0,False,,20260604_215741,remeasured,Linux x86_64,484.17,exact
Talky_G,1,connect,minsup,0.2,36.2326,728.72,1482862,False,,20260604_215741,rerun,Linux x86_64,732.58,exact
Talky_G,1,connect,minsup,0.3,2.9281,643.98,460357.0,False,,20260604_215741,remeasured,Linux x86_64,652.76,exact
Talky_G,1,connect,minsup,0.5,0.877,514.44,130102.0,False,,20260604_215741,remeasured,Linux x86_64,508.84,exact
Talky_G,1,connect,minsup,0.7,0.5948,348.08,35876.0,False,,20260604_215741,remeasured,Linux x86_64,342.76,exact
Talky_G,1,chess,minsup,0.3,994.1657,871.21,5601874,False,,20260604_215741,rerun,Linux x86_64,871.21,polled
Talky_G,1,chess,minsup,0.5,3.0274,379.3,372604.0,False,,20260604_215741,remeasured,Linux x86_64,378.37,exact
Talky_G,1,chess,minsup,0.7,0.2556,115.34,23893.0,False,,20260604_215741,remeasured,Linux x86_64,115.79,exact
Talky_G,1,t10i4d100k,minsup,0.2,0.3068,152.2,1.0,False,,20260604_215741,remeasured,Linux x86_64,144.77,exact
Talky_G,1,t10i4d100k,minsup,0.3,0.3159,152.18,1.0,False,,20260604_215741,remeasured,Linux x86_64,143.71,exact
Talky_G,1,t10i4d100k,minsup,0.5,0.3144,153.44,1.0,False,,20260604_215741,remeasured,Linux x86_64,146.52,exact
Talky_G,1,t10i4d100k,minsup,0.7,0.3118,151.88,1.0,False,,20260604_215741,remeasured,Linux x86_64,146.02,exact
Talky_G,1,retail,minsup,0.2,0.6051,1153.82,4.0,False,,20260604_215741,remeasured,Linux x86_64,1153.61,exact
Talky_G,1,retail,minsup,0.3,0.6143,1152.38,4.0,False,,20260604_215741,remeasured,Linux x86_64,1154.89,exact
Talky_G,1,retail,minsup,0.5,0.6138,1155.51,2.0,False,,20260604_215741,remeasured,Linux x86_64,1152.29,exact
Talky_G,1,retail,minsup,0.7,0.6108,1150.65,1.0,False,,20260604_215741,remeasured,Linux x86_64,1153.19,exact
Pascal,1,connect,minsup,0.2,3600.0901,1050.15,,True,,20260605_080337,rerun,Linux x86_64,1050.15,polled
Pascal,1,connect,minsup,0.3,3600.1463,818.22,,True,,20260605_080337,rerun,Linux x86_64,818.22,polled
Pascal,1,connect,minsup,0.5,3600.1394,733.87,,True,,20260605_080337,rerun,Linux x86_64,733.87,polled
Pascal,1,connect,minsup,0.7,3600.1371,566.24,,True,,20260605_080337,rerun,Linux x86_64,566.24,polled
Pascal,1,chess,minsup,0.2,3600.1119,731.03,,True,,20260605_080337,rerun,Linux x86_64,731.03,polled
Pascal,1,chess,minsup,0.3,3600.0519,768.73,,True,,20260605_080337,rerun,Linux x86_64,768.73,polled
Pascal,1,chess,minsup,0.5,441.1246,415.89,372603,False,,20260605_080337,rerun,Linux x86_64,419.19,exact
Pascal,1,chess,minsup,0.7,3.0817,104.99,23892.0,False,,20260605_080337,remeasured,Linux x86_64,96.81,exact
Pascal,1,t10i4d100k,minsup,0.2,0.2441,124.71,0.0,False,,20260605_080337,remeasured,Linux x86_64,129.15,exact
Pascal,1,t10i4d100k,minsup,0.3,0.2513,129.48,0.0,False,,20260605_080337,remeasured,Linux x86_64,128.52,exact
Pascal,1,t10i4d100k,minsup,0.5,0.2453,129.3,0.0,False,,20260605_080337,remeasured,Linux x86_64,130.39,exact
Pascal,1,t10i4d100k,minsup,0.7,0.2551,128.42,0.0,False,,20260605_080337,remeasured,Linux x86_64,128.49,exact
Pascal,1,retail,minsup,0.2,0.271,123.56,3.0,False,,20260605_080337,remeasured,Linux x86_64,125.69,exact
Pascal,1,retail,minsup,0.3,0.2713,125.85,3.0,False,,20260605_080337,remeasured,Linux x86_64,120.96,exact
Pascal,1,retail,minsup,0.5,0.2582,125.28,1.0,False,,20260605_080337,remeasured,Linux x86_64,125.97,exact
Pascal,1,retail,minsup,0.7,0.2531,124.11,0.0,False,,20260605_080337,remeasured,Linux x86_64,124.21,exact
Zart,1,connect,minsup,0.2,3600.1313,551.76,,True,,20260605_080337,rerun,Linux x86_64,551.76,polled
Zart,1,connect,minsup,0.3,3600.1297,548.79,,True,,20260605_080337,rerun,Linux x86_64,548.79,polled
Zart,1,connect,minsup,0.5,3600.1279,481.43,,True,,20260605_080337,rerun,Linux x86_64,481.43,polled
Zart,1,connect,minsup,0.7,3600.131,501.77,,True,,20260605_080337,rerun,Linux x86_64,501.77,polled
Zart,1,chess,minsup,0.2,3600.1367,546.62,,True,,20260605_080337,rerun,Linux x86_64,546.62,polled
Zart,1,chess,minsup,0.3,3600.1341,617.25,,True,,20260605_080337,rerun,Linux x86_64,617.25,polled
Zart,1,chess,minsup,0.5,3600.0631,565.08,,True,,20260605_080337,rerun,Linux x86_64,565.08,polled
Zart,1,chess,minsup,0.7,44.1872,404.79,23893,False,,20260605_080337,rerun,Linux x86_64,399.76,exact
Zart,1,t10i4d100k,minsup,0.2,0.3054,156.22,0.0,False,,20260605_080337,remeasured,Linux x86_64,149.47,exact
Zart,1,t10i4d100k,minsup,0.3,0.2949,155.03,0.0,False,,20260605_080337,remeasured,Linux x86_64,149.95,exact
Zart,1,t10i4d100k,minsup,0.5,0.306,153.89,0.0,False,,20260605_080337,remeasured,Linux x86_64,147.57,exact
Zart,1,t10i4d100k,minsup,0.7,0.2976,150.1,0.0,False,,20260605_080337,remeasured,Linux x86_64,145.89,exact
Zart,1,retail,minsup,0.2,0.3404,151.78,4.0,False,,20260605_080337,remeasured,Linux x86_64,145.31,exact
Zart,1,retail,minsup,0.3,0.3292,151.32,4.0,False,,20260605_080337,remeasured,Linux x86_64,147.05,exact
Zart,1,retail,minsup,0.5,0.3163,152.5,2.0,False,,20260605_080337,remeasured,Linux x86_64,145.61,exact
Zart,1,retail,minsup,0.7,0.3161,151.05,0.0,False,,20260605_080337,remeasured,Linux x86_64,145.67,exact
TalkyG_Diffset,1,connect,minsup,0.2,39.8986,876.0,1482862,False,,20260605_080337,rerun,Linux x86_64,877.66,exact
TalkyG_Diffset,1,connect,minsup,0.3,3.5146,963.05,460357.0,False,,20260605_080337,remeasured,Linux x86_64,1002.9,exact
TalkyG_Diffset,1,connect,minsup,0.5,1.0608,650.89,130102.0,False,,20260605_080337,remeasured,Linux x86_64,652.16,exact
TalkyG_Diffset,1,connect,minsup,0.7,0.6369,359.92,35876.0,False,,20260605_080337,remeasured,Linux x86_64,349.13,exact
TalkyG_Diffset,1,chess,minsup,0.2,3600.1187,1581.16,,True,,20260605_080337,rerun,Linux x86_64,1581.16,polled
TalkyG_Diffset,1,chess,minsup,0.3,946.3379,912.7,5601874,False,,20260605_080337,rerun,Linux x86_64,912.7,polled
TalkyG_Diffset,1,chess,minsup,0.5,2.9883,410.01,372604.0,False,,20260605_080337,remeasured,Linux x86_64,410.52,exact
TalkyG_Diffset,1,chess,minsup,0.7,0.2685,127.71,23893.0,False,,20260605_080337,remeasured,Linux x86_64,128.51,exact
TalkyG_Diffset,1,t10i4d100k,minsup,0.2,0.3045,153.45,1.0,False,,20260605_080337,remeasured,Linux x86_64,143.7,exact
TalkyG_Diffset,1,t10i4d100k,minsup,0.3,0.3083,151.56,1.0,False,,20260605_080337,remeasured,Linux x86_64,146.74,exact
TalkyG_Diffset,1,t10i4d100k,minsup,0.5,0.3079,151.83,1.0,False,,20260605_080337,remeasured,Linux x86_64,146.32,exact
TalkyG_Diffset,1,t10i4d100k,minsup,0.7,0.3031,154.51,1.0,False,,20260605_080337,remeasured,Linux x86_64,145.75,exact
TalkyG_Diffset,1,retail,minsup,0.2,0.5924,1161.95,4.0,False,,20260605_080337,remeasured,Linux x86_64,1155.82,exact
TalkyG_Diffset,1,retail,minsup,0.3,0.6091,1117.43,4.0,False,,20260605_080337,remeasured,Linux x86_64,1162.74,exact
TalkyG_Diffset,1,retail,minsup,0.5,0.5985,1116.02,2.0,False,,20260605_080337,remeasured,Linux x86_64,1156.26,exact
TalkyG_Diffset,1,retail,minsup,0.7,0.5905,1159.84,1.0,False,,20260605_080337,remeasured,Linux x86_64,1155.38,exact
FGC_Stream,5,connect,minsup,0.2,3600.1129,72.45,,True,,20260605_080337,rerun,Linux x86_64,72.45,polled
FGC_Stream,5,connect,minsup,0.3,3600.0319,98.11,,True,,20260605_080337,rerun,Linux x86_64,98.11,polled
FGC_Stream,5,connect,minsup,0.5,3600.0802,152.23,,True,,20260605_080337,rerun,Linux x86_64,152.23,polled
FGC_Stream,5,connect,minsup,0.7,3600.0995,208.75,,True,,20260605_080337,rerun,Linux x86_64,208.75,polled
FGC_Stream,5,chess,minsup,0.2,3600.1218,651.84,,True,,20260605_080337,rerun,Linux x86_64,651.84,polled
FGC_Stream,5,chess,minsup,0.3,3600.126,459.46,,True,,20260605_080337,rerun,Linux x86_64,459.46,polled
FGC_Stream,5,chess,minsup,0.5,3600.0493,389.12,,True,,20260605_080337,rerun,Linux x86_64,389.12,polled
FGC_Stream,5,chess,minsup,0.7,911.3875,56.66,23992,False,,20260605_080337,rerun,Linux x86_64,56.66,polled
FGC_Stream,5,t10i4d100k,minsup,0.2,0.6982,97.63,1,False,,20260605_080337,rerun,Linux x86_64,98.11,exact
FGC_Stream,5,t10i4d100k,minsup,0.3,0.7099,97.64,1,False,,20260605_080337,rerun,Linux x86_64,98.11,exact
FGC_Stream,5,t10i4d100k,minsup,0.5,0.6987,97.48,1,False,,20260605_080337,rerun,Linux x86_64,98.13,exact
FGC_Stream,5,t10i4d100k,minsup,0.7,0.6667,97.47,1,False,,20260605_080337,rerun,Linux x86_64,98.11,exact
FGC_Stream,5,retail,minsup,0.2,34.3437,95.71,4,False,,20260605_080337,rerun,Linux x86_64,96.29,exact
FGC_Stream,5,retail,minsup,0.3,53.2454,95.71,4,False,,20260605_080337,rerun,Linux x86_64,96.27,exact
FGC_Stream,5,retail,minsup,0.5,0.8554,95.93,2,False,,20260605_080337,rerun,Linux x86_64,96.25,exact
FGC_Stream,5,retail,minsup,0.7,0.8061,95.76,1,False,,20260605_080337,rerun,Linux x86_64,96.22,exact
Arima,5,connect,maxsup,0.1,3600.2003,2858.83,,True,,20260605_080337,rerun,Linux x86_64,2858.83,polled
Arima,5,connect,maxsup,0.2,394.5635,8258.57,,False,java.lang.OutOfMemoryError: Java heap space,20260605_080337,rerun,Linux x86_64,8258.57,polled
Arima,5,connect,maxsup,0.3,209.9342,8270.09,,False,java.lang.OutOfMemoryError: Java heap space,20260605_080337,rerun,Linux x86_64,8270.09,polled
Arima,5,chess,maxsup,0.1,67.1115,8230.62,,False,java.lang.OutOfMemoryError: Java heap space,20260605_080337,rerun,Linux x86_64,8230.62,polled
Arima,5,chess,maxsup,0.2,70.5496,8265.13,,False,java.lang.OutOfMemoryError: Java heap space,20260605_080337,rerun,Linux x86_64,8265.13,polled
Arima,5,chess,maxsup,0.3,67.7226,7366.21,180161,False,,20260605_080337,rerun,Linux x86_64,7234.66,exact
Arima,5,t10i4d100k,maxsup,0.1,0.217,95.76,870.0,False,,20260605_080337,remeasured,Linux x86_64,98.96,exact
Arima,5,t10i4d100k,maxsup,0.2,0.2249,95.27,870.0,False,,20260605_080337,remeasured,Linux x86_64,98.24,exact
Arima,5,t10i4d100k,maxsup,0.3,0.2133,99.11,870.0,False,,20260605_080337,remeasured,Linux x86_64,95.73,exact
Arima,5,retail,maxsup,0.1,0.2727,108.88,16472.0,False,,20260605_080337,remeasured,Linux x86_64,106.91,exact
Arima,5,retail,maxsup,0.2,0.2617,107.75,16468.0,False,,20260605_080337,remeasured,Linux x86_64,107.32,exact
Arima,5,retail,maxsup,0.3,0.2557,108.42,16468.0,False,,20260605_080337,remeasured,Linux x86_64,107.41,exact
DefMe,1,mushroom,minsup,0.2,0.2205,122.4,1704.0,False,,20260722_121411,remeasured,Linux x86_64,125.58,exact
DefMe,1,mushroom,minsup,0.3,0.2045,94.34,544.0,False,,20260722_121411,remeasured,Linux x86_64,96.62,exact
DefMe,1,mushroom,minsup,0.5,0.2096,96.62,53.0,False,,20260722_121411,remeasured,Linux x86_64,96.76,exact
DefMe,1,mushroom,minsup,0.7,0.2074,93.88,13.0,False,,20260722_121411,remeasured,Linux x86_64,99.45,exact
Talky_G,1,mushroom,minsup,0.2,0.2252,98.43,1852.0,False,,20260722_121411,remeasured,Linux x86_64,98.2,exact
Talky_G,1,mushroom,minsup,0.3,0.2265,96.07,551.0,False,,20260722_121411,remeasured,Linux x86_64,100.84,exact
Talky_G,1,mushroom,minsup,0.5,0.2102,96.1,52.0,False,,20260722_121411,remeasured,Linux x86_64,97.38,exact
Talky_G,1,mushroom,minsup,0.7,0.215,96.0,12.0,False,,20260722_121411,remeasured,Linux x86_64,95.54,exact
Pascal,1,mushroom,minsup,0.2,0.9832,109.09,1703.0,False,,20260722_121411,remeasured,Linux x86_64,110.0,exact
Pascal,1,mushroom,minsup,0.3,0.3789,98.48,543.0,False,,20260722_121411,remeasured,Linux x86_64,97.03,exact
Pascal,1,mushroom,minsup,0.5,0.224,99.4,52.0,False,,20260722_121411,remeasured,Linux x86_64,97.51,exact
Pascal,1,mushroom,minsup,0.7,0.1977,102.22,12.0,False,,20260722_121411,remeasured,Linux x86_64,105.0,exact
Zart,1,mushroom,minsup,0.2,44.2896,395.38,1704,False,,20260722_121411,rerun,Linux x86_64,384.95,exact
Zart,1,mushroom,minsup,0.3,1.2506,198.01,544.0,False,,20260722_121411,remeasured,Linux x86_64,195.08,exact
Zart,1,mushroom,minsup,0.5,0.2785,107.58,53.0,False,,20260722_121411,remeasured,Linux x86_64,99.1,exact
Zart,1,mushroom,minsup,0.7,0.2146,95.3,13.0,False,,20260722_121411,remeasured,Linux x86_64,98.31,exact
TalkyG_Diffset,1,mushroom,minsup,0.2,0.2252,99.75,1852.0,False,,20260722_121411,remeasured,Linux x86_64,96.39,exact
TalkyG_Diffset,1,mushroom,minsup,0.3,0.2251,97.12,551.0,False,,20260722_121411,remeasured,Linux x86_64,99.91,exact
TalkyG_Diffset,1,mushroom,minsup,0.5,0.2134,96.25,52.0,False,,20260722_121411,remeasured,Linux x86_64,97.75,exact
TalkyG_Diffset,1,mushroom,minsup,0.7,0.2185,97.82,12.0,False,,20260722_121411,remeasured,Linux x86_64,96.37,exact
FGC_Stream,5,mushroom,minsup,0.2,134.1415,24.49,1704,False,,20260722_121411,rerun,Linux x86_64,24.63,exact
FGC_Stream,5,mushroom,minsup,0.3,69.8936,23.31,544,False,,20260722_121411,rerun,Linux x86_64,23.66,exact
FGC_Stream,5,mushroom,minsup,0.5,8.3822,22.46,53,False,,20260722_121411,rerun,Linux x86_64,23.27,exact
FGC_Stream,5,mushroom,minsup,0.7,0.4118,22.18,13,False,,20260722_121411,rerun,Linux x86_64,22.89,exact
Arima,5,mushroom,maxsup,0.1,1.343,342.01,3077.0,False,,20260722_121411,remeasured,Linux x86_64,329.59,exact
Arima,5,mushroom,maxsup,0.2,0.27,112.59,1004.0,False,,20260722_121411,remeasured,Linux x86_64,108.01,exact
Arima,5,mushroom,maxsup,0.3,0.2108,88.53,409.0,False,,20260722_121411,remeasured,Linux x86_64,89.55,exact
Apriori_Gen_Borgelt,1,mushroom,minsup,0.1,0.1027,4.95,7584.0,False,,20260902_225814,remeasured,Linux x86_64,5.12,exact
Apriori_Gen_Borgelt,1,mushroom,minsup,0.15,0.0356,3.95,3082.0,False,,20260902_225814,remeasured,Linux x86_64,4.22,exact
Apriori_Gen_Borgelt,1,mushroom,minsup,0.2,0.0211,3.96,1703.0,False,,20260902_225814,remeasured,Linux x86_64,4.21,exact
Apriori_Gen_Borgelt,1,mushroom,minsup,0.3,0.009,3.94,543.0,False,,20260902_225814,remeasured,Linux x86_64,4.16,exact
Apriori_Gen_Borgelt,1,mushroom,minsup,0.4,0.0083,3.99,152.0,False,,20260902_225814,remeasured,Linux x86_64,3.91,exact
Apriori_Gen_Borgelt,1,mushroom,minsup,0.5,0.008,3.97,52.0,False,,20260902_225814,remeasured,Linux x86_64,3.92,exact
Apriori_Gen_Borgelt,1,mushroom,minsup,0.6,0.0088,4.05,20.0,False,,20260902_225814,remeasured,Linux x86_64,3.79,exact
Apriori_Gen_Borgelt,1,mushroom,minsup,0.7,0.0062,3.95,12.0,False,,20260902_225814,remeasured,Linux x86_64,2.72,exact
Eclat_Gen_Borgelt,1,mushroom,minsup,0.1,0.0215,11.43,7584.0,False,,20260902_225814,remeasured,Linux x86_64,11.63,exact
Eclat_Gen_Borgelt,1,mushroom,minsup,0.15,0.0156,7.88,3082.0,False,,20260902_225814,remeasured,Linux x86_64,7.81,exact
Eclat_Gen_Borgelt,1,mushroom,minsup,0.2,0.0116,6.52,1703.0,False,,20260902_225814,remeasured,Linux x86_64,6.41,exact
Eclat_Gen_Borgelt,1,mushroom,minsup,0.3,0.0084,4.71,543.0,False,,20260902_225814,remeasured,Linux x86_64,4.53,exact
Eclat_Gen_Borgelt,1,mushroom,minsup,0.4,0.0084,4.25,152.0,False,,20260902_225814,remeasured,Linux x86_64,4.0,exact
Eclat_Gen_Borgelt,1,mushroom,minsup,0.5,0.0082,4.24,52.0,False,,20260902_225814,remeasured,Linux x86_64,3.96,exact
Eclat_Gen_Borgelt,1,mushroom,minsup,0.6,0.007,4.09,20.0,False,,20260902_225814,remeasured,Linux x86_64,2.8,exact
Eclat_Gen_Borgelt,1,mushroom,minsup,0.7,0.0078,4.08,12.0,False,,20260902_225814,remeasured,Linux x86_64,3.76,exact
FPgrowth_Gen_Borgelt,1,mushroom,minsup,0.1,0.0144,10.66,7584.0,False,,20260902_225814,remeasured,Linux x86_64,10.73,exact
FPgrowth_Gen_Borgelt,1,mushroom,minsup,0.15,0.0108,7.55,3082.0,False,,20260902_225814,remeasured,Linux x86_64,7.57,exact
FPgrowth_Gen_Borgelt,1,mushroom,minsup,0.2,0.0131,6.26,1703.0,False,,20260902_225814,remeasured,Linux x86_64,6.12,exact
FPgrowth_Gen_Borgelt,1,mushroom,minsup,0.3,0.0099,4.6,543.0,False,,20260902_225814,remeasured,Linux x86_64,4.05,exact
FPgrowth_Gen_Borgelt,1,mushroom,minsup,0.4,0.009,4.45,152.0,False,,20260902_225814,remeasured,Linux x86_64,4.04,exact
FPgrowth_Gen_Borgelt,1,mushroom,minsup,0.5,0.0073,4.09,52.0,False,,20260902_225814,remeasured,Linux x86_64,2.8,exact
FPgrowth_Gen_Borgelt,1,mushroom,minsup,0.6,0.0074,4.06,20.0,False,,20260902_225814,remeasured,Linux x86_64,2.86,exact
FPgrowth_Gen_Borgelt,1,mushroom,minsup,0.7,0.007,3.96,12.0,False,,20260902_225814,remeasured,Linux x86_64,4.0,exact
FPgrowth_Gen_Borgelt,1,pumsb,minsup,0.6,1.4923,285.98,2853041.0,False,,20260902_232634,remeasured,Linux x86_64,269.91,exact
FPgrowth_Gen_Borgelt,1,pumsb,minsup,0.7,0.3033,68.51,658379.0,False,,20260902_232634,remeasured,Linux x86_64,58.5,exact
FPgrowth_Gen_Borgelt,1,pumsb,minsup,0.75,0.153,32.53,248298.0,False,,20260902_232634,remeasured,Linux x86_64,32.5,exact
FPgrowth_Gen_Borgelt,1,pumsb,minsup,0.8,0.1041,26.45,67835.0,False,,20260902_232634,remeasured,Linux x86_64,27.07,exact
FPgrowth_Gen_Borgelt,1,pumsb,minsup,0.85,0.0914,25.55,13789.0,False,,20260902_232634,remeasured,Linux x86_64,25.64,exact
FPgrowth_Gen_Borgelt,1,pumsb,minsup,0.9,0.088,21.0,2030.0,False,,20260902_232634,remeasured,Linux x86_64,21.01,exact
FPgrowth_Gen_Borgelt,1,pumsb,minsup,0.95,0.0801,18.61,141.0,False,,20260902_232634,remeasured,Linux x86_64,18.76,exact
FPgrowth_Gen_Borgelt,1,accidents,minsup,0.3,0.593,101.22,149529.0,False,,20260902_232634,remeasured,Linux x86_64,100.82,exact
FPgrowth_Gen_Borgelt,1,accidents,minsup,0.4,0.4903,87.92,32528.0,False,,20260902_232634,remeasured,Linux x86_64,87.43,exact
FPgrowth_Gen_Borgelt,1,accidents,minsup,0.5,0.4175,73.08,8057.0,False,,20260902_232634,remeasured,Linux x86_64,61.69,exact
FPgrowth_Gen_Borgelt,1,accidents,minsup,0.6,0.3781,65.38,2074.0,False,,20260902_232634,remeasured,Linux x86_64,61.58,exact
FPgrowth_Gen_Borgelt,1,accidents,minsup,0.7,0.3313,61.46,529.0,False,,20260902_232634,remeasured,Linux x86_64,61.66,exact
FPgrowth_Gen_Borgelt,1,accidents,minsup,0.8,0.2994,61.38,149.0,False,,20260902_232634,remeasured,Linux x86_64,61.68,exact
DefMe,1,mushroom,minsup,0.05,0.3504,376.26,21391.0,False,,20260902_232659,remeasured,Linux x86_64,358.85,exact
DefMe,1,mushroom,minsup,0.1,0.2642,228.18,7585.0,False,,20260902_232659,remeasured,Linux x86_64,230.85,exact
DefMe,1,mushroom,minsup,0.15,0.2208,127.88,3083.0,False,,20260902_232659,remeasured,Linux x86_64,127.06,exact
DefMe,1,mushroom,minsup,0.4,0.1954,96.41,153.0,False,,20260902_232659,remeasured,Linux x86_64,97.61,exact
DefMe,1,mushroom,minsup,0.6,0.193,94.95,21.0,False,,20260902_232659,remeasured,Linux x86_64,97.7,exact
DefMe,1,connect,minsup,0.4,6.2768,1119.68,239373.0,False,,20260902_232659,remeasured,Linux x86_64,1121.28,exact
DefMe,1,connect,minsup,0.6,1.9531,1136.65,68344.0,False,,20260902_232659,remeasured,Linux x86_64,1027.34,exact
DefMe,1,connect,minsup,0.8,0.686,579.87,15108.0,False,,20260902_232659,remeasured,Linux x86_64,548.12,exact
DefMe,1,connect,minsup,0.9,0.4557,342.02,3487.0,False,,20260902_232659,remeasured,Linux x86_64,276.1,exact
DefMe,1,chess,minsup,0.4,1.72,617.02,1396843.0,False,,20260902_232659,remeasured,Linux x86_64,634.18,exact
DefMe,1,chess,minsup,0.6,0.3581,394.71,98419.0,False,,20260902_232659,remeasured,Linux x86_64,373.5,exact
DefMe,1,chess,minsup,0.8,0.1958,109.58,5084.0,False,,20260902_232659,remeasured,Linux x86_64,107.57,exact
DefMe,1,chess,minsup,0.9,0.1878,93.38,499.0,False,,20260902_232659,remeasured,Linux x86_64,92.82,exact
DefMe,1,t10i4d100k,minsup,0.001,0.9844,812.59,871.0,False,,20260902_232659,remeasured,Linux x86_64,796.8,exact
DefMe,1,t10i4d100k,minsup,0.002,0.9919,750.12,871.0,False,,20260902_232659,remeasured,Linux x86_64,812.09,exact
DefMe,1,t10i4d100k,minsup,0.005,0.9871,796.69,871.0,False,,20260902_232659,remeasured,Linux x86_64,774.32,exact
DefMe,1,t10i4d100k,minsup,0.01,0.9878,819.07,870.0,False,,20260902_232659,remeasured,Linux x86_64,819.63,exact
DefMe,1,t10i4d100k,minsup,0.02,0.2763,152.76,1.0,False,,20260902_232659,remeasured,Linux x86_64,151.66,exact
DefMe,1,t10i4d100k,minsup,0.05,0.2744,152.14,1.0,False,,20260902_232659,remeasured,Linux x86_64,150.21,exact
DefMe,1,retail,minsup,0.0005,11.5215,1945.27,19115.0,False,,20260902_232659,remeasured,Linux x86_64,1948.33,exact
DefMe,1,retail,minsup,0.001,3.6265,1946.05,7573.0,False,,20260902_232659,remeasured,Linux x86_64,1941.95,exact
DefMe,1,retail,minsup,0.002,1.2698,1950.6,2692.0,False,,20260902_232659,remeasured,Linux x86_64,1945.43,exact
DefMe,1,retail,minsup,0.005,0.4591,583.39,581.0,False,,20260902_232659,remeasured,Linux x86_64,582.42,exact
DefMe,1,retail,minsup,0.01,0.3992,492.42,160.0,False,,20260902_232659,remeasured,Linux x86_64,490.02,exact
DefMe,1,retail,minsup,0.02,0.3888,482.64,56.0,False,,20260902_232659,remeasured,Linux x86_64,480.7,exact
DefMe,1,accidents,minsup,0.3,6.6613,1034.79,149530.0,False,,20260902_232659,remeasured,Linux x86_64,1008.61,exact
DefMe,1,accidents,minsup,0.4,1.9654,1056.2,32529.0,False,,20260902_232659,remeasured,Linux x86_64,1029.81,exact
DefMe,1,accidents,minsup,0.5,1.0604,909.47,8058.0,False,,20260902_232659,remeasured,Linux x86_64,874.51,exact
DefMe,1,accidents,minsup,0.6,0.8599,879.69,2075.0,False,,20260902_232659,remeasured,Linux x86_64,792.43,exact
DefMe,1,accidents,minsup,0.7,0.7956,758.89,530.0,False,,20260902_232659,remeasured,Linux x86_64,652.05,exact
DefMe,1,accidents,minsup,0.8,0.7786,683.68,150.0,False,,20260902_232659,remeasured,Linux x86_64,657.42,exact
DefMe,1,pumsb,minsup,0.6,22.3843,869.07,2853042,False,,20260902_232659,rerun,Linux x86_64,1121.7,exact
DefMe,1,pumsb,minsup,0.7,4.9336,869.43,658380.0,False,,20260902_232659,remeasured,Linux x86_64,871.64,exact
DefMe,1,pumsb,minsup,0.75,2.0546,882.07,248299.0,False,,20260902_232659,remeasured,Linux x86_64,876.3,exact
DefMe,1,pumsb,minsup,0.8,0.8963,862.44,67836.0,False,,20260902_232659,remeasured,Linux x86_64,862.24,exact
DefMe,1,pumsb,minsup,0.85,0.5654,598.97,13790.0,False,,20260902_232659,remeasured,Linux x86_64,579.06,exact
DefMe,1,pumsb,minsup,0.9,0.4463,415.27,2031.0,False,,20260902_232659,remeasured,Linux x86_64,338.44,exact
DefMe,1,pumsb,minsup,0.95,0.4203,340.62,142.0,False,,20260902_232659,remeasured,Linux x86_64,328.96,exact
Talky_G,1,mushroom,minsup,0.05,0.2879,134.96,24350.0,False,,20260902_232659,remeasured,Linux x86_64,123.65,exact
Talky_G,1,mushroom,minsup,0.1,0.2402,124.39,8437.0,False,,20260902_232659,remeasured,Linux x86_64,118.99,exact
Talky_G,1,mushroom,minsup,0.15,0.2217,96.02,3287.0,False,,20260902_232659,remeasured,Linux x86_64,96.0,exact
Talky_G,1,mushroom,minsup,0.4,0.216,94.93,152.0,False,,20260902_232659,remeasured,Linux x86_64,97.99,exact
Talky_G,1,mushroom,minsup,0.6,0.2097,95.32,20.0,False,,20260902_232659,remeasured,Linux x86_64,100.21,exact
Talky_G,1,connect,minsup,0.4,1.2828,657.92,239373.0,False,,20260902_232659,remeasured,Linux x86_64,645.91,exact
Talky_G,1,connect,minsup,0.6,0.6738,406.39,68344.0,False,,20260902_232659,remeasured,Linux x86_64,393.3,exact
Talky_G,1,connect,minsup,0.8,0.539,292.77,15108.0,False,,20260902_232659,remeasured,Linux x86_64,272.6,exact
Talky_G,1,connect,minsup,0.9,0.5064,278.12,3487.0,False,,20260902_232659,remeasured,Linux x86_64,274.98,exact
Talky_G,1,chess,minsup,0.4,49.3159,497.43,1396843,False,,20260902_232659,rerun,Linux x86_64,511.64,exact
Talky_G,1,chess,minsup,0.6,0.4304,168.39,98419.0,False,,20260902_232659,remeasured,Linux x86_64,158.84,exact
Talky_G,1,chess,minsup,0.8,0.2161,94.47,5084.0,False,,20260902_232659,remeasured,Linux x86_64,94.04,exact
Talky_G,1,chess,minsup,0.9,0.2059,94.63,499.0,False,,20260902_232659,remeasured,Linux x86_64,92.54,exact
Talky_G,1,t10i4d100k,minsup,0.001,0.3167,150.87,871.0,False,,20260902_232659,remeasured,Linux x86_64,145.54,exact
Talky_G,1,t10i4d100k,minsup,0.002,0.3233,151.57,871.0,False,,20260902_232659,remeasured,Linux x86_64,148.18,exact
Talky_G,1,t10i4d100k,minsup,0.005,0.3183,152.23,871.0,False,,20260902_232659,remeasured,Linux x86_64,143.82,exact
Talky_G,1,t10i4d100k,minsup,0.01,0.3107,153.12,870.0,False,,20260902_232659,remeasured,Linux x86_64,146.54,exact
Talky_G,1,t10i4d100k,minsup,0.02,0.3147,152.68,1.0,False,,20260902_232659,remeasured,Linux x86_64,147.76,exact
Talky_G,1,t10i4d100k,minsup,0.05,0.3067,151.77,1.0,False,,20260902_232659,remeasured,Linux x86_64,143.84,exact
Talky_G,1,retail,minsup,0.0005,0.8334,1286.16,19122.0,False,,20260902_232659,remeasured,Linux x86_64,1288.57,exact
Talky_G,1,retail,minsup,0.001,0.6968,1291.24,7573.0,False,,20260902_232659,remeasured,Linux x86_64,1152.33,exact
Talky_G,1,retail,minsup,0.002,0.6294,1149.64,2692.0,False,,20260902_232659,remeasured,Linux x86_64,1154.94,exact
Talky_G,1,retail,minsup,0.005,0.6054,1155.25,581.0,False,,20260902_232659,remeasured,Linux x86_64,1153.38,exact
Talky_G,1,retail,minsup,0.01,0.6077,1152.18,160.0,False,,20260902_232659,remeasured,Linux x86_64,1158.4,exact
Talky_G,1,retail,minsup,0.02,0.6081,1153.92,56.0,False,,20260902_232659,remeasured,Linux x86_64,1154.58,exact
Talky_G,1,accidents,minsup,0.3,2.18,848.32,149530.0,False,,20260902_232659,remeasured,Linux x86_64,1016.26,exact
Talky_G,1,accidents,minsup,0.4,1.3443,846.63,32529.0,False,,20260902_232659,remeasured,Linux x86_64,874.24,exact
Talky_G,1,accidents,minsup,0.5,1.1971,813.12,8058.0,False,,20260902_232659,remeasured,Linux x86_64,796.82,exact
Talky_G,1,accidents,minsup,0.6,1.1451,791.38,2075.0,False,,20260902_232659,remeasured,Linux x86_64,814.86,exact
Talky_G,1,accidents,minsup,0.7,1.1149,773.59,530.0,False,,20260902_232659,remeasured,Linux x86_64,727.72,exact
Talky_G,1,accidents,minsup,0.8,1.1148,715.07,150.0,False,,20260902_232659,remeasured,Linux x86_64,714.51,exact
Talky_G,1,pumsb,minsup,0.6,129.5294,1063.86,2853042,False,,20260902_232659,rerun,Linux x86_64,1400.69,exact
Talky_G,1,pumsb,minsup,0.7,5.7824,966.14,658380.0,False,,20260902_232659,remeasured,Linux x86_64,966.71,exact
Talky_G,1,pumsb,minsup,0.75,1.5897,964.59,248299.0,False,,20260902_232659,remeasured,Linux x86_64,963.18,exact
Talky_G,1,pumsb,minsup,0.8,0.895,680.41,67836.0,False,,20260902_232659,remeasured,Linux x86_64,663.88,exact
Talky_G,1,pumsb,minsup,0.85,0.7813,640.47,13790.0,False,,20260902_232659,remeasured,Linux x86_64,462.58,exact
Talky_G,1,pumsb,minsup,0.9,0.7441,466.01,2031.0,False,,20260902_232659,remeasured,Linux x86_64,448.11,exact
Talky_G,1,pumsb,minsup,0.95,0.7056,451.03,142.0,False,,20260902_232659,remeasured,Linux x86_64,442.11,exact
Pascal,1,mushroom,minsup,0.05,3600.0837,545.44,,True,,20260902_232659,rerun,Linux x86_64,545.44,polled
Pascal,1,mushroom,minsup,0.1,57.691,260.66,7584,False,,20260902_232659,rerun,Linux x86_64,273.36,exact
Pascal,1,mushroom,minsup,0.15,2.1117,120.54,3082.0,False,,20260902_232659,remeasured,Linux x86_64,117.02,exact
Pascal,1,mushroom,minsup,0.4,0.2905,98.23,152.0,False,,20260902_232659,remeasured,Linux x86_64,95.8,exact
Pascal,1,mushroom,minsup,0.6,0.2098,104.1,20.0,False,,20260902_232659,remeasured,Linux x86_64,108.78,exact
Pascal,1,connect,minsup,0.4,3600.1424,691.35,,True,,20260902_232659,rerun,Linux x86_64,691.35,polled
Pascal,1,connect,minsup,0.6,3600.1418,785.24,,True,,20260902_232659,rerun,Linux x86_64,785.24,polled
Pascal,1,connect,minsup,0.8,124.7782,356.96,15107,False,,20260902_232659,rerun,Linux x86_64,347.39,exact
Pascal,1,connect,minsup,0.9,16.4821,294.99,3486.0,False,,20260902_232659,remeasured,Linux x86_64,304.18,exact
Pascal,1,chess,minsup,0.4,3600.1363,550.2,,True,,20260902_232659,rerun,Linux x86_64,550.2,polled
Pascal,1,chess,minsup,0.6,20.6284,175.95,98418.0,False,,20260902_232659,remeasured,Linux x86_64,169.45,exact
Pascal,1,chess,minsup,0.8,0.8281,97.04,5083.0,False,,20260902_232659,remeasured,Linux x86_64,91.37,exact
Pascal,1,chess,minsup,0.9,0.3224,95.89,498.0,False,,20260902_232659,remeasured,Linux x86_64,86.98,exact
Pascal,1,t10i4d100k,minsup,0.001,954.0731,155.15,870,False,,20260902_232659,rerun,Linux x86_64,155.15,polled
Pascal,1,t10i4d100k,minsup,0.002,975.784,159.95,870,False,,20260902_232659,rerun,Linux x86_64,159.95,polled
Pascal,1,t10i4d100k,minsup,0.005,995.6832,155.71,870,False,,20260902_232659,rerun,Linux x86_64,155.71,polled
Pascal,1,t10i4d100k,minsup,0.01,969.3234,165.66,869,False,,20260902_232659,rerun,Linux x86_64,165.66,polled
Pascal,1,t10i4d100k,minsup,0.02,0.2401,128.2,0.0,False,,20260902_232659,remeasured,Linux x86_64,128.79,exact
Pascal,1,t10i4d100k,minsup,0.05,0.2427,127.62,0.0,False,,20260902_232659,remeasured,Linux x86_64,128.43,exact
Pascal,1,retail,minsup,0.0005,3600.0824,690.33,,True,,20260902_232659,rerun,Linux x86_64,690.33,polled
Pascal,1,retail,minsup,0.001,3519.7285,442.03,7572,False,,20260902_232659,rerun,Linux x86_64,442.03,polled
Pascal,1,retail,minsup,0.002,1162.8797,194.34,2691,False,,20260902_232659,rerun,Linux x86_64,194.34,polled
Pascal,1,retail,minsup,0.005,53.7008,130.58,580,False,,20260902_232659,rerun,Linux x86_64,129.27,exact
Pascal,1,retail,minsup,0.01,4.288,121.17,159.0,False,,20260902_232659,remeasured,Linux x86_64,120.57,exact
Pascal,1,retail,minsup,0.02,0.5707,125.52,55.0,False,,20260902_232659,remeasured,Linux x86_64,124.45,exact
Pascal,1,accidents,minsup,0.3,2867.3672,465.76,149529,False,,20260902_232659,rerun,Linux x86_64,465.76,polled
Pascal,1,accidents,minsup,0.4,701.2038,425.86,32528,False,,20260902_232659,rerun,Linux x86_64,425.86,polled
Pascal,1,accidents,minsup,0.5,138.517,408.96,8057,False,,20260902_232659,rerun,Linux x86_64,410.84,exact
Pascal,1,accidents,minsup,0.6,47.193,409.96,2074,False,,20260902_232659,rerun,Linux x86_64,408.71,exact
Pascal,1,accidents,minsup,0.7,11.4804,409.09,529.0,False,,20260902_232659,remeasured,Linux x86_64,408.96,exact
Pascal,1,accidents,minsup,0.8,3.5074,410.24,149.0,False,,20260902_232659,remeasured,Linux x86_64,412.95,exact
Pascal,1,pumsb,minsup,0.6,3600.0766,599.46,,True,,20260902_232659,rerun,Linux x86_64,599.46,polled
Pascal,1,pumsb,minsup,0.7,3600.1416,827.57,,True,,20260902_232659,rerun,Linux x86_64,827.57,polled
Pascal,1,pumsb,minsup,0.75,1237.6079,389.08,248298,False,,20260902_232659,rerun,Linux x86_64,389.08,polled
Pascal,1,pumsb,minsup,0.8,247.1454,361.36,67835,False,,20260902_232659,rerun,Linux x86_64,363.95,exact
Pascal,1,pumsb,minsup,0.85,63.5295,360.6,13789,False,,20260902_232659,rerun,Linux x86_64,363.17,exact
Pascal,1,pumsb,minsup,0.9,7.7666,361.6,2030.0,False,,20260902_232659,remeasured,Linux x86_64,360.7,exact
Pascal,1,pumsb,minsup,0.95,1.0149,365.98,141.0,False,,20260902_232659,remeasured,Linux x86_64,365.81,exact
Zart,1,mushroom,minsup,0.05,3600.0642,581.59,,True,,20260902_232659,rerun,Linux x86_64,581.59,polled
Zart,1,mushroom,minsup,0.1,3600.1033,550.93,,True,,20260902_232659,rerun,Linux x86_64,550.93,polled
Zart,1,mushroom,minsup,0.15,126.5752,415.82,3083,False,,20260902_232659,rerun,Linux x86_64,418.91,exact
Zart,1,mushroom,minsup,0.4,0.3876,143.97,153.0,False,,20260902_232659,remeasured,Linux x86_64,137.89,exact
Zart,1,mushroom,minsup,0.6,0.224,98.11,21.0,False,,20260902_232659,remeasured,Linux x86_64,96.91,exact
Zart,1,connect,minsup,0.4,3600.1323,515.62,,True,,20260902_232659,rerun,Linux x86_64,515.62,polled
Zart,1,connect,minsup,0.6,3600.1337,675.45,,True,,20260902_232659,rerun,Linux x86_64,675.45,polled
Zart,1,connect,minsup,0.8,3600.1262,485.34,,True,,20260902_232659,rerun,Linux x86_64,485.34,polled
Zart,1,connect,minsup,0.9,130.6938,429.09,3487,False,,20260904_214619,rerun,Linux x86_64,418.37,exact
Zart,1,chess,minsup,0.4,3600.1294,519.06,,True,,20260904_214619,rerun,Linux x86_64,519.06,polled
Zart,1,chess,minsup,0.6,1330.0085,515.32,98419,False,,20260904_214619,rerun,Linux x86_64,515.32,polled
Zart,1,chess,minsup,0.8,3.0932,395.5,5084.0,False,,20260904_214619,remeasured,Linux x86_64,394.35,exact
Zart,1,chess,minsup,0.9,0.3299,134.93,499.0,False,,20260904_214619,remeasured,Linux x86_64,118.67,exact
Zart,1,t10i4d100k,minsup,0.001,719.7062,1291.53,871,False,,20260904_214619,rerun,Linux x86_64,1291.53,polled
Zart,1,t10i4d100k,minsup,0.002,545.852,1310.36,871,False,,20260904_214619,rerun,Linux x86_64,1450.12,exact
Zart,1,t10i4d100k,minsup,0.005,550.0992,1314.66,871,False,,20260904_214619,rerun,Linux x86_64,1307.9,exact
Zart,1,t10i4d100k,minsup,0.01,554.432,1308.71,870,False,,20260904_214619,rerun,Linux x86_64,1311.42,exact
Zart,1,t10i4d100k,minsup,0.02,0.2892,153.7,0.0,False,,20260904_214619,remeasured,Linux x86_64,149.05,exact
Zart,1,t10i4d100k,minsup,0.05,0.2905,153.11,0.0,False,,20260904_214619,remeasured,Linux x86_64,145.93,exact
Zart,1,retail,minsup,0.0005,3600.2428,4262.69,,True,,20260904_214619,rerun,Linux x86_64,4262.69,polled
Zart,1,retail,minsup,0.001,3600.1833,2215.16,,True,,20260904_214619,rerun,Linux x86_64,2215.16,polled
Zart,1,retail,minsup,0.002,579.5006,1411.37,2692,False,,20260904_214619,rerun,Linux x86_64,1661.21,exact
Zart,1,retail,minsup,0.005,24.7684,643.21,581.0,False,,20260904_214619,remeasured,Linux x86_64,690.74,exact
Zart,1,retail,minsup,0.01,2.2642,594.92,160.0,False,,20260904_214619,remeasured,Linux x86_64,613.49,exact
Zart,1,retail,minsup,0.02,0.5581,308.81,56.0,False,,20260904_214619,remeasured,Linux x86_64,278.68,exact
Zart,1,accidents,minsup,0.3,3600.1433,914.04,,True,,20260904_214619,rerun,Linux x86_64,914.04,polled
Zart,1,accidents,minsup,0.4,908.8655,864.61,32529,False,,20260904_214619,rerun,Linux x86_64,864.61,polled
Zart,1,accidents,minsup,0.5,212.8178,832.92,8058,False,,20260904_214619,rerun,Linux x86_64,859.54,exact
Zart,1,accidents,minsup,0.6,45.8235,814.38,2075,False,,20260904_214619,rerun,Linux x86_64,619.23,exact
Zart,1,accidents,minsup,0.7,7.8675,828.85,530.0,False,,20260904_214619,remeasured,Linux x86_64,802.37,exact
Zart,1,accidents,minsup,0.8,2.0683,799.09,150.0,False,,20260904_214619,remeasured,Linux x86_64,803.81,exact
Zart,1,pumsb,minsup,0.6,3600.1417,1475.64,,True,,20260904_214619,rerun,Linux x86_64,1475.64,polled
Zart,1,pumsb,minsup,0.7,3600.1603,1088.16,,True,,20260904_214619,rerun,Linux x86_64,1088.16,polled
Zart,1,pumsb,minsup,0.75,3600.0987,1090.66,,True,,20260904_214619,rerun,Linux x86_64,1090.66,polled
Zart,1,pumsb,minsup,0.8,1079.0713,964.1,67836,False,,20260904_214619,rerun,Linux x86_64,964.1,polled
Zart,1,pumsb,minsup,0.85,107.8816,847.62,13790,False,,20260904_214619,rerun,Linux x86_64,842.21,exact
Zart,1,pumsb,minsup,0.9,8.3215,833.93,2031.0,False,,20260904_214619,remeasured,Linux x86_64,838.73,exact
Zart,1,pumsb,minsup,0.95,0.9708,830.36,142.0,False,,20260904_214619,remeasured,Linux x86_64,827.43,exact
TalkyG_Diffset,1,mushroom,minsup,0.05,0.3009,152.96,24350.0,False,,20260904_214619,remeasured,Linux x86_64,139.99,exact
TalkyG_Diffset,1,mushroom,minsup,0.1,0.2424,127.51,8437.0,False,,20260904_214619,remeasured,Linux x86_64,129.99,exact
TalkyG_Diffset,1,mushroom,minsup,0.15,0.2287,97.56,3287.0,False,,20260904_214619,remeasured,Linux x86_64,98.37,exact
TalkyG_Diffset,1,mushroom,minsup,0.4,0.2201,99.7,152.0,False,,20260904_214619,remeasured,Linux x86_64,99.45,exact
TalkyG_Diffset,1,mushroom,minsup,0.6,0.2129,94.16,20.0,False,,20260904_214619,remeasured,Linux x86_64,98.41,exact
TalkyG_Diffset,1,connect,minsup,0.4,1.6257,813.61,239373.0,False,,20260904_214619,remeasured,Linux x86_64,789.34,exact
TalkyG_Diffset,1,connect,minsup,0.6,0.7822,469.87,68344.0,False,,20260904_214619,remeasured,Linux x86_64,518.36,exact
TalkyG_Diffset,1,connect,minsup,0.8,0.5556,334.2,15108.0,False,,20260904_214619,remeasured,Linux x86_64,275.88,exact
TalkyG_Diffset,1,connect,minsup,0.9,0.5108,280.16,3487.0,False,,20260904_214619,remeasured,Linux x86_64,274.29,exact
TalkyG_Diffset,1,chess,minsup,0.4,51.5933,500.45,1396843,False,,20260904_214619,rerun,Linux x86_64,490.89,exact
TalkyG_Diffset,1,chess,minsup,0.6,0.4589,214.24,98419.0,False,,20260904_214619,remeasured,Linux x86_64,179.36,exact
TalkyG_Diffset,1,chess,minsup,0.8,0.2159,96.53,5084.0,False,,20260904_214619,remeasured,Linux x86_64,93.96,exact
TalkyG_Diffset,1,chess,minsup,0.9,0.2065,94.46,499.0,False,,20260904_214619,remeasured,Linux x86_64,94.34,exact
TalkyG_Diffset,1,t10i4d100k,minsup,0.001,0.3115,152.88,871.0,False,,20260904_214619,remeasured,Linux x86_64,145.84,exact
TalkyG_Diffset,1,t10i4d100k,minsup,0.002,0.3139,152.97,871.0,False,,20260904_214619,remeasured,Linux x86_64,147.05,exact
TalkyG_Diffset,1,t10i4d100k,minsup,0.005,0.3134,154.54,871.0,False,,20260904_214619,remeasured,Linux x86_64,147.87,exact
TalkyG_Diffset,1,t10i4d100k,minsup,0.01,0.3203,152.23,870.0,False,,20260904_214619,remeasured,Linux x86_64,146.52,exact
TalkyG_Diffset,1,t10i4d100k,minsup,0.02,0.3076,153.06,1.0,False,,20260904_214619,remeasured,Linux x86_64,145.98,exact
TalkyG_Diffset,1,t10i4d100k,minsup,0.05,0.3172,153.35,1.0,False,,20260904_214619,remeasured,Linux x86_64,144.97,exact
TalkyG_Diffset,1,retail,minsup,0.0005,0.8796,1268.12,19122.0,False,,20260904_214619,remeasured,Linux x86_64,1352.98,exact
TalkyG_Diffset,1,retail,minsup,0.001,0.7099,1220.96,7573.0,False,,20260904_214619,remeasured,Linux x86_64,1188.76,exact
TalkyG_Diffset,1,retail,minsup,0.002,0.623,1153.26,2692.0,False,,20260904_214619,remeasured,Linux x86_64,1160.84,exact
TalkyG_Diffset,1,retail,minsup,0.005,0.6061,1153.06,581.0,False,,20260904_214619,remeasured,Linux x86_64,1163.3,exact
TalkyG_Diffset,1,retail,minsup,0.01,0.6031,1152.71,160.0,False,,20260904_214619,remeasured,Linux x86_64,1155.65,exact
TalkyG_Diffset,1,retail,minsup,0.02,0.6012,1105.32,56.0,False,,20260904_214619,remeasured,Linux x86_64,1160.41,exact
TalkyG_Diffset,1,accidents,minsup,0.3,3.1233,974.49,149530.0,False,,20260904_214619,remeasured,Linux x86_64,1151.95,exact
TalkyG_Diffset,1,accidents,minsup,0.4,1.5555,846.75,32529.0,False,,20260904_214619,remeasured,Linux x86_64,848.88,exact
TalkyG_Diffset,1,accidents,minsup,0.5,1.2459,808.49,8058.0,False,,20260904_214619,remeasured,Linux x86_64,824.22,exact
TalkyG_Diffset,1,accidents,minsup,0.6,1.1479,771.27,2075.0,False,,20260904_214619,remeasured,Linux x86_64,790.38,exact
TalkyG_Diffset,1,accidents,minsup,0.7,1.1223,712.12,530.0,False,,20260904_214619,remeasured,Linux x86_64,726.36,exact
TalkyG_Diffset,1,accidents,minsup,0.8,1.0921,694.46,150.0,False,,20260904_214619,remeasured,Linux x86_64,673.77,exact
TalkyG_Diffset,1,pumsb,minsup,0.6,122.1556,1069.73,2853042,False,,20260904_214619,rerun,Linux x86_64,1076.15,exact
TalkyG_Diffset,1,pumsb,minsup,0.7,6.6818,954.39,658380.0,False,,20260904_214619,remeasured,Linux x86_64,969.04,exact
TalkyG_Diffset,1,pumsb,minsup,0.75,1.8205,963.41,248299.0,False,,20260904_214619,remeasured,Linux x86_64,957.79,exact
TalkyG_Diffset,1,pumsb,minsup,0.8,1.026,954.94,67836.0,False,,20260904_214619,remeasured,Linux x86_64,958.17,exact
TalkyG_Diffset,1,pumsb,minsup,0.85,0.7851,630.23,13790.0,False,,20260904_214619,remeasured,Linux x86_64,481.93,exact
TalkyG_Diffset,1,pumsb,minsup,0.9,0.7378,464.73,2031.0,False,,20260904_214619,remeasured,Linux x86_64,455.48,exact
TalkyG_Diffset,1,pumsb,minsup,0.95,0.7154,437.13,142.0,False,,20260904_214619,remeasured,Linux x86_64,436.19,exact
Apriori_Gen_Borgelt,1,mushroom,minsup,0.05,0.212,5.95,21390.0,False,,20260904_214619,remeasured,Linux x86_64,6.57,exact
Apriori_Gen_Borgelt,1,connect,minsup,0.2,145.698,73.55,1482861,False,,20260904_214619,rerun,Linux x86_64,73.83,exact
Apriori_Gen_Borgelt,1,connect,minsup,0.3,26.3211,27.08,460356,False,,20260904_214619,rerun,Linux x86_64,27.52,exact
Apriori_Gen_Borgelt,1,connect,minsup,0.4,6.4563,17.37,239372.0,False,,20260904_214619,remeasured,Linux x86_64,17.51,exact
Apriori_Gen_Borgelt,1,connect,minsup,0.5,1.2209,16.42,130101.0,False,,20260904_214619,remeasured,Linux x86_64,17.21,exact
Apriori_Gen_Borgelt,1,connect,minsup,0.6,0.4512,16.85,68343.0,False,,20260904_214619,remeasured,Linux x86_64,17.27,exact
Apriori_Gen_Borgelt,1,connect,minsup,0.7,0.1273,16.86,35875.0,False,,20260904_214619,remeasured,Linux x86_64,17.22,exact
Apriori_Gen_Borgelt,1,connect,minsup,0.8,0.0894,16.83,15107.0,False,,20260904_214619,remeasured,Linux x86_64,17.25,exact
Apriori_Gen_Borgelt,1,connect,minsup,0.9,0.0699,16.91,3486.0,False,,20260904_214619,remeasured,Linux x86_64,17.21,exact
Apriori_Gen_Borgelt,1,chess,minsup,0.2,233.4849,847.88,25031185,False,,20260904_214619,rerun,Linux x86_64,848.81,exact
Apriori_Gen_Borgelt,1,chess,minsup,0.3,55.4055,187.9,5601828,False,,20260904_214619,rerun,Linux x86_64,188.48,exact
Apriori_Gen_Borgelt,1,chess,minsup,0.4,14.8769,48.58,1396842,False,,20260904_214619,rerun,Linux x86_64,49.36,exact
Apriori_Gen_Borgelt,1,chess,minsup,0.5,3.4445,14.91,372603.0,False,,20260904_214619,remeasured,Linux x86_64,15.5,exact
Apriori_Gen_Borgelt,1,chess,minsup,0.6,0.5387,6.29,98418.0,False,,20260904_214619,remeasured,Linux x86_64,6.36,exact
Apriori_Gen_Borgelt,1,chess,minsup,0.7,0.0475,3.62,23892.0,False,,20260904_214619,remeasured,Linux x86_64,3.95,exact
Apriori_Gen_Borgelt,1,chess,minsup,0.8,0.0121,3.47,5083.0,False,,20260904_214619,remeasured,Linux x86_64,3.61,exact
Apriori_Gen_Borgelt,1,chess,minsup,0.9,0.0071,3.48,498.0,False,,20260904_214619,remeasured,Linux x86_64,2.42,exact
Apriori_Gen_Borgelt,1,t10i4d100k,minsup,0.001,0.0611,18.48,870.0,False,,20260904_214619,remeasured,Linux x86_64,18.84,exact
Apriori_Gen_Borgelt,1,t10i4d100k,minsup,0.002,0.0635,18.71,870.0,False,,20260904_214619,remeasured,Linux x86_64,18.86,exact
Apriori_Gen_Borgelt,1,t10i4d100k,minsup,0.005,0.065,18.18,870.0,False,,20260904_214619,remeasured,Linux x86_64,18.86,exact
Apriori_Gen_Borgelt,1,t10i4d100k,minsup,0.01,0.0593,18.68,869.0,False,,20260904_214619,remeasured,Linux x86_64,18.83,exact
Apriori_Gen_Borgelt,1,t10i4d100k,minsup,0.02,0.0315,9.69,0.0,False,,20260904_214619,remeasured,Linux x86_64,10.14,exact
Apriori_Gen_Borgelt,1,t10i4d100k,minsup,0.05,0.0307,9.84,0.0,False,,20260904_214619,remeasured,Linux x86_64,10.08,exact
Apriori_Gen_Borgelt,1,t10i4d100k,minsup,0.2,0.0317,10.0,0.0,False,,20260904_214619,remeasured,Linux x86_64,10.14,exact
Apriori_Gen_Borgelt,1,t10i4d100k,minsup,0.3,0.0282,9.87,0.0,False,,20260904_214619,remeasured,Linux x86_64,10.13,exact
Apriori_Gen_Borgelt,1,t10i4d100k,minsup,0.5,0.027,9.65,0.0,False,,20260904_214619,remeasured,Linux x86_64,10.16,exact
Apriori_Gen_Borgelt,1,t10i4d100k,minsup,0.7,0.0271,9.77,0.0,False,,20260904_214619,remeasured,Linux x86_64,10.12,exact
Apriori_Gen_Borgelt,1,retail,minsup,0.0005,0.158,46.88,19114.0,False,,20260904_214619,remeasured,Linux x86_64,47.1,exact
Apriori_Gen_Borgelt,1,retail,minsup,0.001,0.1082,24.06,7572.0,False,,20260904_214619,remeasured,Linux x86_64,24.31,exact
Apriori_Gen_Borgelt,1,retail,minsup,0.002,0.0749,15.79,2691.0,False,,20260904_214619,remeasured,Linux x86_64,15.98,exact
Apriori_Gen_Borgelt,1,retail,minsup,0.005,0.0627,11.66,580.0,False,,20260904_214619,remeasured,Linux x86_64,12.04,exact
Apriori_Gen_Borgelt,1,retail,minsup,0.01,0.0538,11.57,159.0,False,,20260904_214619,remeasured,Linux x86_64,11.92,exact
Apriori_Gen_Borgelt,1,retail,minsup,0.02,0.0498,11.83,55.0,False,,20260904_214619,remeasured,Linux x86_64,11.89,exact
Apriori_Gen_Borgelt,1,retail,minsup,0.2,0.047,11.49,3.0,False,,20260904_214619,remeasured,Linux x86_64,11.68,exact
Apriori_Gen_Borgelt,1,retail,minsup,0.3,0.047,11.42,3.0,False,,20260904_214619,remeasured,Linux x86_64,11.7,exact
Apriori_Gen_Borgelt,1,retail,minsup,0.5,0.0451,11.59,1.0,False,,20260904_214619,remeasured,Linux x86_64,11.67,exact
Apriori_Gen_Borgelt,1,retail,minsup,0.7,0.0424,10.8,0.0,False,,20260904_214619,remeasured,Linux x86_64,11.0,exact
Apriori_Gen_Borgelt,1,accidents,minsup,0.3,32.0856,63.36,149529,False,,20260904_214619,rerun,Linux x86_64,63.95,exact
Apriori_Gen_Borgelt,1,accidents,minsup,0.4,8.26,61.95,32528.0,False,,20260904_214619,remeasured,Linux x86_64,62.16,exact
Apriori_Gen_Borgelt,1,accidents,minsup,0.5,1.3671,61.27,8057.0,False,,20260904_214619,remeasured,Linux x86_64,61.69,exact
Apriori_Gen_Borgelt,1,accidents,minsup,0.6,0.4831,61.43,2074.0,False,,20260904_214619,remeasured,Linux x86_64,61.22,exact
Apriori_Gen_Borgelt,1,accidents,minsup,0.7,0.3345,61.22,529.0,False,,20260904_214619,remeasured,Linux x86_64,59.03,exact
Apriori_Gen_Borgelt,1,accidents,minsup,0.8,0.3086,61.28,149.0,False,,20260904_214619,remeasured,Linux x86_64,61.57,exact
Apriori_Gen_Borgelt,1,pumsb,minsup,0.6,19.2979,91.78,2853041,False,,20260904_214619,rerun,Linux x86_64,92.9,exact
Apriori_Gen_Borgelt,1,pumsb,minsup,0.7,1.6765,24.05,658379.0,False,,20260904_214619,remeasured,Linux x86_64,24.4,exact
Apriori_Gen_Borgelt,1,pumsb,minsup,0.75,0.484,18.57,248298.0,False,,20260904_214619,remeasured,Linux x86_64,18.71,exact
Apriori_Gen_Borgelt,1,pumsb,minsup,0.8,0.2125,18.27,67835.0,False,,20260904_214619,remeasured,Linux x86_64,18.65,exact
Apriori_Gen_Borgelt,1,pumsb,minsup,0.85,0.1226,18.36,13789.0,False,,20260904_214619,remeasured,Linux x86_64,18.7,exact
Apriori_Gen_Borgelt,1,pumsb,minsup,0.9,0.0967,18.2,2030.0,False,,20260904_214619,remeasured,Linux x86_64,18.71,exact
Apriori_Gen_Borgelt,1,pumsb,minsup,0.95,0.089,18.27,141.0,False,,20260904_214619,remeasured,Linux x86_64,18.7,exact
Eclat_Gen_Borgelt,1,mushroom,minsup,0.05,0.0366,15.5,21390.0,False,,20260904_214619,remeasured,Linux x86_64,15.64,exact
Eclat_Gen_Borgelt,1,connect,minsup,0.2,0.9549,158.61,1482861.0,False,,20260904_214619,remeasured,Linux x86_64,148.02,exact
Eclat_Gen_Borgelt,1,connect,minsup,0.3,0.3196,56.72,460356.0,False,,20260904_214619,remeasured,Linux x86_64,46.51,exact
Eclat_Gen_Borgelt,1,connect,minsup,0.4,0.1932,34.26,239372.0,False,,20260904_214619,remeasured,Linux x86_64,34.42,exact
Eclat_Gen_Borgelt,1,connect,minsup,0.5,0.1403,25.3,130101.0,False,,20260904_214619,remeasured,Linux x86_64,25.71,exact
Eclat_Gen_Borgelt,1,connect,minsup,0.6,0.1188,24.83,68343.0,False,,20260904_214619,remeasured,Linux x86_64,25.1,exact
Eclat_Gen_Borgelt,1,connect,minsup,0.7,0.093,24.62,35875.0,False,,20260904_214619,remeasured,Linux x86_64,25.08,exact
Eclat_Gen_Borgelt,1,connect,minsup,0.8,0.0852,24.71,15107.0,False,,20260904_214619,remeasured,Linux x86_64,24.72,exact
Eclat_Gen_Borgelt,1,connect,minsup,0.9,0.0736,21.07,3486.0,False,,20260904_214619,remeasured,Linux x86_64,20.91,exact
Eclat_Gen_Borgelt,1,chess,minsup,0.2,28.9072,2220.04,25031185,False,,20260904_214619,rerun,Linux x86_64,2216.16,exact
Eclat_Gen_Borgelt,1,chess,minsup,0.3,3.1402,507.63,5601828.0,False,,20260904_214619,remeasured,Linux x86_64,500.23,exact
Eclat_Gen_Borgelt,1,chess,minsup,0.4,0.6688,134.43,1396842.0,False,,20260904_214619,remeasured,Linux x86_64,117.62,exact
Eclat_Gen_Borgelt,1,chess,minsup,0.5,0.1569,42.21,372603.0,False,,20260904_214619,remeasured,Linux x86_64,42.34,exact
Eclat_Gen_Borgelt,1,chess,minsup,0.6,0.0477,19.68,98418.0,False,,20260904_214619,remeasured,Linux x86_64,20.1,exact
Eclat_Gen_Borgelt,1,chess,minsup,0.7,0.0184,12.99,23892.0,False,,20260904_214619,remeasured,Linux x86_64,13.25,exact
Eclat_Gen_Borgelt,1,chess,minsup,0.8,0.0113,8.62,5083.0,False,,20260904_214619,remeasured,Linux x86_64,8.67,exact
Eclat_Gen_Borgelt,1,chess,minsup,0.9,0.0045,4.28,498,False,,20260904_214619,rerun,Linux x86_64,3.27,exact
Eclat_Gen_Borgelt,1,t10i4d100k,minsup,0.001,0.0746,25.45,870.0,False,,20260904_214619,remeasured,Linux x86_64,25.74,exact
Eclat_Gen_Borgelt,1,t10i4d100k,minsup,0.002,0.0743,25.47,870.0,False,,20260904_214619,remeasured,Linux x86_64,25.78,exact
Eclat_Gen_Borgelt,1,t10i4d100k,minsup,0.005,0.075,25.38,870.0,False,,20260904_214619,remeasured,Linux x86_64,25.77,exact
Eclat_Gen_Borgelt,1,t10i4d100k,minsup,0.01,0.0739,25.34,869.0,False,,20260904_214619,remeasured,Linux x86_64,25.77,exact
Eclat_Gen_Borgelt,1,t10i4d100k,minsup,0.02,0.0259,9.99,0.0,False,,20260904_214619,remeasured,Linux x86_64,10.19,exact
Eclat_Gen_Borgelt,1,t10i4d100k,minsup,0.05,0.0267,10.02,0.0,False,,20260904_214619,remeasured,Linux x86_64,10.21,exact
Eclat_Gen_Borgelt,1,t10i4d100k,minsup,0.2,0.0288,9.99,0.0,False,,20260904_214619,remeasured,Linux x86_64,10.2,exact
Eclat_Gen_Borgelt,1,t10i4d100k,minsup,0.3,0.0311,9.94,0.0,False,,20260904_214619,remeasured,Linux x86_64,10.21,exact
Eclat_Gen_Borgelt,1,t10i4d100k,minsup,0.5,0.0278,9.94,0.0,False,,20260904_214619,remeasured,Linux x86_64,10.18,exact
Eclat_Gen_Borgelt,1,t10i4d100k,minsup,0.7,0.0307,10.13,0.0,False,,20260904_214619,remeasured,Linux x86_64,10.18,exact
Eclat_Gen_Borgelt,1,retail,minsup,0.0005,0.1091,31.95,19114.0,False,,20260904_214619,remeasured,Linux x86_64,32.11,exact
Eclat_Gen_Borgelt,1,retail,minsup,0.001,0.0919,27.72,7572.0,False,,20260904_214619,remeasured,Linux x86_64,28.2,exact
Eclat_Gen_Borgelt,1,retail,minsup,0.002,0.0784,22.73,2691.0,False,,20260904_214619,remeasured,Linux x86_64,22.86,exact
Eclat_Gen_Borgelt,1,retail,minsup,0.005,0.0597,17.43,580.0,False,,20260904_214619,remeasured,Linux x86_64,17.57,exact
Eclat_Gen_Borgelt,1,retail,minsup,0.01,0.0529,13.83,159.0,False,,20260904_214619,remeasured,Linux x86_64,14.04,exact
Eclat_Gen_Borgelt,1,retail,minsup,0.02,0.0544,12.06,55.0,False,,20260904_214619,remeasured,Linux x86_64,12.38,exact
Eclat_Gen_Borgelt,1,retail,minsup,0.2,0.0491,11.58,3.0,False,,20260904_214619,remeasured,Linux x86_64,11.79,exact
Eclat_Gen_Borgelt,1,retail,minsup,0.3,0.0459,11.42,3.0,False,,20260904_214619,remeasured,Linux x86_64,11.78,exact
Eclat_Gen_Borgelt,1,retail,minsup,0.5,0.0461,11.56,1.0,False,,20260904_214619,remeasured,Linux x86_64,11.4,exact
Eclat_Gen_Borgelt,1,retail,minsup,0.7,0.0411,10.94,0.0,False,,20260904_214619,remeasured,Linux x86_64,11.12,exact
Eclat_Gen_Borgelt,1,accidents,minsup,0.3,0.9889,119.01,149529.0,False,,20260904_214619,remeasured,Linux x86_64,119.39,exact
Eclat_Gen_Borgelt,1,accidents,minsup,0.4,0.7314,110.16,32528.0,False,,20260904_214619,remeasured,Linux x86_64,110.62,exact
Eclat_Gen_Borgelt,1,accidents,minsup,0.5,0.4974,82.89,8057.0,False,,20260904_214619,remeasured,Linux x86_64,79.4,exact
Eclat_Gen_Borgelt,1,accidents,minsup,0.6,0.4086,69.04,2074.0,False,,20260904_214619,remeasured,Linux x86_64,61.43,exact
Eclat_Gen_Borgelt,1,accidents,minsup,0.7,0.3524,61.64,529.0,False,,20260904_214619,remeasured,Linux x86_64,61.64,exact
Eclat_Gen_Borgelt,1,accidents,minsup,0.8,0.3181,61.41,149.0,False,,20260904_214619,remeasured,Linux x86_64,61.69,exact
Eclat_Gen_Borgelt,1,pumsb,minsup,0.6,1.8571,284.51,2853041.0,False,,20260904_214619,remeasured,Linux x86_64,280.64,exact
Eclat_Gen_Borgelt,1,pumsb,minsup,0.7,0.3982,68.21,658379.0,False,,20260904_214619,remeasured,Linux x86_64,63.54,exact
Eclat_Gen_Borgelt,1,pumsb,minsup,0.75,0.1957,31.85,248298.0,False,,20260904_214619,remeasured,Linux x86_64,32.29,exact
Eclat_Gen_Borgelt,1,pumsb,minsup,0.8,0.1222,26.45,67835.0,False,,20260904_214619,remeasured,Linux x86_64,26.66,exact
Eclat_Gen_Borgelt,1,pumsb,minsup,0.85,0.1082,25.57,13789.0,False,,20260904_214619,remeasured,Linux x86_64,25.7,exact
Eclat_Gen_Borgelt,1,pumsb,minsup,0.9,0.0944,20.71,2030.0,False,,20260904_214619,remeasured,Linux x86_64,21.2,exact
Eclat_Gen_Borgelt,1,pumsb,minsup,0.95,0.0878,18.43,141.0,False,,20260904_214619,remeasured,Linux x86_64,18.75,exact
FPgrowth_Gen_Borgelt,1,mushroom,minsup,0.05,0.0212,14.95,21390.0,False,,20260904_214619,remeasured,Linux x86_64,15.09,exact
FPgrowth_Gen_Borgelt,1,connect,minsup,0.2,0.6854,147.07,1482861.0,False,,20260904_214619,remeasured,Linux x86_64,145.61,exact
FPgrowth_Gen_Borgelt,1,connect,minsup,0.3,0.2305,52.06,460356.0,False,,20260904_214619,remeasured,Linux x86_64,52.36,exact
FPgrowth_Gen_Borgelt,1,connect,minsup,0.4,0.1523,32.41,239372.0,False,,20260904_214619,remeasured,Linux x86_64,32.42,exact
FPgrowth_Gen_Borgelt,1,connect,minsup,0.5,0.1205,25.45,130101.0,False,,20260904_214619,remeasured,Linux x86_64,25.52,exact
FPgrowth_Gen_Borgelt,1,connect,minsup,0.6,0.1046,25.29,68343.0,False,,20260904_214619,remeasured,Linux x86_64,25.28,exact
FPgrowth_Gen_Borgelt,1,connect,minsup,0.7,0.0846,25.1,35875.0,False,,20260904_214619,remeasured,Linux x86_64,25.17,exact
FPgrowth_Gen_Borgelt,1,connect,minsup,0.8,0.081,24.67,15107.0,False,,20260904_214619,remeasured,Linux x86_64,24.59,exact
FPgrowth_Gen_Borgelt,1,connect,minsup,0.9,0.0677,20.9,3486.0,False,,20260904_214619,remeasured,Linux x86_64,19.64,exact
FPgrowth_Gen_Borgelt,1,chess,minsup,0.2,21.8235,2222.71,25031185,False,,20260904_214619,rerun,Linux x86_64,2223.58,exact
FPgrowth_Gen_Borgelt,1,chess,minsup,0.3,2.6837,510.39,5601828.0,False,,20260904_214619,remeasured,Linux x86_64,507.08,exact
FPgrowth_Gen_Borgelt,1,chess,minsup,0.4,0.5515,135.39,1396842.0,False,,20260904_214619,remeasured,Linux x86_64,116.08,exact
FPgrowth_Gen_Borgelt,1,chess,minsup,0.5,0.1118,42.25,372603.0,False,,20260904_214619,remeasured,Linux x86_64,42.49,exact
FPgrowth_Gen_Borgelt,1,chess,minsup,0.6,0.0345,19.91,98418.0,False,,20260904_214619,remeasured,Linux x86_64,19.88,exact
FPgrowth_Gen_Borgelt,1,chess,minsup,0.7,0.0161,13.04,23892.0,False,,20260904_214619,remeasured,Linux x86_64,13.23,exact
FPgrowth_Gen_Borgelt,1,chess,minsup,0.8,0.0121,8.68,5083.0,False,,20260904_214619,remeasured,Linux x86_64,8.58,exact
FPgrowth_Gen_Borgelt,1,chess,minsup,0.9,0.0076,4.07,498.0,False,,20260904_214619,remeasured,Linux x86_64,4.18,exact
FPgrowth_Gen_Borgelt,1,t10i4d100k,minsup,0.001,0.1084,40.63,870.0,False,,20260904_214619,remeasured,Linux x86_64,41.01,exact
FPgrowth_Gen_Borgelt,1,t10i4d100k,minsup,0.002,0.1091,40.6,870.0,False,,20260904_214619,remeasured,Linux x86_64,41.05,exact
FPgrowth_Gen_Borgelt,1,t10i4d100k,minsup,0.005,0.1086,40.83,870.0,False,,20260904_214619,remeasured,Linux x86_64,41.01,exact
FPgrowth_Gen_Borgelt,1,t10i4d100k,minsup,0.01,0.1104,40.79,869.0,False,,20260904_214619,remeasured,Linux x86_64,40.96,exact
FPgrowth_Gen_Borgelt,1,t10i4d100k,minsup,0.02,0.0258,10.02,0.0,False,,20260904_214619,remeasured,Linux x86_64,10.25,exact
FPgrowth_Gen_Borgelt,1,t10i4d100k,minsup,0.05,0.0263,9.94,0.0,False,,20260904_214619,remeasured,Linux x86_64,10.24,exact
FPgrowth_Gen_Borgelt,1,t10i4d100k,minsup,0.2,0.0249,10.0,0.0,False,,20260904_214619,remeasured,Linux x86_64,10.22,exact
FPgrowth_Gen_Borgelt,1,t10i4d100k,minsup,0.3,0.0264,9.93,0.0,False,,20260904_214619,remeasured,Linux x86_64,10.25,exact
FPgrowth_Gen_Borgelt,1,t10i4d100k,minsup,0.5,0.025,9.89,0.0,False,,20260904_214619,remeasured,Linux x86_64,10.23,exact
FPgrowth_Gen_Borgelt,1,t10i4d100k,minsup,0.7,0.0258,9.95,0.0,False,,20260904_214619,remeasured,Linux x86_64,10.29,exact
FPgrowth_Gen_Borgelt,1,retail,minsup,0.0005,0.1402,41.54,19114.0,False,,20260904_214619,remeasured,Linux x86_64,41.7,exact
FPgrowth_Gen_Borgelt,1,retail,minsup,0.001,0.1095,34.3,7572.0,False,,20260904_214619,remeasured,Linux x86_64,34.68,exact
FPgrowth_Gen_Borgelt,1,retail,minsup,0.002,0.084,25.18,2691.0,False,,20260904_214619,remeasured,Linux x86_64,25.72,exact
FPgrowth_Gen_Borgelt,1,retail,minsup,0.005,0.0569,16.54,580.0,False,,20260904_214619,remeasured,Linux x86_64,16.75,exact
FPgrowth_Gen_Borgelt,1,retail,minsup,0.01,0.0522,13.28,159.0,False,,20260904_214619,remeasured,Linux x86_64,13.51,exact
FPgrowth_Gen_Borgelt,1,retail,minsup,0.02,0.0481,12.21,55.0,False,,20260904_214619,remeasured,Linux x86_64,11.95,exact
FPgrowth_Gen_Borgelt,1,retail,minsup,0.2,0.0443,11.75,3.0,False,,20260904_214619,remeasured,Linux x86_64,11.78,exact
FPgrowth_Gen_Borgelt,1,retail,minsup,0.3,0.0451,11.45,3.0,False,,20260904_214619,remeasured,Linux x86_64,11.81,exact
FPgrowth_Gen_Borgelt,1,retail,minsup,0.5,0.0442,11.43,1.0,False,,20260904_214619,remeasured,Linux x86_64,11.78,exact
FPgrowth_Gen_Borgelt,1,retail,minsup,0.7,0.0418,10.89,0.0,False,,20260904_214619,remeasured,Linux x86_64,11.21,exact
HUG_Miner,3,chainstore,min_utility,1000.0,0.4832,279.91,1000.0,False,,20260904_214619,remeasured,Linux x86_64,273.84,exact
HUG_Miner,3,chainstore,min_utility,2000.0,0.4947,276.75,1000.0,False,,20260904_214619,remeasured,Linux x86_64,272.2,exact
HUG_Miner,3,chainstore,min_utility,5000.0,0.4722,274.43,0.0,False,,20260904_214619,remeasured,Linux x86_64,271.7,exact
HUG_Miner,3,foodmart,min_utility,20.0,0.3618,140.09,13775.0,False,,20260904_214619,remeasured,Linux x86_64,140.01,exact
HUG_Miner,3,foodmart,min_utility,50.0,0.2683,114.56,1475.0,False,,20260904_214619,remeasured,Linux x86_64,113.62,exact
HUG_Miner,3,foodmart,min_utility,100.0,0.2534,109.66,687.0,False,,20260904_214619,remeasured,Linux x86_64,112.32,exact
GHUI_Miner,3,chainstore,min_utility,1000.0,0.8165,438.81,1000.0,False,,20260904_214619,remeasured,Linux x86_64,434.67,exact
GHUI_Miner,3,chainstore,min_utility,2000.0,0.7865,430.68,1000.0,False,,20260904_214619,remeasured,Linux x86_64,432.76,exact
GHUI_Miner,3,chainstore,min_utility,5000.0,0.6135,410.18,0.0,False,,20260904_214619,remeasured,Linux x86_64,408.71,exact
GHUI_Miner,3,foodmart,min_utility,20.0,0.9143,295.28,21978.0,False,,20260904_214619,remeasured,Linux x86_64,298.83,exact
GHUI_Miner,3,foodmart,min_utility,50.0,0.6088,288.46,10069.0,False,,20260904_214619,remeasured,Linux x86_64,283.43,exact
GHUI_Miner,3,foodmart,min_utility,100.0,0.3939,173.59,807.0,False,,20260904_214619,remeasured,Linux x86_64,163.0,exact
HUCI_Miner_Generators,3,chainstore,min_utility,1000.0,1.4272,266.04,0.0,False,,20260904_214619,remeasured,Linux x86_64,259.72,exact
HUCI_Miner_Generators,3,chainstore,min_utility,2000.0,1.444,260.99,0.0,False,,20260904_214619,remeasured,Linux x86_64,258.69,exact
HUCI_Miner_Generators,3,chainstore,min_utility,5000.0,1.6632,256.22,,False,SPMF error: java.lang.IndexOutOfBoundsException: Index 0 out of bounds for length 0,20260904_214619,rerun,Linux x86_64,256.22,polled
HUCI_Miner_Generators,3,foodmart,min_utility,20.0,11.1306,264.64,13146.0,False,,20260904_214619,remeasured,Linux x86_64,267.83,exact
HUCI_Miner_Generators,3,foodmart,min_utility,50.0,0.7176,204.9,2002.0,False,,20260904_214619,remeasured,Linux x86_64,205.38,exact
HUCI_Miner_Generators,3,foodmart,min_utility,100.0,0.394,167.04,2.0,False,,20260904_214619,remeasured,Linux x86_64,162.5,exact
FGC_Stream,5,mushroom,minsup,0.05,884.4065,44.75,21391,False,,20260904_214619,rerun,Linux x86_64,44.75,polled
FGC_Stream,5,mushroom,minsup,0.1,413.828,31.25,7585,False,,20260904_214619,rerun,Linux x86_64,30.93,exact
FGC_Stream,5,mushroom,minsup,0.15,233.2462,26.71,3084,False,,20260904_214619,rerun,Linux x86_64,26.47,exact
FGC_Stream,5,mushroom,minsup,0.4,23.4236,22.81,153,False,,20260904_214619,rerun,Linux x86_64,23.26,exact
FGC_Stream,5,mushroom,minsup,0.6,1.755,22.48,21,False,,20260904_214619,rerun,Linux x86_64,23.25,exact
FGC_Stream,5,connect,minsup,0.4,3600.0409,124.68,,True,,20260904_214619,rerun,Linux x86_64,124.68,polled
FGC_Stream,5,connect,minsup,0.6,3600.0899,180.25,,True,,20260904_214619,rerun,Linux x86_64,180.25,polled
FGC_Stream,5,connect,minsup,0.8,3600.0217,236.2,,True,,20260904_214619,rerun,Linux x86_64,236.2,polled
FGC_Stream,5,connect,minsup,0.9,3600.0689,265.21,,True,,20260904_214619,rerun,Linux x86_64,265.21,polled
FGC_Stream,5,chess,minsup,0.4,3600.0345,329.84,,True,,20260904_214619,rerun,Linux x86_64,329.84,polled
FGC_Stream,5,chess,minsup,0.6,3503.2678,195.66,98419,False,,20260904_214619,rerun,Linux x86_64,195.66,polled
FGC_Stream,5,chess,minsup,0.8,187.0577,22.75,5084,False,,20260904_214619,rerun,Linux x86_64,23.67,exact
FGC_Stream,5,chess,minsup,0.9,9.7388,15.77,504,False,,20260904_214619,rerun,Linux x86_64,16.28,exact
FGC_Stream,5,t10i4d100k,minsup,0.001,218.4696,97.52,871,False,,20260904_214619,rerun,Linux x86_64,98.96,exact
FGC_Stream,5,t10i4d100k,minsup,0.002,201.3183,97.82,871,False,,20260904_214619,rerun,Linux x86_64,98.96,exact
FGC_Stream,5,t10i4d100k,minsup,0.005,169.6082,97.98,871,False,,20260904_214619,rerun,Linux x86_64,98.98,exact
FGC_Stream,5,t10i4d100k,minsup,0.01,34.6795,98.45,870,False,,20260904_214619,rerun,Linux x86_64,98.96,exact
FGC_Stream,5,t10i4d100k,minsup,0.02,0.7699,97.8,1,False,,20260904_214619,rerun,Linux x86_64,98.11,exact
FGC_Stream,5,t10i4d100k,minsup,0.05,0.7413,97.74,1,False,,20260904_214619,rerun,Linux x86_64,98.11,exact
FGC_Stream,5,retail,minsup,0.0005,2925.0589,124.59,19699,False,,20260904_214619,rerun,Linux x86_64,124.59,polled
FGC_Stream,5,retail,minsup,0.001,1663.3835,111.25,7696,False,,20260904_214619,rerun,Linux x86_64,111.25,polled
FGC_Stream,5,retail,minsup,0.002,998.0178,105.67,2716,False,,20260904_214619,rerun,Linux x86_64,105.67,polled
FGC_Stream,5,retail,minsup,0.005,452.5109,102.19,581,False,,20260904_214619,rerun,Linux x86_64,103.0,exact
FGC_Stream,5,retail,minsup,0.01,179.3822,100.5,160,False,,20260904_214619,rerun,Linux x86_64,101.72,exact
FGC_Stream,5,retail,minsup,0.02,98.5938,99.96,56,False,,20260904_214619,rerun,Linux x86_64,101.11,exact
FGC_Stream,5,accidents,minsup,0.3,3600.0357,410.36,,True,,20260904_214619,rerun,Linux x86_64,410.36,polled
FGC_Stream,5,accidents,minsup,0.4,3600.041,534.01,,True,,20260904_214619,rerun,Linux x86_64,534.01,polled
FGC_Stream,5,accidents,minsup,0.5,3600.0846,656.46,,True,,20260904_214619,rerun,Linux x86_64,656.46,polled
FGC_Stream,5,accidents,minsup,0.6,3600.0602,778.32,,True,,20260904_214619,rerun,Linux x86_64,778.32,polled
FGC_Stream,5,accidents,minsup,0.7,3600.0361,899.75,,True,,20260904_214619,rerun,Linux x86_64,899.75,polled
FGC_Stream,5,accidents,minsup,0.8,3600.1078,1021.07,,True,,20260904_214619,rerun,Linux x86_64,1021.07,polled
FGC_Stream,5,pumsb,minsup,0.6,3600.1182,230.55,,True,,20260904_214619,rerun,Linux x86_64,230.55,polled
FGC_Stream,5,pumsb,minsup,0.7,3600.1208,265.99,,True,,20260904_214619,rerun,Linux x86_64,265.99,polled
FGC_Stream,5,pumsb,minsup,0.75,3600.0542,283.45,,True,,20260904_214619,rerun,Linux x86_64,283.45,polled
FGC_Stream,5,pumsb,minsup,0.8,3600.09,300.81,,True,,20260904_214619,rerun,Linux x86_64,300.81,polled
FGC_Stream,5,pumsb,minsup,0.85,3600.0751,318.5,,True,,20260904_214619,rerun,Linux x86_64,318.5,polled
FGC_Stream,5,pumsb,minsup,0.9,3600.0245,335.96,,True,,20260904_214619,rerun,Linux x86_64,335.96,polled
FGC_Stream,5,pumsb,minsup,0.95,936.4791,346.87,142,False,,20260904_214619,rerun,Linux x86_64,346.87,polled
Arima,5,accidents,maxsup,0.1,3600.0368,707.79,,True,,20260904_214619,rerun,Linux x86_64,707.79,polled
Arima,5,accidents,maxsup,0.2,134.2372,586.05,19187,False,,20260904_214619,rerun,Linux x86_64,560.31,exact
Arima,5,accidents,maxsup,0.3,13.7258,284.93,5096.0,False,,20260904_214619,remeasured,Linux x86_64,268.65,exact
Arima,5,pumsb,maxsup,0.1,3600.1832,3367.45,,True,,20260904_214619,rerun,Linux x86_64,3367.45,polled
Arima,5,pumsb,maxsup,0.2,3600.1685,1561.83,,True,,20260904_214619,rerun,Linux x86_64,1561.83,polled
Arima,5,pumsb,maxsup,0.3,3600.2003,2905.93,,True,,20260904_214619,rerun,Linux x86_64,2905.93,polled
Talky_G,1,chess,minsup,0.2,3600.1471,1351.99,,True,,20260906_103451,rerun,Linux x86_64,1351.99,polled
Gr_growth,1,mushroom,minsup,0.05,0.0255,15.32,21391.0,False,,20260906_113511,remeasured,Linux x86_64,15.59,exact
Gr_growth,1,mushroom,minsup,0.1,0.0168,14.52,7585.0,False,,20260906_113511,remeasured,Linux x86_64,14.74,exact
Gr_growth,1,mushroom,minsup,0.15,0.0134,14.05,3084.0,False,,20260906_113511,remeasured,Linux x86_64,14.43,exact
Gr_growth,1,mushroom,minsup,0.2,0.0147,13.93,1704.0,False,,20260906_113511,remeasured,Linux x86_64,14.25,exact
Gr_growth,1,mushroom,minsup,0.3,0.0112,13.73,544.0,False,,20260906_113511,remeasured,Linux x86_64,14.02,exact
Gr_growth,1,mushroom,minsup,0.4,0.0103,13.73,153.0,False,,20260906_113511,remeasured,Linux x86_64,14.0,exact
Gr_growth,1,mushroom,minsup,0.5,0.0106,13.64,52.0,False,,20260906_113511,remeasured,Linux x86_64,13.98,exact
Gr_growth,1,mushroom,minsup,0.6,0.0112,13.73,21.0,False,,20260906_113511,remeasured,Linux x86_64,13.94,exact
Gr_growth,1,mushroom,minsup,0.7,0.0099,13.59,13.0,False,,20260906_113511,remeasured,Linux x86_64,13.98,exact
Gr_growth,1,connect,minsup,0.2,0.8426,83.43,1483175.0,False,,20260906_113511,remeasured,Linux x86_64,80.18,exact
Gr_growth,1,connect,minsup,0.3,0.2639,31.86,460402.0,False,,20260906_113511,remeasured,Linux x86_64,31.83,exact
Gr_growth,1,connect,minsup,0.4,0.1446,22.62,239370.0,False,,20260906_113511,remeasured,Linux x86_64,23.12,exact
Gr_growth,1,connect,minsup,0.5,0.1029,18.42,130110.0,False,,20260906_113511,remeasured,Linux x86_64,18.84,exact
Gr_growth,1,connect,minsup,0.6,0.0788,16.09,68349.0,False,,20260906_113511,remeasured,Linux x86_64,16.52,exact
Gr_growth,1,connect,minsup,0.7,0.0649,14.83,35875.0,False,,20260906_113511,remeasured,Linux x86_64,15.2,exact
Gr_growth,1,connect,minsup,0.8,0.0564,14.2,15108.0,False,,20260906_113511,remeasured,Linux x86_64,14.46,exact
Gr_growth,1,connect,minsup,0.9,0.055,13.74,3487.0,False,,20260906_113511,remeasured,Linux x86_64,14.07,exact
Gr_growth,1,chess,minsup,0.2,19.8408,1208.89,25155785,False,,20260906_113511,rerun,Linux x86_64,1209.13,exact
Gr_growth,1,chess,minsup,0.3,3.4843,285.14,5601829.0,False,,20260906_113511,remeasured,Linux x86_64,285.5,exact
Gr_growth,1,chess,minsup,0.4,0.736,79.81,1402786.0,False,,20260906_113511,remeasured,Linux x86_64,66.47,exact
Gr_growth,1,chess,minsup,0.5,0.1798,28.72,372604.0,False,,20260906_113511,remeasured,Linux x86_64,29.02,exact
Gr_growth,1,chess,minsup,0.6,0.0535,17.68,98419.0,False,,20260906_113511,remeasured,Linux x86_64,18.1,exact
Gr_growth,1,chess,minsup,0.7,0.0184,14.5,23992.0,False,,20260906_113511,remeasured,Linux x86_64,14.9,exact
Gr_growth,1,chess,minsup,0.8,0.0102,13.9,5084.0,False,,20260906_113511,remeasured,Linux x86_64,14.11,exact
Gr_growth,1,chess,minsup,0.9,0.0093,13.59,504.0,False,,20260906_113511,remeasured,Linux x86_64,13.98,exact
Gr_growth,1,t10i4d100k,minsup,0.001,0.2094,43.88,871.0,False,,20260906_113511,remeasured,Linux x86_64,44.36,exact
Gr_growth,1,t10i4d100k,minsup,0.002,0.2092,44.07,871.0,False,,20260906_113511,remeasured,Linux x86_64,44.36,exact
Gr_growth,1,t10i4d100k,minsup,0.005,0.2096,43.73,871.0,False,,20260906_113511,remeasured,Linux x86_64,44.36,exact
Gr_growth,1,t10i4d100k,minsup,0.01,0.2049,43.89,870.0,False,,20260906_113511,remeasured,Linux x86_64,44.32,exact
Gr_growth,1,t10i4d100k,minsup,0.02,0.0152,4.06,1.0,False,,20260906_113511,remeasured,Linux x86_64,3.91,exact
Gr_growth,1,t10i4d100k,minsup,0.05,0.0141,4.05,1.0,False,,20260906_113511,remeasured,Linux x86_64,3.91,exact
Gr_growth,1,t10i4d100k,minsup,0.2,0.0145,3.93,1.0,False,,20260906_113511,remeasured,Linux x86_64,3.91,exact
Gr_growth,1,t10i4d100k,minsup,0.3,0.0138,4.05,1.0,False,,20260906_113511,remeasured,Linux x86_64,3.91,exact
Gr_growth,1,t10i4d100k,minsup,0.5,0.0128,4.07,1.0,False,,20260906_113511,remeasured,Linux x86_64,3.91,exact
Gr_growth,1,t10i4d100k,minsup,0.7,0.0149,4.08,1.0,False,,20260906_113511,remeasured,Linux x86_64,3.91,exact
Gr_growth,1,retail,minsup,0.0005,0.2084,34.98,19699.0,False,,20260906_113511,remeasured,Linux x86_64,35.69,exact
Gr_growth,1,retail,minsup,0.001,0.1571,30.61,7696.0,False,,20260906_113511,remeasured,Linux x86_64,30.92,exact
Gr_growth,1,retail,minsup,0.002,0.1034,24.98,2716.0,False,,20260906_113511,remeasured,Linux x86_64,25.37,exact
Gr_growth,1,retail,minsup,0.005,0.0602,17.8,581.0,False,,20260906_113511,remeasured,Linux x86_64,18.14,exact
Gr_growth,1,retail,minsup,0.01,0.0427,14.99,160.0,False,,20260906_113511,remeasured,Linux x86_64,15.24,exact
Gr_growth,1,retail,minsup,0.02,0.0365,13.88,56.0,False,,20260906_113511,remeasured,Linux x86_64,14.18,exact
Gr_growth,1,retail,minsup,0.2,0.036,13.73,4.0,False,,20260906_113511,remeasured,Linux x86_64,14.09,exact
Gr_growth,1,retail,minsup,0.3,0.0381,13.72,4.0,False,,20260906_113511,remeasured,Linux x86_64,14.09,exact
Gr_growth,1,retail,minsup,0.5,0.0161,4.24,2.0,False,,20260906_113511,remeasured,Linux x86_64,4.16,exact
Gr_growth,1,retail,minsup,0.7,0.0175,4.25,1.0,False,,20260906_113511,remeasured,Linux x86_64,4.17,exact
Gr_growth,1,accidents,minsup,0.3,0.503,40.92,149530.0,False,,20260906_113511,remeasured,Linux x86_64,41.45,exact
Gr_growth,1,accidents,minsup,0.4,0.3499,31.11,32530.0,False,,20260906_113511,remeasured,Linux x86_64,29.59,exact
Gr_growth,1,accidents,minsup,0.5,0.2394,18.89,8058.0,False,,20260906_113511,remeasured,Linux x86_64,19.28,exact
Gr_growth,1,accidents,minsup,0.6,0.2226,15.3,2075.0,False,,20260906_113511,remeasured,Linux x86_64,15.66,exact
Gr_growth,1,accidents,minsup,0.7,0.192,13.73,530.0,False,,20260906_113511,remeasured,Linux x86_64,14.18,exact
Gr_growth,1,accidents,minsup,0.8,0.1769,13.58,150.0,False,,20260906_113511,remeasured,Linux x86_64,14.0,exact
Gr_growth,1,pumsb,minsup,0.6,2.0571,144.86,2853042.0,False,,20260906_113511,remeasured,Linux x86_64,143.53,exact
Gr_growth,1,pumsb,minsup,0.7,0.4582,41.08,658565.0,False,,20260906_113511,remeasured,Linux x86_64,34.73,exact
Gr_growth,1,pumsb,minsup,0.75,0.1984,23.58,248406.0,False,,20260906_113511,remeasured,Linux x86_64,24.02,exact
Gr_growth,1,pumsb,minsup,0.8,0.0983,16.23,67836.0,False,,20260906_113511,remeasured,Linux x86_64,16.76,exact
Gr_growth,1,pumsb,minsup,0.85,0.0689,14.08,13795.0,False,,20260906_113511,remeasured,Linux x86_64,14.67,exact
Gr_growth,1,pumsb,minsup,0.9,0.0661,13.43,2032.0,False,,20260906_113511,remeasured,Linux x86_64,14.16,exact
Gr_growth,1,pumsb,minsup,0.95,0.0641,13.73,142.0,False,,20260906_113511,remeasured,Linux x86_64,14.04,exact
VGEN,2,leviathan,minsup,0.008,0.3417,438.72,1,False,,20260906_181531,remeasured,Linux x86_64,418.34,exact
VGEN,2,leviathan,minsup,0.006,0.3786,445.34,205,False,,20260906_181531,remeasured,Linux x86_64,451.14,exact
VGEN,2,leviathan,minsup,0.005,0.5624,485.16,1614,False,,20260906_181531,remeasured,Linux x86_64,498.45,exact
VGEN,2,leviathan,minsup,0.004,1.0836,650.39,5398,False,,20260906_181531,remeasured,Linux x86_64,646.95,exact
VGEN,2,leviathan,minsup,0.003,1.7948,814.5,8436,False,,20260906_181531,remeasured,Linux x86_64,812.31,exact
VGEN,2,bible,minsup,0.0025,0.7564,1753.19,11,False,,20260906_181531,remeasured,Linux x86_64,1738.07,exact
VGEN,2,bible,minsup,0.002,0.9583,1836.61,1756,False,,20260906_181531,remeasured,Linux x86_64,1836.86,exact
VGEN,2,bible,minsup,0.0015,4.1578,2505.52,12075,False,,20260906_181531,remeasured,Linux x86_64,2505.72,exact
VGEN,2,bible,minsup,0.00125,5.0613,2644.81,13794,False,,20260906_181531,remeasured,Linux x86_64,2719.83,exact
VGEN,2,bible,minsup,0.001,5.0782,2637.83,13906,False,,20260906_181531,remeasured,Linux x86_64,2653.66,exact
VGEN,2,sign,minsup,0.05,0.3356,138.47,268,False,,20260906_181531,remeasured,Linux x86_64,128.31,exact
VGEN,2,sign,minsup,0.04,0.3341,138.12,399,False,,20260906_181531,remeasured,Linux x86_64,130.97,exact
VGEN,2,sign,minsup,0.03,0.6754,409.68,9327,False,,20260906_181531,remeasured,Linux x86_64,406.88,exact
VGEN,2,sign,minsup,0.025,2.2242,853.57,23903,False,,20260906_181531,remeasured,Linux x86_64,839.24,exact
VGEN,2,sign,minsup,0.02,10.3495,1119.1,51178,False,,20260906_181531,remeasured,Linux x86_64,1094.57,exact
VGEN,2,sign,minsup,0.015,19.3161,1112.36,68065,False,,20260906_181531,remeasured,Linux x86_64,1121.84,exact
FEAT,2,leviathan,minsup,0.008,0.2676,136.2,0,False,,20260906_181531,remeasured,Linux x86_64,137.62,exact
FEAT,2,leviathan,minsup,0.006,0.3081,149.79,315,False,,20260906_181531,remeasured,Linux x86_64,146.82,exact
FEAT,2,leviathan,minsup,0.005,0.5311,427.59,2076,False,,20260906_181531,remeasured,Linux x86_64,411.11,exact
FEAT,2,leviathan,minsup,0.004,1.0253,612.97,6103,False,,20260906_181531,remeasured,Linux x86_64,613.57,exact
FEAT,2,leviathan,minsup,0.003,1.3293,619.4,8666,False,,20260906_181531,remeasured,Linux x86_64,625.95,exact
FEAT,2,bible,minsup,0.0025,0.4776,336.13,15,False,,20260906_181531,remeasured,Linux x86_64,349.76,exact
FEAT,2,bible,minsup,0.002,1.3892,1405.74,2134,False,,20260906_181531,remeasured,Linux x86_64,1417.67,exact
FEAT,2,bible,minsup,0.0015,6.2548,1461.42,12462,False,,20260906_181531,remeasured,Linux x86_64,1516.21,exact
FEAT,2,bible,minsup,0.00125,6.9927,1500.15,13833,False,,20260906_181531,remeasured,Linux x86_64,1506.75,exact
FEAT,2,bible,minsup,0.001,6.9611,1534.74,13905,False,,20260906_181531,remeasured,Linux x86_64,1529.64,exact
FEAT,2,sign,minsup,0.05,0.4303,336.4,267,False,,20260906_181531,remeasured,Linux x86_64,316.56,exact
FEAT,2,sign,minsup,0.04,0.6105,394.28,526,False,,20260906_181531,remeasured,Linux x86_64,393.16,exact
FEAT,2,sign,minsup,0.03,7.7032,387.3,13128,False,,20260906_181531,remeasured,Linux x86_64,380.91,exact
FEAT,2,sign,minsup,0.025,17.4633,421.09,30445,False,,20260906_181531,remeasured,Linux x86_64,414.07,exact
FEAT,2,sign,minsup,0.02,34.4259,446.47,56952,False,,20260906_181531,rerun,Linux x86_64,447.8,exact
FEAT,2,sign,minsup,0.015,44.3638,468.0,69710,False,,20260906_181531,rerun,Linux x86_64,453.19,exact
FSGP,2,leviathan,minsup,0.008,0.2594,137.01,0,False,,20260906_181531,remeasured,Linux x86_64,150.06,exact
FSGP,2,leviathan,minsup,0.006,0.3058,150.49,315,False,,20260906_181531,remeasured,Linux x86_64,147.02,exact
FSGP,2,leviathan,minsup,0.005,0.5364,420.93,2076,False,,20260906_181531,remeasured,Linux x86_64,414.44,exact
FSGP,2,leviathan,minsup,0.004,1.0118,616.67,6103,False,,20260906_181531,remeasured,Linux x86_64,605.25,exact
FSGP,2,leviathan,minsup,0.003,1.3356,648.19,8666,False,,20260906_181531,remeasured,Linux x86_64,641.8,exact
FSGP,2,bible,minsup,0.0025,0.4732,338.22,15,False,,20260906_181531,remeasured,Linux x86_64,340.15,exact
FSGP,2,bible,minsup,0.002,1.4048,1420.42,2134,False,,20260906_181531,remeasured,Linux x86_64,1439.06,exact
FSGP,2,bible,minsup,0.0015,6.2945,1482.92,12462,False,,20260906_181531,remeasured,Linux x86_64,1500.36,exact
FSGP,2,bible,minsup,0.00125,6.9587,1477.0,13833,False,,20260906_181531,remeasured,Linux x86_64,1535.54,exact
FSGP,2,bible,minsup,0.001,7.0012,1506.66,13905,False,,20260906_181531,remeasured,Linux x86_64,1531.2,exact
FSGP,2,sign,minsup,0.05,0.4168,337.7,267,False,,20260906_181531,remeasured,Linux x86_64,331.27,exact
FSGP,2,sign,minsup,0.04,0.4619,389.69,526,False,,20260906_181531,remeasured,Linux x86_64,350.57,exact
FSGP,2,sign,minsup,0.03,1.2374,507.12,13128,False,,20260906_181531,remeasured,Linux x86_64,618.9,exact
FSGP,2,sign,minsup,0.025,2.083,778.85,30445,False,,20260906_181531,remeasured,Linux x86_64,769.55,exact
FSGP,2,sign,minsup,0.02,3.2525,984.85,56952,False,,20260906_181531,remeasured,Linux x86_64,993.49,exact
FSGP,2,sign,minsup,0.015,4.0357,1186.75,69710,False,,20260906_181531,remeasured,Linux x86_64,1194.24,exact
