set,dataset,sigma,primary,pick,regret
confirm,chainstore_fim,9.951039984761208e-05,False,Gr_growth,1.1189729810419466
confirm,chainstore_fim,0.0002244038136518,False,Gr_growth,1.033630822812364
confirm,chainstore_fim,0.0005370866050465,False,Gr_growth,1.1752650176678445
confirm,chainstore_fim,0.0015038874198188,False,Gr_growth,1.0
confirm,chainstore_fim,0.0033943603884814,False,Gr_growth,1.0
confirm,fruithut,6.457108314557345e-05,False,Apriori_Gen_Borgelt,1.0
confirm,fruithut,0.0003503324723855,False,Apriori_Gen_Borgelt,1.0
confirm,fruithut,0.0015428367313293,False,Apriori_Gen_Borgelt,1.0
confirm,fruithut,0.0058402483925921,False,Apriori_Gen_Borgelt,1.0
confirm,fruithut,0.0140888608012309,False,Apriori_Gen_Borgelt,1.0
confirm,instacart,0.0002267374951413,False,Apriori_Gen_Borgelt,2.707980791218843
confirm,instacart,0.0005849446303226,False,Apriori_Gen_Borgelt,1.1571271326362134
confirm,instacart,0.0016062160370096,False,Apriori_Gen_Borgelt,1.0
confirm,instacart,0.0051044516763331,False,Apriori_Gen_Borgelt,1.0
confirm,instacart,0.0124896158037939,False,Apriori_Gen_Borgelt,1.0
confirm,skin,0.0023535340757456,False,Gr_growth,1.0
confirm,skin,0.2363562354880701,False,Gr_growth,1.0
confirm,t20i6d100k,0.0022092231940913,False,Apriori_Gen_Borgelt,1.0
confirm,t20i6d100k,0.0050614479293849,False,Apriori_Gen_Borgelt,1.0
confirm,t20i6d100k,0.0090045235283521,False,Apriori_Gen_Borgelt,1.0
confirm,t20i6d100k,0.0145488481015191,False,Apriori_Gen_Borgelt,1.0
confirm,t20i6d100k,0.0196027901763375,False,Apriori_Gen_Borgelt,1.0
hard,liquor,0.0002253937196677,False,Apriori_Gen_Borgelt,1.0
hard,liquor,0.0009543266002954,False,Apriori_Gen_Borgelt,1.0
hard,mooc_set,0.0002998727812443,False,Apriori_Gen_Borgelt,10.0
hard,mooc_set,0.0008208638759314,False,Apriori_Gen_Borgelt,1.7329257808768745
hard,sign_set,0.0407534246575342,False,Apriori_Gen_Borgelt,1.8589981447124304
hard,sign_set,0.0503424657534246,False,Apriori_Gen_Borgelt,1.0
fresh,bike_set,0.0014588670651864,False,Apriori_Gen_Borgelt,1.0
fresh,bike_set,0.006962235506215,False,Apriori_Gen_Borgelt,1.0
fresh,bike_set,0.0338623209033115,False,Apriori_Gen_Borgelt,1.0
fresh,bike_set,0.0555436948477085,False,Apriori_Gen_Borgelt,1.0
fresh,ecommerce_fim,0.0007178631051752,False,Apriori_Gen_Borgelt,1.1289566236811257
fresh,ecommerce_fim,0.001118530884808,False,Apriori_Gen_Borgelt,1.0
fresh,ecommerce_fim,0.002787979966611,False,Apriori_Gen_Borgelt,1.0
fresh,ecommerce_fim,0.0079966611018363,False,Apriori_Gen_Borgelt,1.0
fresh,ecommerce_fim,0.0150751252086811,False,Apriori_Gen_Borgelt,1.0
fresh,fifa_set,0.341161369193154,False,Apriori_Gen_Borgelt,1.0
fresh,fifa_set,0.3596943765281173,False,Apriori_Gen_Borgelt,1.0030211480362536
fresh,microblog_set,0.032051282051282,False,Apriori_Gen_Borgelt,1.8490923740461631
fresh,microblog_set,0.0623543123543123,False,Apriori_Gen_Borgelt,1.0
fresh,microblog_set,0.1276223776223776,False,Apriori_Gen_Borgelt,1.0
fresh,microblog_set,0.2954545454545454,False,Apriori_Gen_Borgelt,1.0
fresh,microblog_set,0.5635198135198135,False,Apriori_Gen_Borgelt,1.0
fresh,msnbc_set,0.0066294432211387,False,Apriori_Gen_Borgelt,1.0
fresh,msnbc_set,0.0345942120163573,False,Apriori_Gen_Borgelt,1.0
fresh,msnbc_set,0.2619613085876062,False,Apriori_Gen_Borgelt,1.0
fresh,splice,0.053526645768025,False,Apriori_Gen_Borgelt,1.0
fresh,splice,0.0751567398119122,False,Apriori_Gen_Borgelt,1.0
fresh,splice,0.1115203761755486,False,Apriori_Gen_Borgelt,1.0
fresh,splice,0.1638714733542319,False,Apriori_Gen_Borgelt,1.0
fresh,splice,0.244435736677116,False,Apriori_Gen_Borgelt,1.0
fresh,t25i10d10k,0.0035836006415396,False,Apriori_Gen_Borgelt,1.0
fresh,t25i10d10k,0.00709202085004,False,Apriori_Gen_Borgelt,1.0
fresh,t25i10d10k,0.011502606255012,False,Apriori_Gen_Borgelt,1.0
fresh,t25i10d10k,0.01882016840417,False,Apriori_Gen_Borgelt,1.0
fresh,t25i10d10k,0.0258370088211708,False,Apriori_Gen_Borgelt,1.0
fresh,uscensus,0.05409375,False,Gr_growth,1.0
fresh,uscensus,0.25685375,False,Gr_growth,1.0
fresh,uscensus,0.60401875,False,Gr_growth,1.0
fresh,uscensus,0.74447675,False,Gr_growth,1.0
fresh2,census_kdd,0.015099762934599,False,Gr_growth,1.0
fresh2,census_kdd,0.2090423159234775,False,Gr_growth,1.065546218487395
fresh2,census_kdd,0.8078705211930454,False,Gr_growth,1.0
fresh2,census_kdd,0.9695761892112688,False,Gr_growth,1.0
fresh2,covertype,0.0002663456176464,False,Gr_growth,1.0506858122588942
fresh2,covertype,0.0368869317673301,False,Gr_growth,1.0
fresh2,covertype,0.0938995235898742,False,Gr_growth,1.0
fresh2,covertype,0.1456747020715579,False,Gr_growth,1.0
fresh2,diabetes130,0.2130549495902364,False,Gr_growth,1.0
fresh2,diabetes130,0.9969415128824952,False,Gr_growth,1.0
fresh2,diabetes130,0.9999877169192068,False,Gr_growth,1.0
fresh2,poker,0.00164075,False,Gr_growth,1.0
fresh2,poker,0.01922275,False,Gr_growth,1.0
fresh2,poker,0.06372875,False,Gr_growth,1.0
fresh2,poker,0.12537575,False,Gr_growth,1.0
fresh3,dota2,0.0007744198596869,False,Apriori_Gen_Borgelt,1.0
fresh3,dota2,0.0037317862924986,False,Apriori_Gen_Borgelt,1.0
fresh3,dota2,0.0134565569347004,False,Apriori_Gen_Borgelt,1.0
fresh3,dota2,0.0582703723691311,False,Apriori_Gen_Borgelt,1.0
fresh3,dota2,0.1415515380464112,False,Apriori_Gen_Borgelt,1.0034904013961605
fresh3,miniboone,0.0366261994095214,False,Apriori_Gen_Borgelt,1.0
fresh3,miniboone,0.0500196057325624,False,Apriori_Gen_Borgelt,1.0
fresh3,miniboone,0.0786516637962849,False,Apriori_Gen_Borgelt,1.0
fresh3,miniboone,0.1627256581375323,False,Apriori_Gen_Borgelt,1.0
fresh3,miniboone,0.1890434709066306,False,Gr_growth,3.6885452824234775
fresh3,power,0.0136480861570893,False,Gr_growth,1.0
fresh3,power,0.0564362849391005,False,Gr_growth,1.0
fresh3,power,0.219214919386321,False,Gr_growth,1.0
fresh4,adult,0.0004837075028408,False,Apriori_Gen_Borgelt,1.0
fresh4,adult,0.0176821964927367,False,Apriori_Gen_Borgelt,1.0
fresh4,adult,0.1999861797856331,False,Apriori_Gen_Borgelt,1.0
fresh4,adult,0.6756165351187002,False,Apriori_Gen_Borgelt,1.0
fresh4,bank_full,0.0019630178496383,False,Apriori_Gen_Borgelt,1.0
fresh4,bank_full,0.0314912300103957,False,Apriori_Gen_Borgelt,1.0
fresh4,bank_full,0.2128630200614894,False,Apriori_Gen_Borgelt,1.0
fresh4,bank_full,0.8174725177501051,False,Apriori_Gen_Borgelt,1.0108695652173914
fresh4,car,0.0264756944444444,False,Apriori_Gen_Borgelt,1.0
fresh4,car,0.0831886574074074,False,Apriori_Gen_Borgelt,1.0
fresh4,car,0.1861979166666666,False,Apriori_Gen_Borgelt,1.0
fresh4,krk,0.0019514542343883,False,Apriori_Gen_Borgelt,1.0
fresh4,krk,0.0042326062161391,False,Apriori_Gen_Borgelt,1.0
fresh4,krk,0.0409805389221556,False,Apriori_Gen_Borgelt,1.0
fresh4,krk,0.0697087966923296,False,Apriori_Gen_Borgelt,1.0
fresh4,letter,0.0008375,False,Apriori_Gen_Borgelt,1.1116303219106956
fresh4,letter,0.0082875,False,Apriori_Gen_Borgelt,1.0
fresh4,letter,0.0253875,False,Apriori_Gen_Borgelt,1.0
fresh4,letter,0.0615875,False,Apriori_Gen_Borgelt,1.0
fresh4,letter,0.1434875,False,Apriori_Gen_Borgelt,1.0
fresh4,nursery,0.0499807098765432,False,Apriori_Gen_Borgelt,1.0
fresh4,nursery,0.1110918209876543,False,Apriori_Gen_Borgelt,1.0161616161616163
fresh4,nursery,0.1666473765432098,False,Apriori_Gen_Borgelt,1.0780911062906724
fresh4,shoppers,0.002250608272506,False,Apriori_Gen_Borgelt,1.0
fresh4,shoppers,0.0338807785888077,False,Apriori_Gen_Borgelt,1.0
fresh4,shoppers,0.2178223844282238,False,Apriori_Gen_Borgelt,1.0
fresh4,shoppers,0.7468572587185726,False,Apriori_Gen_Borgelt,1.0097799511002445
fresh4,shuttle,0.0043160919540229,False,Apriori_Gen_Borgelt,1.0
fresh4,shuttle,0.1327068965517241,False,Apriori_Gen_Borgelt,1.0
fresh4,shuttle,0.2299942528735632,False,Apriori_Gen_Borgelt,1.0
fresh4,tictactoe,0.0581941544885177,False,Apriori_Gen_Borgelt,1.0
fresh4,tictactoe,0.1584029227557411,False,Apriori_Gen_Borgelt,1.0
fresh4,tictactoe,0.2346033402922756,False,Apriori_Gen_Borgelt,1.0
fresh4,yearmsd,0.0457785561128952,False,Gr_growth,4.632494301853137
fresh4,yearmsd,0.0552654047288709,False,Gr_growth,4.439246247525497
fresh4,yearmsd,0.0707792837807682,False,Gr_growth,4.255941774375706
fresh4,yearmsd,0.1006854631363455,False,Gr_growth,4.220373906925319
fresh4,yearmsd,0.1262256352540531,False,Gr_growth,4.219902522359562
fresh5,anneal,0.0153118040089086,False,Apriori_Gen_Borgelt,1.0
fresh5,anneal,0.2213251670378619,False,Apriori_Gen_Borgelt,1.0
fresh5,anneal,0.731347438752784,False,Apriori_Gen_Borgelt,1.0398671096345515
fresh5,breast_cancer,0.0445804195804195,False,Apriori_Gen_Borgelt,1.0
fresh5,breast_cancer,0.1284965034965035,False,Apriori_Gen_Borgelt,1.0
fresh5,breast_cancer,0.3907342657342657,False,Apriori_Gen_Borgelt,1.0
fresh5,colic,0.0319293478260869,False,Apriori_Gen_Borgelt,1.0
fresh5,colic,0.0482336956521739,False,Apriori_Gen_Borgelt,1.0
fresh5,colic,0.1732336956521739,False,Apriori_Gen_Borgelt,1.0
fresh5,colic,0.3634510869565217,False,Apriori_Gen_Borgelt,1.0
fresh5,credit_a,0.019927536231884,False,Apriori_Gen_Borgelt,1.0
fresh5,credit_a,0.0271739130434782,False,Apriori_Gen_Borgelt,1.0
fresh5,credit_a,0.1967391304347826,False,Apriori_Gen_Borgelt,1.0
fresh5,credit_a,0.4923913043478261,False,Apriori_Gen_Borgelt,1.0
fresh5,credit_g,0.01475,False,Apriori_Gen_Borgelt,1.0
fresh5,credit_g,0.06075,False,Apriori_Gen_Borgelt,1.0
fresh5,credit_g,0.29575,False,Apriori_Gen_Borgelt,1.0
fresh5,credit_g,0.61075,False,Apriori_Gen_Borgelt,1.0
fresh5,hypothyroid,0.0076219512195121,False,Apriori_Gen_Borgelt,1.0
fresh5,hypothyroid,0.108364262990456,False,Apriori_Gen_Borgelt,1.0
fresh5,hypothyroid,0.9127120890774124,False,Apriori_Gen_Borgelt,1.0
fresh5,hypothyroid,0.9858828207847296,False,Apriori_Gen_Borgelt,1.0
fresh5,primary_tumor,0.0405604719764011,False,Apriori_Gen_Borgelt,1.0
fresh5,primary_tumor,0.4564896755162242,False,Apriori_Gen_Borgelt,1.0
fresh5,primary_tumor,0.7957227138643068,False,Apriori_Gen_Borgelt,1.0
fresh5,segment,0.0128787878787878,False,Apriori_Gen_Borgelt,1.0
fresh5,segment,0.0548701298701298,False,Apriori_Gen_Borgelt,1.0
fresh5,segment,0.1968614718614718,False,Apriori_Gen_Borgelt,1.0
fresh5,segment,0.2055194805194805,False,Apriori_Gen_Borgelt,1.0224358974358974
fresh5,soybean,0.0230600292825768,False,Apriori_Gen_Borgelt,1.38171910848902
fresh5,soybean,0.1621522693997071,False,Apriori_Gen_Borgelt,1.0
fresh5,soybean,0.6379941434846267,False,Apriori_Gen_Borgelt,1.0
fresh5,soybean,0.777086383601757,False,Apriori_Gen_Borgelt,1.0
fresh5,susy,0.02598815,False,Gr_growth,1.8361055858245168
fresh5,susy,0.04290295,False,Gr_growth,1.5962129015489177
fresh5,susy,0.11046075,False,Gr_growth,1.5997736812581
fresh5,susy,0.16199895,False,Gr_growth,1.6054879350843476
fresh5,vote,0.0660919540229885,False,Apriori_Gen_Borgelt,1.0
fresh5,vote,0.3442528735632184,False,Apriori_Gen_Borgelt,1.0
fresh5,vote,0.4637931034482758,False,Apriori_Gen_Borgelt,1.0
fresh5,waveform_5000,0.03575,False,Apriori_Gen_Borgelt,1.0
fresh5,waveform_5000,0.04215,False,Apriori_Gen_Borgelt,1.0
fresh5,waveform_5000,0.05775,False,Apriori_Gen_Borgelt,1.0
fresh5,waveform_5000,0.09935,False,Apriori_Gen_Borgelt,1.0
fresh5,waveform_5000,0.13435,False,Apriori_Gen_Borgelt,1.0
fresh6,audiology,0.9502212389380532,False,Apriori_Gen_Borgelt,4.422168573527868
fresh6,audiology,0.9900442477876106,False,Apriori_Gen_Borgelt,1.0231788079470199
fresh6,autos,0.0573170731707317,False,Apriori_Gen_Borgelt,1.0
fresh6,autos,0.0865853658536585,False,Apriori_Gen_Borgelt,1.0
fresh6,autos,0.2329268292682927,False,Apriori_Gen_Borgelt,1.0
fresh6,autos,0.5841463414634146,False,Apriori_Gen_Borgelt,1.0
fresh6,balance_scale,0.0396,False,Apriori_Gen_Borgelt,1.0
fresh6,balance_scale,0.1228,False,Apriori_Gen_Borgelt,1.0
fresh6,breast_w,0.0168097281831187,False,Apriori_Gen_Borgelt,1.0
fresh6,breast_w,0.0683118741058655,False,Apriori_Gen_Borgelt,1.0
fresh6,breast_w,0.5189556509298998,False,Apriori_Gen_Borgelt,1.0
fresh6,diabetes,0.0257161458333333,False,Apriori_Gen_Borgelt,1.0
fresh6,diabetes,0.0843098958333333,False,Apriori_Gen_Borgelt,1.0
fresh6,diabetes,0.1611328125,False,Apriori_Gen_Borgelt,1.04
fresh6,glass,0.050233644859813,False,Apriori_Gen_Borgelt,1.0
fresh6,glass,0.1063084112149532,False,Apriori_Gen_Borgelt,1.0
fresh6,glass,0.2044392523364486,False,Apriori_Gen_Borgelt,1.0
fresh6,heart_c,0.042079207920792,False,Apriori_Gen_Borgelt,1.0
fresh6,heart_c,0.1773927392739274,False,Apriori_Gen_Borgelt,1.0
fresh6,heart_c,0.4282178217821782,False,Apriori_Gen_Borgelt,1.0
fresh6,ionosphere,0.0334757834757834,False,Apriori_Gen_Borgelt,1.0
fresh6,ionosphere,0.0448717948717948,False,Apriori_Gen_Borgelt,1.0
fresh6,ionosphere,0.1047008547008547,False,Apriori_Gen_Borgelt,1.0
fresh6,ionosphere,0.1987179487179487,False,Apriori_Gen_Borgelt,1.0
fresh6,ionosphere,0.344017094017094,False,Apriori_Gen_Borgelt,1.0
fresh6,lymph,0.0861486486486486,False,Apriori_Gen_Borgelt,1.0
fresh6,lymph,0.3631756756756756,False,Apriori_Gen_Borgelt,1.0
fresh6,lymph,0.7415540540540541,False,Apriori_Gen_Borgelt,1.0
fresh6,sonar,0.0516826923076923,False,Apriori_Gen_Borgelt,1.0
fresh6,sonar,0.0564903846153846,False,Apriori_Gen_Borgelt,1.0
fresh6,sonar,0.0853365384615384,False,Apriori_Gen_Borgelt,1.0
fresh6,sonar,0.1334134615384615,False,Apriori_Gen_Borgelt,1.0
fresh6,sonar,0.1622596153846154,False,Apriori_Gen_Borgelt,1.0
fresh6,vehicle,0.0209810874704491,False,Apriori_Gen_Borgelt,1.0
fresh6,vehicle,0.0528959810874704,False,Apriori_Gen_Borgelt,1.0
fresh6,vehicle,0.1238179669030732,False,Apriori_Gen_Borgelt,1.0
fresh6,vehicle,0.1876477541371158,False,Apriori_Gen_Borgelt,1.0
fresh6,vowel,0.0138888888888888,False,Apriori_Gen_Borgelt,1.0
fresh6,vowel,0.0361111111111111,False,Apriori_Gen_Borgelt,1.0
fresh6,vowel,0.1027777777777777,False,Apriori_Gen_Borgelt,1.0
fresh6,vowel,0.1522727272727272,False,Apriori_Gen_Borgelt,1.0
fresh6,zoo,0.1361386138613861,False,Apriori_Gen_Borgelt,1.0
fresh6,zoo,0.3935643564356436,False,Apriori_Gen_Borgelt,1.0
fresh6,zoo,0.7004950495049505,False,Apriori_Gen_Borgelt,1.0
fresh7,oml_analcatdata_dmft,0.0147427854454203,True,Apriori_Gen_Borgelt,1.0
fresh7,oml_analcatdata_dmft,0.0348180677540777,True,Apriori_Gen_Borgelt,1.0
fresh7,oml_analcatdata_dmft,0.1075909661229611,True,Apriori_Gen_Borgelt,1.0
fresh7,oml_banknote_authentication,0.0245991253644314,True,Apriori_Gen_Borgelt,1.0
fresh7,oml_banknote_authentication,0.0428206997084548,True,Apriori_Gen_Borgelt,1.0
fresh7,oml_banknote_authentication,0.1259110787172011,True,Apriori_Gen_Borgelt,1.0
fresh7,oml_blood_transfusion_service_center,0.025066844919786,True,Apriori_Gen_Borgelt,1.0
fresh7,oml_blood_transfusion_service_center,0.0357620320855614,True,Apriori_Gen_Borgelt,1.0
fresh7,oml_blood_transfusion_service_center,0.1600935828877005,True,Apriori_Gen_Borgelt,1.0
fresh7,oml_churn,0.02595,True,Apriori_Gen_Borgelt,1.0
fresh7,oml_churn,0.04455,True,Apriori_Gen_Borgelt,1.0
fresh7,oml_churn,0.18055,True,Apriori_Gen_Borgelt,1.0
fresh7,oml_churn,0.32535,True,Apriori_Gen_Borgelt,1.0
fresh7,oml_climate_model_simulation_crashes,0.0310185185185185,True,Apriori_Gen_Borgelt,1.0
fresh7,oml_climate_model_simulation_crashes,0.0458333333333333,True,Apriori_Gen_Borgelt,1.0
fresh7,oml_climate_model_simulation_crashes,0.0662037037037037,True,Apriori_Gen_Borgelt,1.0
fresh7,oml_climate_model_simulation_crashes,0.1921296296296296,True,Apriori_Gen_Borgelt,1.0
fresh7,oml_cmc,0.0106924643584521,True,Apriori_Gen_Borgelt,1.0
fresh7,oml_cmc,0.1274609640190088,True,Apriori_Gen_Borgelt,1.0
fresh7,oml_cmc,0.3691446028513238,True,Apriori_Gen_Borgelt,1.0032051282051282
fresh7,oml_cylinder_bands,0.0236111111111111,True,Apriori_Gen_Borgelt,1.1471363527438294
fresh7,oml_cylinder_bands,0.0347222222222222,True,Apriori_Gen_Borgelt,1.047391205285942
fresh7,oml_cylinder_bands,0.1625,True,Apriori_Gen_Borgelt,1.0
fresh7,oml_cylinder_bands,0.5087962962962963,True,Apriori_Gen_Borgelt,1.0
fresh7,oml_cylinder_bands,0.8847222222222222,True,Apriori_Gen_Borgelt,1.0
fresh7,oml_dresses_sales,0.0235,True,Apriori_Gen_Borgelt,1.0
fresh7,oml_dresses_sales,0.1235,True,Apriori_Gen_Borgelt,1.0
fresh7,oml_dresses_sales,0.2755,True,Apriori_Gen_Borgelt,1.0
fresh7,oml_electricity,0.013081523658192,True,Apriori_Gen_Borgelt,1.0
fresh7,oml_electricity,0.0864837129237288,True,Apriori_Gen_Borgelt,1.0
fresh7,oml_electricity,0.2002063471045197,True,Apriori_Gen_Borgelt,1.0
fresh7,oml_eucalyptus,0.0173233695652173,True,Apriori_Gen_Borgelt,1.0
fresh7,oml_eucalyptus,0.054008152173913,True,Apriori_Gen_Borgelt,1.0
fresh7,oml_eucalyptus,0.1246603260869565,True,Apriori_Gen_Borgelt,1.0
fresh7,oml_eucalyptus,0.2605298913043478,True,Apriori_Gen_Borgelt,1.0
fresh7,oml_gesturephasesegmentationprocessed,0.0146611972044971,True,Apriori_Gen_Borgelt,10.0
fresh7,oml_gesturephasesegmentationprocessed,0.0429200850805226,True,Apriori_Gen_Borgelt,1.0
fresh7,oml_gesturephasesegmentationprocessed,0.072090549984807,True,Apriori_Gen_Borgelt,1.0
fresh7,oml_gesturephasesegmentationprocessed,0.1199989871366352,True,Apriori_Gen_Borgelt,1.0
fresh7,oml_gesturephasesegmentationprocessed,0.152714473817482,True,Apriori_Gen_Borgelt,1.0
fresh7,oml_ilpd,0.0253001715265866,True,Apriori_Gen_Borgelt,1.0
fresh7,oml_ilpd,0.1162092624356775,True,Apriori_Gen_Borgelt,1.0
fresh7,oml_ilpd,0.1882504288164665,True,Apriori_Gen_Borgelt,1.0
fresh7,oml_jungle_chess_2pcs_raw_endgame_complete,0.0074912425533813,True,Apriori_Gen_Borgelt,1.0
fresh7,oml_jungle_chess_2pcs_raw_endgame_complete,0.0411599991075213,True,Apriori_Gen_Borgelt,1.0
fresh7,oml_jungle_chess_2pcs_raw_endgame_complete,0.1040574310002454,True,Apriori_Gen_Borgelt,1.0
fresh7,oml_mfeat_morphological,0.011875,True,Apriori_Gen_Borgelt,1.0
fresh7,oml_mfeat_morphological,0.089875,True,Apriori_Gen_Borgelt,1.0
fresh7,oml_mfeat_morphological,0.197875,True,Apriori_Gen_Borgelt,1.0
fresh7,oml_numerai28_6,0.0252777200996677,True,Apriori_Gen_Borgelt,1.0
fresh7,oml_numerai28_6,0.0487930855481727,True,Apriori_Gen_Borgelt,1.0
fresh7,oml_numerai28_6,0.1018350290697674,True,Apriori_Gen_Borgelt,1.0
fresh7,oml_numerai28_6,0.1345800456810631,True,Apriori_Gen_Borgelt,1.0
fresh7,oml_pc4,0.0135459533607681,True,Apriori_Gen_Borgelt,4.981828574466954
fresh7,oml_pc4,0.047153635116598,True,Apriori_Gen_Borgelt,2.499707621337145
fresh7,oml_pc4,0.1582647462277092,True,Apriori_Gen_Borgelt,1.0
fresh7,oml_pc4,0.4134087791495199,True,Apriori_Gen_Borgelt,1.0
fresh7,oml_pc4,0.6822702331961591,True,Apriori_Gen_Borgelt,1.0
fresh7,oml_pendigits,0.0123498908296943,True,Apriori_Gen_Borgelt,1.0
fresh7,oml_pendigits,0.0499226710334788,True,Apriori_Gen_Borgelt,1.0
fresh7,oml_pendigits,0.1125136462882096,True,Apriori_Gen_Borgelt,1.0
fresh7,oml_pendigits,0.1784707059679767,True,Apriori_Gen_Borgelt,1.0
fresh7,oml_phishingwebsites,0.141180461329715,True,Apriori_Gen_Borgelt,1.0
fresh7,oml_phishingwebsites,0.7258932609678879,True,Apriori_Gen_Borgelt,1.0
fresh7,oml_phishingwebsites,0.8334464043419267,True,Apriori_Gen_Borgelt,1.0
fresh7,oml_phoneme,0.0117968171724648,True,Apriori_Gen_Borgelt,1.0
fresh7,oml_phoneme,0.0554681717246484,True,Apriori_Gen_Borgelt,1.0
fresh7,oml_phoneme,0.1398501110288675,True,Apriori_Gen_Borgelt,1.0
fresh7,oml_satimage,0.0492612752721617,True,Apriori_Gen_Borgelt,2.4679302540890857
fresh7,oml_satimage,0.1086702954898911,True,Apriori_Gen_Borgelt,1.0
fresh7,oml_satimage,0.1659020217729393,True,Apriori_Gen_Borgelt,1.0
fresh7,oml_satimage,0.1823872472783825,True,Apriori_Gen_Borgelt,1.0
fresh7,oml_steel_plates_fault,0.0168727460072127,True,Apriori_Gen_Borgelt,1.9764210526315789
fresh7,oml_steel_plates_fault,0.0338742916022668,True,Apriori_Gen_Borgelt,1.0
fresh7,oml_steel_plates_fault,0.0838485316846986,True,Apriori_Gen_Borgelt,1.0
fresh7,oml_steel_plates_fault,0.1791602266872746,True,Apriori_Gen_Borgelt,1.0
fresh7,oml_steel_plates_fault,0.3084750128799587,True,Apriori_Gen_Borgelt,1.0060975609756098
fresh7,oml_wall_robot_navigation,0.0129673753665689,True,Apriori_Gen_Borgelt,1.365128449096099
fresh7,oml_wall_robot_navigation,0.0245142961876832,True,Apriori_Gen_Borgelt,1.0
fresh7,oml_wall_robot_navigation,0.0732679618768328,True,Apriori_Gen_Borgelt,1.0
fresh7,oml_wall_robot_navigation,0.1203720674486803,True,Apriori_Gen_Borgelt,1.0
fresh7,oml_wall_robot_navigation,0.1830553519061583,True,Apriori_Gen_Borgelt,1.0
fresh7,oml_wdbc,0.0259226713532513,True,Apriori_Gen_Borgelt,1.0011634671320535
fresh7,oml_wdbc,0.0417398945518453,True,Apriori_Gen_Borgelt,1.0
fresh7,oml_wdbc,0.0663444639718804,True,Apriori_Gen_Borgelt,1.0
fresh7,oml_wdbc,0.171792618629174,True,Apriori_Gen_Borgelt,1.0
fresh7,oml_wdbc,0.1981546572934973,True,Apriori_Gen_Borgelt,1.0
fresh7,oml_wilt,0.0148274436867121,True,Apriori_Gen_Borgelt,1.0
fresh7,oml_wilt,0.044379003926431,True,Apriori_Gen_Borgelt,1.0
fresh7,oml_wilt,0.1929634221946683,True,Apriori_Gen_Borgelt,1.0
fresh8,oml_click_prediction_small,0.0162128414298134,True,Gr_growth,1.0
fresh8,oml_click_prediction_small,0.134045680574128,True,Gr_growth,1.0
fresh8,oml_click_prediction_small,0.2768773335311426,True,Gr_growth,1.0
fresh8,oml_comet_mc_sample,0.0043425335328241,True,Gr_growth,1.0
fresh8,oml_comet_mc_sample,0.0399818227156993,True,Gr_growth,1.0
fresh8,oml_comet_mc_sample,0.1999996718901751,True,Gr_growth,1.0
fresh8,oml_creditcard,0.0296648256538638,True,Gr_growth,2.9895327506204814
fresh8,oml_creditcard,0.0405388561376651,True,Gr_growth,2.7414532263383533
fresh8,oml_creditcard,0.0508967476220739,True,Gr_growth,2.606591943180557
fresh8,oml_creditcard,0.1996711808347407,True,Gr_growth,2.5769359704994974
fresh8,oml_creditcard,0.1999626062561664,True,Gr_growth,2.5398230088495577
fresh8,oml_fars,0.1225809167260914,True,Apriori_Gen_Borgelt,1.0
fresh8,oml_fars,0.660632576657951,True,Apriori_Gen_Borgelt,1.2981818181818183
fresh8,oml_fars,0.980377446319626,True,Apriori_Gen_Borgelt,1.311764705882353
fresh8,oml_ldpa,0.0025824942375348,True,Apriori_Gen_Borgelt,1.0
fresh8,oml_ldpa,0.0561794856241659,True,Apriori_Gen_Borgelt,1.0550139275766017
fresh8,oml_ldpa,0.1582782360790974,True,Apriori_Gen_Borgelt,1.0638297872340425
fresh8,oml_sensordataresource,0.0081725983807635,True,Apriori_Gen_Borgelt,1.358363163032867
fresh8,oml_sensordataresource,0.0107825003330955,True,Apriori_Gen_Borgelt,1.2205087798289058
fresh8,oml_sensordataresource,0.0869477470981495,True,Apriori_Gen_Borgelt,1.4668636555508652
fresh8,oml_sensordataresource,0.1999964731054698,True,Apriori_Gen_Borgelt,1.648764258555133
fresh8,oml_sensordataresource,0.5470037071580284,True,Gr_growth,1.0
fresh8,oml_spoken_arabic_digit,0.0197934709940134,True,Gr_growth,1.933070125963527
fresh8,oml_spoken_arabic_digit,0.041441600571307,True,Gr_growth,1.7696831720736104
fresh8,oml_spoken_arabic_digit,0.0976454477770687,True,Gr_growth,1.6961083555894696
fresh8,oml_spoken_arabic_digit,0.1084638146898836,True,Gr_growth,1.6153217568947904
fresh8,oml_walking_activity,0.0267976723006455,True,Apriori_Gen_Borgelt,1.0
fresh8,oml_walking_activity,0.042387097206225,True,Apriori_Gen_Borgelt,1.0
fresh8,oml_walking_activity,0.0656573942624487,True,Apriori_Gen_Borgelt,1.0077120822622108
