set,dataset,sigma,primary,probe wall s,"recommender, probe",pick recommender,probe-argmin,pick argmin,pairwise ranking +probe,regression (PAR10-imputed) +probe,"SUNNY (k-NN, k=16) +probe",ISAC (k-means clusters) +probe,"AutoFolio (SMAC, 1800s/fold) +probe"
confirm,chainstore_fim,9.951039984761208e-05,False,8.91923194899573,1.0,Eclat_Gen_Borgelt,1.0,Eclat_Gen_Borgelt,1.1189729810419466,1.1189729810419466,1.1189729810419466,2.0439369060058716,2.0439369060058716
confirm,chainstore_fim,0.0002244038136518,False,6.229834218000178,1.0,Eclat_Gen_Borgelt,1.0,Eclat_Gen_Borgelt,1.033630822812364,1.033630822812364,1.033630822812364,1.0745537657814541,1.0745537657814541
confirm,chainstore_fim,0.0005370866050465,False,1.3989078890008386,1.0,Apriori_Gen_Borgelt,1.0,Apriori_Gen_Borgelt,1.1752650176678445,1.1752650176678445,1.1752650176678445,1.1752650176678445,1.0
confirm,chainstore_fim,0.0015038874198188,False,0.8034777440043399,1.0,Gr_growth,1.0,Gr_growth,1.2708271568336793,1.0,1.0,1.0,1.2708271568336793
confirm,chainstore_fim,0.0033943603884814,False,0.5279318679968128,1.0,Gr_growth,1.0,Gr_growth,1.0,1.0,1.0,1.0,2.237747653806048
confirm,fruithut,6.457108314557345e-05,False,0.3265825929993298,1.0,Apriori_Gen_Borgelt,1.0,Apriori_Gen_Borgelt,1.0406559617355655,1.0,1.0406559617355655,1.0406559617355655,1.0406559617355655
confirm,fruithut,0.0003503324723855,False,0.17481633299030364,1.0,Apriori_Gen_Borgelt,1.0,Apriori_Gen_Borgelt,1.0,1.0,1.488245931283906,1.488245931283906,1.488245931283906
confirm,fruithut,0.0015428367313293,False,0.3605680049950024,1.0,Apriori_Gen_Borgelt,1.0,Apriori_Gen_Borgelt,1.0,1.0,1.6187150837988826,1.6187150837988826,1.0
confirm,fruithut,0.0058402483925921,False,0.2869946379942121,1.0,Apriori_Gen_Borgelt,1.0,Apriori_Gen_Borgelt,1.0,1.0,1.6166407465007777,1.6166407465007777,1.6166407465007777
confirm,fruithut,0.0140888608012309,False,0.28029524299199693,1.0,Apriori_Gen_Borgelt,1.0,Apriori_Gen_Borgelt,1.0,1.0,1.3608087091757388,1.3608087091757388,1.3608087091757388
confirm,instacart,0.0002267374951413,False,0.5780435979977483,1.0,Eclat_Gen_Borgelt,1.0,Eclat_Gen_Borgelt,2.707980791218843,1.170134918820032,1.170134918820032,1.170134918820032,2.707980791218843
confirm,instacart,0.0005849446303226,False,0.3967970199882984,1.0,Eclat_Gen_Borgelt,1.0,Eclat_Gen_Borgelt,1.1571271326362134,1.1571271326362134,1.1571271326362134,1.198128783709411,1.1571271326362134
confirm,instacart,0.0016062160370096,False,0.25971882200974505,1.0,Apriori_Gen_Borgelt,1.0,Apriori_Gen_Borgelt,1.0,1.0,1.0,1.0,1.0
confirm,instacart,0.0051044516763331,False,0.3962386850034818,1.0,Apriori_Gen_Borgelt,1.0,Apriori_Gen_Borgelt,1.0,1.3093317972350231,1.3093317972350231,1.0,1.3093317972350231
confirm,instacart,0.0124896158037939,False,0.3826355330093065,1.0173711638679792,Gr_growth,1.0173711638679792,Gr_growth,1.0,1.0173711638679792,1.0173711638679792,1.0,1.0173711638679792
confirm,skin,0.0023535340757456,False,0.2827136209962191,1.0,Gr_growth,1.0,Gr_growth,1.37444279346211,1.0,1.0,1.0,1.37444279346211
confirm,skin,0.2363562354880701,False,0.24936890800017864,1.0,Gr_growth,1.0,Gr_growth,1.310522442972774,1.0,1.0,1.310522442972774,1.310522442972774
confirm,t20i6d100k,0.0022092231940913,False,1.8609754839999368,1.0,Apriori_Gen_Borgelt,1.0,Apriori_Gen_Borgelt,1.0,2.3252372975991067,2.3252372975991067,1.0,1.0
confirm,t20i6d100k,0.0050614479293849,False,0.7095493329979945,1.0,Apriori_Gen_Borgelt,1.0,Apriori_Gen_Borgelt,1.0,1.0,2.771303714493809,1.0,1.0
confirm,t20i6d100k,0.0090045235283521,False,0.615498116996605,1.0,Apriori_Gen_Borgelt,1.0,Apriori_Gen_Borgelt,1.0,1.0,2.8379647749510766,1.0,1.0
confirm,t20i6d100k,0.0145488481015191,False,0.4727498449938139,1.0,Apriori_Gen_Borgelt,1.0,Apriori_Gen_Borgelt,1.0,1.0,2.7026584867075663,1.0,1.0
confirm,t20i6d100k,0.0196027901763375,False,0.519555358987418,1.0,Apriori_Gen_Borgelt,1.0,Apriori_Gen_Borgelt,1.0,1.0,2.554849639983058,1.0,1.0
hard,liquor,0.0002253937196677,False,0.17128336599853355,1.0,Apriori_Gen_Borgelt,1.0,Apriori_Gen_Borgelt,1.0,1.0,1.4305684995340167,1.4305684995340167,1.4305684995340167
hard,liquor,0.0009543266002954,False,0.39492793098906986,1.0,Apriori_Gen_Borgelt,1.0,Apriori_Gen_Borgelt,1.0,1.0,1.0,2.395509499136442,1.0
hard,mooc_set,0.0002998727812443,False,68.04077298199991,1.0,Gr_growth,1.0,Gr_growth,10.0,1.0,1.0,1.0,1.0
hard,mooc_set,0.0008208638759314,False,37.55199162499048,1.0,Gr_growth,1.0,Gr_growth,1.7329257808768745,1.0,1.0,1.0,1.7329257808768745
hard,sign_set,0.0407534246575342,False,0.3109899970004335,1.0,Eclat_Gen_Borgelt,1.0,Eclat_Gen_Borgelt,1.8589981447124304,1.8589981447124304,1.8589981447124304,1.8589981447124304,1.8589981447124304
hard,sign_set,0.0503424657534246,False,0.14768762099265587,1.0,Apriori_Gen_Borgelt,1.0,Apriori_Gen_Borgelt,1.0,1.0,1.0,1.0,1.0
fresh,bike_set,0.0014588670651864,False,0.3424082889978308,1.0,Apriori_Gen_Borgelt,1.0,Apriori_Gen_Borgelt,1.0,1.0,1.0,1.0,1.0
fresh,bike_set,0.006962235506215,False,0.1527248909987975,1.0,Apriori_Gen_Borgelt,1.0,Apriori_Gen_Borgelt,1.0,1.0,1.0,1.0,1.0
fresh,bike_set,0.0338623209033115,False,0.1152152809954714,1.0,Apriori_Gen_Borgelt,1.0,Apriori_Gen_Borgelt,1.0,1.0,1.0,1.0,1.0
fresh,bike_set,0.0555436948477085,False,0.09914770899922587,1.0,Apriori_Gen_Borgelt,1.0,Apriori_Gen_Borgelt,1.0,1.0,1.0,1.0,1.0
fresh,ecommerce_fim,0.0007178631051752,False,0.6696452270116424,1.0,Eclat_Gen_Borgelt,1.0,Eclat_Gen_Borgelt,1.1289566236811257,1.1289566236811257,10.0,1.1289566236811257,1.1289566236811257
fresh,ecommerce_fim,0.001118530884808,False,0.5733938939956715,1.0,Apriori_Gen_Borgelt,1.0,Apriori_Gen_Borgelt,1.0,1.0,10.0,1.0,1.0
fresh,ecommerce_fim,0.002787979966611,False,0.529013447012403,1.0,Apriori_Gen_Borgelt,1.0,Apriori_Gen_Borgelt,1.0,1.1129441624365481,1.0,1.0,1.0
fresh,ecommerce_fim,0.0079966611018363,False,0.5028726480086334,1.0,Apriori_Gen_Borgelt,1.0,Apriori_Gen_Borgelt,1.0,1.0,1.0,1.0,1.0
fresh,ecommerce_fim,0.0150751252086811,False,0.4803302549989894,1.0,Apriori_Gen_Borgelt,1.0,Apriori_Gen_Borgelt,1.0,1.0,1.0,1.0,1.0
fresh,fifa_set,0.341161369193154,False,0.15740212399396114,1.0,Apriori_Gen_Borgelt,1.0,Apriori_Gen_Borgelt,1.0,1.0,1.0,2.1480362537764353,1.0
fresh,fifa_set,0.3596943765281173,False,0.13274215398996603,1.0241691842900302,FPgrowth_Gen_Borgelt,1.0241691842900302,FPgrowth_Gen_Borgelt,1.0030211480362536,1.0030211480362536,1.0030211480362536,2.0770392749244713,1.0030211480362536
fresh,microblog_set,0.032051282051282,False,6.678622224004357,1.0,Gr_growth,1.0,Gr_growth,1.8490923740461631,1.0,1.0,1.0,1.8490923740461631
fresh,microblog_set,0.0623543123543123,False,0.3614839030051371,1.0,Apriori_Gen_Borgelt,1.0,Apriori_Gen_Borgelt,1.0,1.0,1.1671134941912422,1.1671134941912422,1.0
fresh,microblog_set,0.1276223776223776,False,0.17973655900277663,1.0,Apriori_Gen_Borgelt,1.0,Apriori_Gen_Borgelt,1.0,1.0,1.0,1.8244746600741657,1.0
fresh,microblog_set,0.2954545454545454,False,0.11806609999621287,1.0,Apriori_Gen_Borgelt,1.0,Apriori_Gen_Borgelt,1.0,1.0828182941903584,1.0,1.7255871446229916,1.0
fresh,microblog_set,0.5635198135198135,False,0.10295128100551665,1.0,Apriori_Gen_Borgelt,1.0,Apriori_Gen_Borgelt,1.0,1.028360049321825,1.0,1.7213316892725032,1.0
fresh,msnbc_set,0.0066294432211387,False,0.14104131699423306,1.0,Apriori_Gen_Borgelt,1.0,Apriori_Gen_Borgelt,1.0,1.0,1.0,1.0,1.0
fresh,msnbc_set,0.0345942120163573,False,0.10725041398836765,1.0,Apriori_Gen_Borgelt,1.0,Apriori_Gen_Borgelt,1.0,1.0,1.0,1.0,1.0
fresh,msnbc_set,0.2619613085876062,False,0.11091468299855478,1.0,Apriori_Gen_Borgelt,1.0,Apriori_Gen_Borgelt,1.0,1.0,1.0,1.0,1.0
fresh,splice,0.053526645768025,False,0.2926518139865948,1.0,Apriori_Gen_Borgelt,1.0,Apriori_Gen_Borgelt,1.0,1.0,1.0,1.0,1.0
fresh,splice,0.0751567398119122,False,0.38978202400903683,1.0,Apriori_Gen_Borgelt,1.0,Apriori_Gen_Borgelt,1.0,1.0,1.0,1.0,1.0
fresh,splice,0.1115203761755486,False,0.20494953900924884,1.0,Apriori_Gen_Borgelt,1.0,Apriori_Gen_Borgelt,1.0,1.0,1.0,1.0,1.0
fresh,splice,0.1638714733542319,False,0.14476101599575486,1.0,Apriori_Gen_Borgelt,1.0,Apriori_Gen_Borgelt,1.0,1.0,1.0,1.0,1.0
fresh,splice,0.244435736677116,False,0.11265059400466271,1.0,Apriori_Gen_Borgelt,1.0,Apriori_Gen_Borgelt,1.0,1.0,1.0,1.0,1.0
fresh,t25i10d10k,0.0035836006415396,False,0.38069112499943003,1.0,Apriori_Gen_Borgelt,1.0,Apriori_Gen_Borgelt,1.0,1.0,1.0,1.0,1.0
fresh,t25i10d10k,0.00709202085004,False,0.30999222499667667,1.0,Apriori_Gen_Borgelt,1.0,Apriori_Gen_Borgelt,1.0,1.0,1.0,1.0,1.0
fresh,t25i10d10k,0.011502606255012,False,0.18928249899181537,1.0,Apriori_Gen_Borgelt,1.0,Apriori_Gen_Borgelt,1.0,1.0,1.0,1.0,1.0
fresh,t25i10d10k,0.01882016840417,False,0.1453893839934608,1.0,Apriori_Gen_Borgelt,1.0,Apriori_Gen_Borgelt,1.0,1.0,1.0,1.0,1.0
fresh,t25i10d10k,0.0258370088211708,False,0.13619974299217574,1.0,Apriori_Gen_Borgelt,1.0,Apriori_Gen_Borgelt,1.0,1.0,1.0,1.0,1.0
fresh,uscensus,0.05409375,False,45.93292255599226,1.0,Gr_growth,1.0,Gr_growth,1.0,1.0,1.0,1.0,1.0
fresh,uscensus,0.25685375,False,14.44869318100973,1.0,Gr_growth,1.0,Gr_growth,1.0,1.0,1.0,1.0,1.0
fresh,uscensus,0.60401875,False,0.7622023739968427,1.0,Gr_growth,1.0,Gr_growth,1.0,1.0,1.0,1.0,1.0
fresh,uscensus,0.74447675,False,0.7270107319927774,1.0,Gr_growth,1.0,Gr_growth,1.0,1.0,1.0,1.0,1.0
fresh2,census_kdd,0.015099762934599,False,42.75710122700548,1.0,Gr_growth,1.0,Gr_growth,1.0,1.0,1.0,1.0,1.0
fresh2,census_kdd,0.2090423159234775,False,6.208226142000058,1.0,Apriori_Gen_Borgelt,1.0,Apriori_Gen_Borgelt,1.065546218487395,1.065546218487395,1.065546218487395,1.065546218487395,1.065546218487395
fresh2,census_kdd,0.8078705211930454,False,0.45280083299439866,1.0,Gr_growth,1.0,Gr_growth,1.0,1.0,1.0,1.0,1.0
fresh2,census_kdd,0.9695761892112688,False,0.4172267429967178,1.0,Gr_growth,1.0,Gr_growth,1.0,1.0,1.0,1.0,1.0
fresh2,covertype,0.0002663456176464,False,11.975084036996122,1.0,Apriori_Gen_Borgelt,1.0,Apriori_Gen_Borgelt,1.0506858122588942,1.0506858122588942,1.0506858122588942,1.0506858122588942,1.0506858122588942
fresh2,covertype,0.0368869317673301,False,0.6768074109859299,1.0,Gr_growth,1.0,Gr_growth,1.0,1.0,1.0,1.0,1.0
fresh2,covertype,0.0938995235898742,False,0.4562342110002646,1.0,Gr_growth,1.0,Gr_growth,1.0,1.0,1.0,1.0,1.0
fresh2,covertype,0.1456747020715579,False,0.43360839200613555,1.0,Gr_growth,1.0,Gr_growth,1.0,1.0,1.0,1.0,1.0
fresh2,diabetes130,0.2130549495902364,False,38.37274967500707,1.0,Gr_growth,10.0,Apriori_Gen_Borgelt,1.0,1.0,1.0,1.0,1.0
fresh2,diabetes130,0.9969415128824952,False,0.4697849939984735,1.0,Gr_growth,1.0,Gr_growth,1.8051470588235294,1.0,1.0,1.0,1.0
fresh2,diabetes130,0.9999877169192068,False,0.4115557709883433,1.0,Gr_growth,1.0,Gr_growth,1.0,1.0,1.0,1.0,1.0
fresh2,poker,0.00164075,False,1.2005843259976245,1.0,Gr_growth,1.0,Gr_growth,1.0,1.0,1.0,1.0,1.0
fresh2,poker,0.01922275,False,0.5782967530103633,1.0,Gr_growth,1.0,Gr_growth,1.0,1.0,1.0,1.0708493116238136,1.0
fresh2,poker,0.06372875,False,0.4787316840083804,1.082496,Apriori_Gen_Borgelt,1.082496,Apriori_Gen_Borgelt,1.0,1.0,1.0,1.082496,1.0
fresh2,poker,0.12537575,False,0.4015196390100755,1.0,Gr_growth,1.0,Gr_growth,1.0,1.0,1.0,1.0,1.0
fresh3,dota2,0.0007744198596869,False,0.6813160689926008,1.0,Apriori_Gen_Borgelt,1.0,Apriori_Gen_Borgelt,1.0,1.6761268781302172,1.6761268781302172,1.0,1.0
fresh3,dota2,0.0037317862924986,False,0.6945793320046505,1.0,Apriori_Gen_Borgelt,1.0,Apriori_Gen_Borgelt,1.0,1.0,2.213717693836978,1.0,1.0
fresh3,dota2,0.0134565569347004,False,0.5398878900014097,1.0,Apriori_Gen_Borgelt,1.0,Apriori_Gen_Borgelt,1.0,1.0,2.206240084611317,1.0,1.0
fresh3,dota2,0.0582703723691311,False,0.3656675450038165,1.0,Apriori_Gen_Borgelt,1.0,Apriori_Gen_Borgelt,1.0,1.0,1.4163783160322951,1.4163783160322951,1.0
fresh3,dota2,0.1415515380464112,False,0.297140937007498,1.0034904013961605,Apriori_Gen_Borgelt,1.0034904013961605,Apriori_Gen_Borgelt,1.0034904013961605,1.0078534031413613,1.0034904013961605,1.0034904013961605,1.0034904013961605
fresh3,miniboone,0.0366261994095214,False,8.650434602997848,1.0,Apriori_Gen_Borgelt,1.0,Apriori_Gen_Borgelt,1.0,3.83810988396477,3.83810988396477,1.0,3.83810988396477
fresh3,miniboone,0.0500196057325624,False,2.917584644994349,1.0,Apriori_Gen_Borgelt,1.0,Apriori_Gen_Borgelt,1.0,3.8981924918893864,3.8981924918893864,1.0,3.8981924918893864
fresh3,miniboone,0.0786516637962849,False,1.5349126729997806,1.0,Apriori_Gen_Borgelt,1.0,Apriori_Gen_Borgelt,1.0,3.6857500391052715,3.6857500391052715,1.0,3.6857500391052715
fresh3,miniboone,0.1627256581375323,False,1.0019253010104876,1.0,Apriori_Gen_Borgelt,1.0,Apriori_Gen_Borgelt,1.0,3.69701280227596,3.69701280227596,1.0,3.69701280227596
fresh3,miniboone,0.1890434709066306,False,0.9112376300035976,1.0,Apriori_Gen_Borgelt,1.0,Apriori_Gen_Borgelt,1.0,3.6885452824234775,3.6885452824234775,1.0,3.6885452824234775
fresh3,power,0.0136480861570893,False,0.4912474870070582,1.0,Gr_growth,1.0,Gr_growth,1.0,1.0,1.0,1.0,1.0
fresh3,power,0.0564362849391005,False,0.4894938999932492,1.0,Gr_growth,1.0,Gr_growth,1.0,1.0,1.0,1.0,1.0
fresh3,power,0.219214919386321,False,0.4747354040009668,1.0,Gr_growth,1.0,Gr_growth,1.0,1.0,1.0,1.0,1.0
fresh4,adult,0.0004837075028408,False,1.053138271003263,1.0,Apriori_Gen_Borgelt,1.0,Apriori_Gen_Borgelt,1.0,1.1852560016995963,1.1852560016995963,1.1852560016995963,1.1852560016995963
fresh4,adult,0.0176821964927367,False,0.3421353879966773,1.0,Apriori_Gen_Borgelt,1.0,Apriori_Gen_Borgelt,1.0,1.0,2.0304449648711946,1.0,1.0
fresh4,adult,0.1999861797856331,False,0.1427102159941569,1.0,Apriori_Gen_Borgelt,1.0,Apriori_Gen_Borgelt,1.0,1.0,1.0,1.0,1.0
fresh4,adult,0.6756165351187002,False,0.11527092898904812,1.0516351118760758,FPgrowth_Gen_Borgelt,1.0516351118760758,FPgrowth_Gen_Borgelt,1.0,1.0,1.0,1.0,1.0
fresh4,bank_full,0.0019630178496383,False,3.331948655002634,1.0,Apriori_Gen_Borgelt,1.0,Apriori_Gen_Borgelt,1.0,1.435880175025244,1.435880175025244,1.435880175025244,1.435880175025244
fresh4,bank_full,0.0314912300103957,False,0.6020390589983435,1.0,Apriori_Gen_Borgelt,1.0,Apriori_Gen_Borgelt,1.0,1.0,1.0,1.0,1.0
fresh4,bank_full,0.2128630200614894,False,0.16420797600585502,1.0,Apriori_Gen_Borgelt,1.0,Apriori_Gen_Borgelt,1.0,1.0,1.0,1.0,1.0
fresh4,bank_full,0.8174725177501051,False,0.13081422400136944,1.0,FPgrowth_Gen_Borgelt,1.0,FPgrowth_Gen_Borgelt,1.0108695652173914,1.0108695652173914,1.0108695652173914,1.0108695652173914,1.0108695652173914
fresh4,car,0.0264756944444444,False,0.07034941999881994,1.0,Apriori_Gen_Borgelt,1.0,Apriori_Gen_Borgelt,1.0,1.0,1.0,1.0,1.0
fresh4,car,0.0831886574074074,False,0.06976976800069679,1.0,Apriori_Gen_Borgelt,1.0,Apriori_Gen_Borgelt,1.0,1.0,1.0,1.0,1.0
fresh4,car,0.1861979166666666,False,0.06552434599143453,1.0,Apriori_Gen_Borgelt,1.0,Apriori_Gen_Borgelt,1.0,1.0,1.0,1.0,1.0
fresh4,krk,0.0019514542343883,False,0.1672142549941782,1.0,Apriori_Gen_Borgelt,1.0,Apriori_Gen_Borgelt,1.0,1.0,1.0,1.0,1.0
fresh4,krk,0.0042326062161391,False,0.14247428301314358,1.0,Apriori_Gen_Borgelt,1.0,Apriori_Gen_Borgelt,1.0,1.0,1.0,1.0,1.0
fresh4,krk,0.0409805389221556,False,0.1038376789947506,1.0,Apriori_Gen_Borgelt,1.0,Apriori_Gen_Borgelt,1.0,1.0,1.0,1.0,1.0
fresh4,krk,0.0697087966923296,False,0.11392525899282191,1.0,Apriori_Gen_Borgelt,1.0,Apriori_Gen_Borgelt,1.0,1.0,1.0,1.0,1.0
fresh4,letter,0.0008375,False,1.8961750679882243,1.0,Gr_growth,1.0,Gr_growth,1.1116303219106956,1.0,1.0,1.1116303219106956,1.0
fresh4,letter,0.0082875,False,0.12388181999267545,1.0,Apriori_Gen_Borgelt,1.0,Apriori_Gen_Borgelt,1.0,1.0,1.0,1.0,1.0
fresh4,letter,0.0253875,False,0.2563351930002682,1.0,Apriori_Gen_Borgelt,1.0,Apriori_Gen_Borgelt,1.0,1.0,1.0,1.0,1.0
fresh4,letter,0.0615875,False,0.15829567098990083,1.0,Apriori_Gen_Borgelt,1.0,Apriori_Gen_Borgelt,1.0,1.0,1.0,1.0,1.0
fresh4,letter,0.1434875,False,0.1247472130053211,1.0,Apriori_Gen_Borgelt,1.0,Apriori_Gen_Borgelt,1.0,1.0,1.0,1.0,1.0
fresh4,nursery,0.0499807098765432,False,0.09957425500033423,1.0,Apriori_Gen_Borgelt,1.0,Apriori_Gen_Borgelt,1.0,1.0,1.0,1.0,1.0
fresh4,nursery,0.1110918209876543,False,0.09108009700139519,1.0161616161616163,Apriori_Gen_Borgelt,1.0161616161616163,Apriori_Gen_Borgelt,1.0161616161616163,1.0161616161616163,1.0161616161616163,1.0161616161616163,1.0161616161616163
fresh4,nursery,0.1666473765432098,False,0.08400109999638516,1.0780911062906724,Apriori_Gen_Borgelt,1.0780911062906724,Apriori_Gen_Borgelt,1.0780911062906724,1.0780911062906724,1.0780911062906724,1.0780911062906724,1.0780911062906724
fresh4,shoppers,0.002250608272506,False,5.03531229600776,1.0,Apriori_Gen_Borgelt,1.0,Apriori_Gen_Borgelt,1.0,1.3053591790193841,1.3053591790193841,1.3053591790193841,1.3053591790193841
fresh4,shoppers,0.0338807785888077,False,0.613095891996636,1.0,Apriori_Gen_Borgelt,1.0,Apriori_Gen_Borgelt,1.0,1.0,1.0,1.0,1.0
fresh4,shoppers,0.2178223844282238,False,0.10617892700247467,1.0,Apriori_Gen_Borgelt,1.0,Apriori_Gen_Borgelt,1.0,1.0,1.0,1.0,1.0
fresh4,shoppers,0.7468572587185726,False,0.08358321600826457,1.0097799511002445,Apriori_Gen_Borgelt,1.0097799511002445,Apriori_Gen_Borgelt,1.0097799511002445,1.0097799511002445,1.0097799511002445,1.0097799511002445,1.0097799511002445
fresh4,shuttle,0.0043160919540229,False,0.2214498819957953,1.0,Apriori_Gen_Borgelt,1.0,Apriori_Gen_Borgelt,1.0,1.0,1.0,1.0,1.0
fresh4,shuttle,0.1327068965517241,False,0.13418819798971526,1.0,Apriori_Gen_Borgelt,1.0,Apriori_Gen_Borgelt,1.0,1.0,1.0,1.0,1.0
fresh4,shuttle,0.2299942528735632,False,0.11145150099764578,1.0188679245283019,FPgrowth_Gen_Borgelt,1.0,Apriori_Gen_Borgelt,1.0,1.0,1.0,1.0,1.0
fresh4,tictactoe,0.0581941544885177,False,0.07069074899482075,1.0,Apriori_Gen_Borgelt,1.0,Apriori_Gen_Borgelt,1.0,1.0,1.0,1.0,1.0
fresh4,tictactoe,0.1584029227557411,False,0.06990058100200258,1.0,Apriori_Gen_Borgelt,1.0,Apriori_Gen_Borgelt,1.0,1.0,1.0,1.0,1.0
fresh4,tictactoe,0.2346033402922756,False,0.0636741750058718,1.0,Apriori_Gen_Borgelt,1.0,Apriori_Gen_Borgelt,1.0,1.0,1.0,1.0,1.0
fresh4,yearmsd,0.0457785561128952,False,10.37807693600189,1.0,Apriori_Gen_Borgelt,1.0,Apriori_Gen_Borgelt,4.632494301853137,4.632494301853137,4.632494301853137,1.0,4.632494301853137
fresh4,yearmsd,0.0552654047288709,False,4.0760860800073715,1.0,Apriori_Gen_Borgelt,1.0,Apriori_Gen_Borgelt,4.439246247525497,4.439246247525497,4.439246247525497,1.0,4.439246247525497
fresh4,yearmsd,0.0707792837807682,False,3.012111793999793,1.0,Apriori_Gen_Borgelt,1.0,Apriori_Gen_Borgelt,4.255941774375706,4.255941774375706,4.255941774375706,1.0,4.255941774375706
fresh4,yearmsd,0.1006854631363455,False,2.4783532959991135,1.0,Apriori_Gen_Borgelt,1.0,Apriori_Gen_Borgelt,4.220373906925319,4.220373906925319,4.220373906925319,1.0,4.220373906925319
fresh4,yearmsd,0.1262256352540531,False,2.4500431689957622,1.0,Apriori_Gen_Borgelt,1.0,Apriori_Gen_Borgelt,4.219902522359562,4.219902522359562,4.219902522359562,1.0,4.219902522359562
fresh5,anneal,0.0153118040089086,False,0.09383811699808575,1.0,Apriori_Gen_Borgelt,1.0,Apriori_Gen_Borgelt,1.0,1.0,1.0,1.0,1.0
fresh5,anneal,0.2213251670378619,False,0.06096949800848961,1.0,Apriori_Gen_Borgelt,1.0,Apriori_Gen_Borgelt,1.0,1.0,1.0,1.0,1.0
fresh5,anneal,0.731347438752784,False,0.056664092000573874,1.0398671096345515,Apriori_Gen_Borgelt,1.0398671096345515,Apriori_Gen_Borgelt,1.0398671096345515,1.0398671096345515,1.0398671096345515,1.0398671096345515,1.0398671096345515
fresh5,breast_cancer,0.0445804195804195,False,0.06246378899959382,1.0,Apriori_Gen_Borgelt,1.0,Apriori_Gen_Borgelt,1.0,1.0,1.0,1.0,1.0
fresh5,breast_cancer,0.1284965034965035,False,0.05674457400164101,1.0,Apriori_Gen_Borgelt,1.0,Apriori_Gen_Borgelt,1.0,1.0,1.0,1.0,1.0
fresh5,breast_cancer,0.3907342657342657,False,0.058257918994058855,1.0701754385964912,FPgrowth_Gen_Borgelt,1.0701754385964912,FPgrowth_Gen_Borgelt,1.0,1.0,1.0,1.0,1.0
fresh5,colic,0.0319293478260869,False,0.09708552800293546,1.0,Apriori_Gen_Borgelt,1.0,Apriori_Gen_Borgelt,1.0,1.0,1.0,1.0,1.0
fresh5,colic,0.0482336956521739,False,0.07225012900016736,1.0,Apriori_Gen_Borgelt,1.0,Apriori_Gen_Borgelt,1.0,1.0,1.0,1.0,1.0
fresh5,colic,0.1732336956521739,False,0.06002123800863046,1.0,Apriori_Gen_Borgelt,1.0,Apriori_Gen_Borgelt,1.0,1.0,1.0,1.0,1.0
fresh5,colic,0.3634510869565217,False,0.0617100079980446,1.0,Apriori_Gen_Borgelt,1.0,Apriori_Gen_Borgelt,1.0,1.0,1.0,1.0,1.0
fresh5,credit_a,0.019927536231884,False,0.18397765500412788,1.0,Apriori_Gen_Borgelt,1.0,Apriori_Gen_Borgelt,1.0,1.0,1.0,1.0,1.0
fresh5,credit_a,0.0271739130434782,False,0.14340144400193822,1.0,Apriori_Gen_Borgelt,1.0,Apriori_Gen_Borgelt,1.0,1.0,1.0,1.0,1.0
fresh5,credit_a,0.1967391304347826,False,0.058955603002686985,1.0,Apriori_Gen_Borgelt,1.0,Apriori_Gen_Borgelt,1.0,1.0,1.0,1.0,1.0
fresh5,credit_a,0.4923913043478261,False,0.05724784199264832,1.0,Apriori_Gen_Borgelt,1.0,Apriori_Gen_Borgelt,1.0,1.0,1.0,1.0,1.0
fresh5,credit_g,0.01475,False,0.561393470998155,1.0,Apriori_Gen_Borgelt,1.0,Apriori_Gen_Borgelt,1.0,1.0,1.306797305572566,1.0,1.0
fresh5,credit_g,0.06075,False,0.20604466799704824,1.0,Apriori_Gen_Borgelt,1.0,Apriori_Gen_Borgelt,1.0,1.0,1.0,1.0,1.0
fresh5,credit_g,0.29575,False,0.061782546996255405,1.0,Apriori_Gen_Borgelt,1.0,Apriori_Gen_Borgelt,1.0,1.0,1.0,1.0,1.0
fresh5,credit_g,0.61075,False,0.059521385992411524,1.0,Apriori_Gen_Borgelt,1.0,Apriori_Gen_Borgelt,1.0,1.0,1.0,1.0,1.0
fresh5,hypothyroid,0.0076219512195121,False,60.07244459699723,1.4778426302179535,Gr_growth,1.4778426302179535,Gr_growth,1.0,1.4778426302179535,1.4778426302179535,1.4778426302179535,1.4778426302179535
fresh5,hypothyroid,0.108364262990456,False,34.502821685993695,1.0,Apriori_Gen_Borgelt,1.0,Apriori_Gen_Borgelt,1.0,1.5755765931761867,1.5755765931761867,1.5755765931761867,1.5755765931761867
fresh5,hypothyroid,0.9127120890774124,False,0.06990506200236268,1.0,Apriori_Gen_Borgelt,1.0,Apriori_Gen_Borgelt,1.0,1.0,1.0,1.0,1.0
fresh5,hypothyroid,0.9858828207847296,False,0.06348515900026541,1.0489913544668588,FPgrowth_Gen_Borgelt,1.0489913544668588,FPgrowth_Gen_Borgelt,1.0,1.0,1.0,1.0,1.0
fresh5,primary_tumor,0.0405604719764011,False,0.3310249600035604,1.0,Apriori_Gen_Borgelt,1.0,Apriori_Gen_Borgelt,1.0,1.0,1.0,1.0,1.0
fresh5,primary_tumor,0.4564896755162242,False,0.05905305399210192,1.0,Apriori_Gen_Borgelt,1.0,Apriori_Gen_Borgelt,1.0,1.0,1.0,1.0,1.0
fresh5,primary_tumor,0.7957227138643068,False,0.06009472400182858,1.0,Apriori_Gen_Borgelt,1.0,Apriori_Gen_Borgelt,1.0,1.0,1.0,1.0,1.0
fresh5,segment,0.0128787878787878,False,0.5963299840077525,1.0,Apriori_Gen_Borgelt,1.0,Apriori_Gen_Borgelt,1.0,1.0,1.0,1.0,1.0
fresh5,segment,0.0548701298701298,False,0.15604777199041564,1.0,Apriori_Gen_Borgelt,1.0,Apriori_Gen_Borgelt,1.0,1.0,1.0,1.0,1.0
fresh5,segment,0.1968614718614718,False,0.07159493801009376,1.0,Apriori_Gen_Borgelt,1.0,Apriori_Gen_Borgelt,1.0,1.0,1.0,1.0,1.0
fresh5,segment,0.2055194805194805,False,0.06117601600999478,1.0224358974358974,Apriori_Gen_Borgelt,1.0224358974358974,Apriori_Gen_Borgelt,1.0224358974358974,1.0224358974358974,1.0224358974358974,1.0224358974358974,1.0224358974358974
fresh5,soybean,0.0230600292825768,False,9.600328050000826,1.0,Gr_growth,1.0,Gr_growth,1.38171910848902,1.0,1.0,1.0,1.0
fresh5,soybean,0.1621522693997071,False,1.0153263210086152,1.0,Apriori_Gen_Borgelt,1.0,Apriori_Gen_Borgelt,1.0,1.0,1.0,1.0,1.0
fresh5,soybean,0.6379941434846267,False,0.06728488599765114,1.0,Apriori_Gen_Borgelt,1.0,Apriori_Gen_Borgelt,1.0,1.0,1.0,1.0,1.0
fresh5,soybean,0.777086383601757,False,0.06275299300614279,1.0,Apriori_Gen_Borgelt,1.0,Apriori_Gen_Borgelt,1.0,1.0,1.0,1.0,1.0
fresh5,susy,0.02598815,False,1.5580455349991098,1.0,Apriori_Gen_Borgelt,1.0,Apriori_Gen_Borgelt,1.8361055858245168,1.8361055858245168,1.8361055858245168,1.0,1.8361055858245168
fresh5,susy,0.04290295,False,1.3175300319999224,1.0,Apriori_Gen_Borgelt,1.0,Apriori_Gen_Borgelt,1.5962129015489177,1.5962129015489177,1.5962129015489177,1.0,1.5962129015489177
fresh5,susy,0.11046075,False,1.2247004810051294,1.0,Apriori_Gen_Borgelt,1.0,Apriori_Gen_Borgelt,1.5997736812581,1.5997736812581,1.5997736812581,1.0,1.5997736812581
fresh5,susy,0.16199895,False,1.2726726690016221,1.0,Apriori_Gen_Borgelt,1.0,Apriori_Gen_Borgelt,1.6054879350843476,1.6054879350843476,1.6054879350843476,1.0,1.6054879350843476
fresh5,vote,0.0660919540229885,False,0.29458166199037805,1.0,Apriori_Gen_Borgelt,1.0,Apriori_Gen_Borgelt,1.0,1.0,1.0,1.0,1.0
fresh5,vote,0.3442528735632184,False,0.05915793801250402,1.0,Apriori_Gen_Borgelt,1.0,Apriori_Gen_Borgelt,1.0,1.0,1.0,1.0,1.0
fresh5,vote,0.4637931034482758,False,0.058365521996165626,1.0,Apriori_Gen_Borgelt,1.0,Apriori_Gen_Borgelt,1.0,1.0,1.0,1.0,1.0
fresh5,waveform_5000,0.03575,False,0.26212867500726134,1.0,Apriori_Gen_Borgelt,1.0,Apriori_Gen_Borgelt,1.0,1.0,1.0,1.0,1.0
fresh5,waveform_5000,0.04215,False,0.35938536599860527,1.0,Apriori_Gen_Borgelt,1.0,Apriori_Gen_Borgelt,1.0,1.0,1.0,1.0,1.0
fresh5,waveform_5000,0.05775,False,0.2056202029925771,1.0,Apriori_Gen_Borgelt,1.0,Apriori_Gen_Borgelt,1.0,1.0,1.0,1.0,1.0
fresh5,waveform_5000,0.09935,False,0.15259607600455638,1.0,Apriori_Gen_Borgelt,1.0,Apriori_Gen_Borgelt,1.0,1.0,1.0,1.0,1.0
fresh5,waveform_5000,0.13435,False,0.1272497280006064,1.0,Apriori_Gen_Borgelt,1.0,Apriori_Gen_Borgelt,1.0,1.0,1.0,1.0,1.0
fresh6,audiology,0.9502212389380532,False,65.36212212398823,4.108071795948358,Gr_growth,4.108071795948358,Gr_growth,4.422168573527868,4.108071795948358,4.108071795948358,4.108071795948358,4.108071795948358
fresh6,audiology,0.9900442477876106,False,0.06441124799312092,1.0231788079470199,Apriori_Gen_Borgelt,1.0231788079470199,Apriori_Gen_Borgelt,1.0231788079470199,1.0231788079470199,1.0231788079470199,1.0231788079470199,1.0231788079470199
fresh6,autos,0.0573170731707317,False,0.1069871450017672,1.0,Apriori_Gen_Borgelt,1.0,Apriori_Gen_Borgelt,1.0,1.0,1.0,1.0,1.0
fresh6,autos,0.0865853658536585,False,0.08356016399920918,1.0,Apriori_Gen_Borgelt,1.0,Apriori_Gen_Borgelt,1.0,1.0,1.0,1.0,1.0
fresh6,autos,0.2329268292682927,False,0.07042380100756418,1.0,Apriori_Gen_Borgelt,1.0,Apriori_Gen_Borgelt,1.0,1.0,1.0,1.0,1.0
fresh6,autos,0.5841463414634146,False,0.06469632900552824,1.0,Apriori_Gen_Borgelt,1.0,Apriori_Gen_Borgelt,1.0,1.0,1.0,1.0,1.0
fresh6,balance_scale,0.0396,False,0.0658762620005291,1.0,Apriori_Gen_Borgelt,1.0,Apriori_Gen_Borgelt,1.0,1.0,1.0,1.0,1.0
fresh6,balance_scale,0.1228,False,0.06321391400706489,1.0,Apriori_Gen_Borgelt,1.0,Apriori_Gen_Borgelt,1.0,1.0,1.0,1.0,1.0
fresh6,breast_w,0.0168097281831187,False,0.07469646599201951,1.0,Apriori_Gen_Borgelt,1.0,Apriori_Gen_Borgelt,1.0,1.0,1.0,1.0,1.0
fresh6,breast_w,0.0683118741058655,False,0.06397729400487151,1.0,Apriori_Gen_Borgelt,1.0,Apriori_Gen_Borgelt,1.0,1.0,1.0,1.0,1.0
fresh6,breast_w,0.5189556509298998,False,0.07336512900656089,1.0204778156996588,FPgrowth_Gen_Borgelt,1.0204778156996588,FPgrowth_Gen_Borgelt,1.0,1.0,1.0,1.0,1.0
fresh6,diabetes,0.0257161458333333,False,0.06945246100076474,1.0,Apriori_Gen_Borgelt,1.0,Apriori_Gen_Borgelt,1.0,1.0,1.0,1.0,1.0
fresh6,diabetes,0.0843098958333333,False,0.06729733900283463,1.0,Apriori_Gen_Borgelt,1.0,Apriori_Gen_Borgelt,1.0,1.0,1.0,1.0,1.0
fresh6,diabetes,0.1611328125,False,0.06690193599206395,1.04,Apriori_Gen_Borgelt,1.04,Apriori_Gen_Borgelt,1.04,1.04,1.04,1.04,1.04
fresh6,glass,0.050233644859813,False,0.06731459200091194,1.0,Apriori_Gen_Borgelt,1.0,Apriori_Gen_Borgelt,1.0,1.0,1.0,1.0,1.0
fresh6,glass,0.1063084112149532,False,0.06941508999443613,1.0,Apriori_Gen_Borgelt,1.0,Apriori_Gen_Borgelt,1.0,1.0,1.0,1.0,1.0
fresh6,glass,0.2044392523364486,False,0.061850430007325485,1.0565371024734982,Eclat_Gen_Borgelt,1.0565371024734982,Eclat_Gen_Borgelt,1.0,1.0,1.0,1.0,1.0
fresh6,heart_c,0.042079207920792,False,0.08911298200837336,1.0,Apriori_Gen_Borgelt,1.0,Apriori_Gen_Borgelt,1.0,1.0,1.0,1.0,1.0
fresh6,heart_c,0.1773927392739274,False,0.06991396000375971,1.0,Apriori_Gen_Borgelt,1.0,Apriori_Gen_Borgelt,1.0,1.0,1.0,1.0,1.0
fresh6,heart_c,0.4282178217821782,False,0.07015304701053537,1.0,Apriori_Gen_Borgelt,1.0,Apriori_Gen_Borgelt,1.0,1.0,1.0,1.0,1.0
fresh6,ionosphere,0.0334757834757834,False,0.489762059005443,1.0,Apriori_Gen_Borgelt,1.0,Apriori_Gen_Borgelt,1.0,1.0,1.0,1.0,1.0
fresh6,ionosphere,0.0448717948717948,False,0.2356067159998929,1.0,Apriori_Gen_Borgelt,1.0,Apriori_Gen_Borgelt,1.0,1.0,1.0,1.0,1.0
fresh6,ionosphere,0.1047008547008547,False,0.07776730800105724,1.0,Apriori_Gen_Borgelt,1.0,Apriori_Gen_Borgelt,1.0,1.0,1.0,1.0,1.0
fresh6,ionosphere,0.1987179487179487,False,0.07482795199030079,1.0,Apriori_Gen_Borgelt,1.0,Apriori_Gen_Borgelt,1.0,1.0,1.0,1.0,1.0
fresh6,ionosphere,0.344017094017094,False,0.06701342300220858,1.0,Apriori_Gen_Borgelt,1.0,Apriori_Gen_Borgelt,1.0,1.0,1.0,1.0,1.0
fresh6,lymph,0.0861486486486486,False,0.09231366400490515,1.0,Apriori_Gen_Borgelt,1.0,Apriori_Gen_Borgelt,1.0,1.0,1.0,1.0,1.0
fresh6,lymph,0.3631756756756756,False,0.06758313201135024,1.0,Apriori_Gen_Borgelt,1.0,Apriori_Gen_Borgelt,1.0,1.0,1.0,1.0,1.0
fresh6,lymph,0.7415540540540541,False,0.0622345769952517,1.0,Apriori_Gen_Borgelt,1.0,Apriori_Gen_Borgelt,1.0,1.0,1.0,1.0,1.0
fresh6,sonar,0.0516826923076923,False,0.1608819059911184,1.0,Apriori_Gen_Borgelt,1.0,Apriori_Gen_Borgelt,1.0,1.0,1.0,1.0,1.0
fresh6,sonar,0.0564903846153846,False,0.12376751199190039,1.0,Apriori_Gen_Borgelt,1.0,Apriori_Gen_Borgelt,1.0,1.0,1.0,1.0,1.0
fresh6,sonar,0.0853365384615384,False,0.0747733260068344,1.0,Apriori_Gen_Borgelt,1.0,Apriori_Gen_Borgelt,1.0,1.0,1.0,1.0,1.0
fresh6,sonar,0.1334134615384615,False,0.06549285299843177,1.0,Apriori_Gen_Borgelt,1.0,Apriori_Gen_Borgelt,1.0,1.0,1.0,1.0,1.0
fresh6,sonar,0.1622596153846154,False,0.06966838799417019,1.0,Apriori_Gen_Borgelt,1.0,Apriori_Gen_Borgelt,1.0,1.0,1.0,1.0,1.0
fresh6,vehicle,0.0209810874704491,False,0.21820186100376304,1.0,Apriori_Gen_Borgelt,1.0,Apriori_Gen_Borgelt,1.0,1.0,1.0,1.0,1.0
fresh6,vehicle,0.0528959810874704,False,0.08690661600849126,1.0,Apriori_Gen_Borgelt,1.0,Apriori_Gen_Borgelt,1.0,1.0,1.0,1.0,1.0
fresh6,vehicle,0.1238179669030732,False,0.06722472899127752,1.0,Apriori_Gen_Borgelt,1.0,Apriori_Gen_Borgelt,1.0,1.0,1.0,1.0,1.0
fresh6,vehicle,0.1876477541371158,False,0.06421329799923114,1.0,Apriori_Gen_Borgelt,1.0,Apriori_Gen_Borgelt,1.0,1.0,1.0,1.0,1.0
fresh6,vowel,0.0138888888888888,False,0.102323635990615,1.0,Apriori_Gen_Borgelt,1.0,Apriori_Gen_Borgelt,1.0,1.0,1.0,1.0,1.0
fresh6,vowel,0.0361111111111111,False,0.07376739999745041,1.0,Apriori_Gen_Borgelt,1.0,Apriori_Gen_Borgelt,1.0,1.0,1.0,1.0,1.0
fresh6,vowel,0.1027777777777777,False,0.0633534099906683,1.0,Apriori_Gen_Borgelt,1.0,Apriori_Gen_Borgelt,1.0,1.0,1.0,1.0,1.0
fresh6,vowel,0.1522727272727272,False,0.06580433600174729,1.0,Apriori_Gen_Borgelt,1.0,Apriori_Gen_Borgelt,1.0,1.0,1.0,1.0,1.0
fresh6,zoo,0.1361386138613861,False,0.074250404999475,1.0,Apriori_Gen_Borgelt,1.0,Apriori_Gen_Borgelt,1.0,1.0,1.0,1.0,1.0
fresh6,zoo,0.3935643564356436,False,0.06538723800622392,1.0,Apriori_Gen_Borgelt,1.0,Apriori_Gen_Borgelt,1.0,1.0,1.0,1.0,1.0
fresh6,zoo,0.7004950495049505,False,0.06259922801109497,1.0,Apriori_Gen_Borgelt,1.0,Apriori_Gen_Borgelt,1.0,1.0,1.0,1.0,1.0
fresh7,oml_analcatdata_dmft,0.0147427854454203,True,0.0632725199975539,1.0,Apriori_Gen_Borgelt,1.0,Apriori_Gen_Borgelt,1.0,1.0,1.0,1.0,1.0
fresh7,oml_analcatdata_dmft,0.0348180677540777,True,0.056519290010328405,1.0,Apriori_Gen_Borgelt,1.0,Apriori_Gen_Borgelt,1.0,1.0,1.0,1.0,1.0
fresh7,oml_analcatdata_dmft,0.1075909661229611,True,0.05791940800554585,1.0,Apriori_Gen_Borgelt,1.0,Apriori_Gen_Borgelt,1.0,1.0,1.0,1.0,1.0
fresh7,oml_banknote_authentication,0.0245991253644314,True,0.059007453004596755,1.0,Apriori_Gen_Borgelt,1.0,Apriori_Gen_Borgelt,1.0,1.0,1.0,1.0,1.0
fresh7,oml_banknote_authentication,0.0428206997084548,True,0.05965223000384867,1.0,Apriori_Gen_Borgelt,1.0,Apriori_Gen_Borgelt,1.0,1.0,1.0,1.0,1.0
fresh7,oml_banknote_authentication,0.1259110787172011,True,0.05767246600589715,1.0,Apriori_Gen_Borgelt,1.0,Apriori_Gen_Borgelt,1.0,1.0,1.0,1.0,1.0
fresh7,oml_blood_transfusion_service_center,0.025066844919786,True,0.06285053299507126,1.0,Apriori_Gen_Borgelt,1.0,Apriori_Gen_Borgelt,1.0,1.0,1.0,1.0,1.0
fresh7,oml_blood_transfusion_service_center,0.0357620320855614,True,0.06677928900171537,1.0,Apriori_Gen_Borgelt,1.0,Apriori_Gen_Borgelt,1.0,1.0,1.0,1.0,1.0
fresh7,oml_blood_transfusion_service_center,0.1600935828877005,True,0.0596844730025623,1.0,Apriori_Gen_Borgelt,1.0,Apriori_Gen_Borgelt,1.0,1.0,1.0,1.0,1.0
fresh7,oml_churn,0.02595,True,0.30090405099326745,1.0,Apriori_Gen_Borgelt,1.0,Apriori_Gen_Borgelt,1.0,1.0,1.0,1.0,1.0
fresh7,oml_churn,0.04455,True,0.11550153899588622,1.0,Apriori_Gen_Borgelt,1.0,Apriori_Gen_Borgelt,1.0,1.0,1.0,1.0,1.0
fresh7,oml_churn,0.18055,True,0.08954679399903398,1.0,Apriori_Gen_Borgelt,1.0,Apriori_Gen_Borgelt,1.0,1.0,1.0,1.0,1.0
fresh7,oml_churn,0.32535,True,0.06647060500108637,1.0,Apriori_Gen_Borgelt,1.0,Apriori_Gen_Borgelt,1.0,1.0,1.0,1.0,1.0
fresh7,oml_climate_model_simulation_crashes,0.0310185185185185,True,0.08468247900600545,1.0,Apriori_Gen_Borgelt,1.0,Apriori_Gen_Borgelt,1.0,1.0,1.0,1.0,1.0
fresh7,oml_climate_model_simulation_crashes,0.0458333333333333,True,0.06695747900812421,1.0,Apriori_Gen_Borgelt,1.0,Apriori_Gen_Borgelt,1.0,1.0,1.0,1.0,1.0
fresh7,oml_climate_model_simulation_crashes,0.0662037037037037,True,0.058018609997816384,1.0,Apriori_Gen_Borgelt,1.0,Apriori_Gen_Borgelt,1.0,1.0,1.0,1.0,1.0
fresh7,oml_climate_model_simulation_crashes,0.1921296296296296,True,0.055315630001132376,1.0,Apriori_Gen_Borgelt,1.0,Apriori_Gen_Borgelt,1.0,1.0,1.0,1.0,1.0
fresh7,oml_cmc,0.0106924643584521,True,0.08946902600291651,1.0,Apriori_Gen_Borgelt,1.0,Apriori_Gen_Borgelt,1.0,1.0,1.0,1.0,1.0
fresh7,oml_cmc,0.1274609640190088,True,0.06155077900621109,1.0,Apriori_Gen_Borgelt,1.0,Apriori_Gen_Borgelt,1.0,1.0,1.0,1.0,1.0
fresh7,oml_cmc,0.3691446028513238,True,0.06840373500017449,1.0032051282051282,Apriori_Gen_Borgelt,1.0032051282051282,Apriori_Gen_Borgelt,1.0032051282051282,1.0032051282051282,1.0032051282051282,1.0032051282051282,1.0032051282051282
fresh7,oml_cylinder_bands,0.0236111111111111,True,1.80306305999693,1.0,Gr_growth,1.0,Gr_growth,1.1471363527438294,1.0,1.0,1.0,1.0
fresh7,oml_cylinder_bands,0.0347222222222222,True,0.9287293340021279,1.0,Gr_growth,1.0,Gr_growth,1.047391205285942,1.0,1.0,1.0,1.047391205285942
fresh7,oml_cylinder_bands,0.1625,True,0.161689877990284,1.0,Apriori_Gen_Borgelt,1.0,Apriori_Gen_Borgelt,1.0,1.0,1.0,1.0,1.0
fresh7,oml_cylinder_bands,0.5087962962962963,True,0.07142316899262369,1.0,Apriori_Gen_Borgelt,1.0,Apriori_Gen_Borgelt,1.0,1.0,1.0,1.0,1.0
fresh7,oml_cylinder_bands,0.8847222222222222,True,0.06316339700424578,1.0,Apriori_Gen_Borgelt,1.0,Apriori_Gen_Borgelt,1.0,1.0,1.0,1.0,1.0
fresh7,oml_dresses_sales,0.0235,True,0.06746537900471594,1.0,Apriori_Gen_Borgelt,1.0,Apriori_Gen_Borgelt,1.0,1.0,1.0,1.0,1.0
fresh7,oml_dresses_sales,0.1235,True,0.06261870301386807,1.0,Apriori_Gen_Borgelt,1.0,Apriori_Gen_Borgelt,1.0,1.0,1.0,1.0,1.0
fresh7,oml_dresses_sales,0.2755,True,0.06140802300069481,1.01,FPgrowth_Gen_Borgelt,1.01,FPgrowth_Gen_Borgelt,1.0,1.0,1.0,1.0,1.0
fresh7,oml_electricity,0.013081523658192,True,0.18001129500044044,1.0,Apriori_Gen_Borgelt,1.0,Apriori_Gen_Borgelt,1.0,1.0,1.0,1.0,1.0
fresh7,oml_electricity,0.0864837129237288,True,0.136545583998668,1.0,Apriori_Gen_Borgelt,1.0,Apriori_Gen_Borgelt,1.0,1.0,1.0,1.0,1.0
fresh7,oml_electricity,0.2002063471045197,True,0.10936958000820596,1.0,Apriori_Gen_Borgelt,1.0,Apriori_Gen_Borgelt,1.0,1.0,1.0,1.0,1.0
fresh7,oml_eucalyptus,0.0173233695652173,True,0.1246108670020476,1.0,Apriori_Gen_Borgelt,1.0,Apriori_Gen_Borgelt,1.0,1.0,1.0,1.0,1.0
fresh7,oml_eucalyptus,0.054008152173913,True,0.06752711700391956,1.0,Apriori_Gen_Borgelt,1.0,Apriori_Gen_Borgelt,1.0,1.0,1.0,1.0,1.0
fresh7,oml_eucalyptus,0.1246603260869565,True,0.060180774991749786,1.0,Apriori_Gen_Borgelt,1.0,Apriori_Gen_Borgelt,1.0,1.0,1.0,1.0,1.0
fresh7,oml_eucalyptus,0.2605298913043478,True,0.05944795899267774,1.0,Apriori_Gen_Borgelt,1.0,Apriori_Gen_Borgelt,1.0,1.0,1.0,1.0,1.0
fresh7,oml_gesturephasesegmentationprocessed,0.0146611972044971,True,67.54671159399732,7.530166025047998,Gr_growth,7.530166025047998,Gr_growth,10.0,7.530166025047998,7.530166025047998,10.0,7.530166025047998
fresh7,oml_gesturephasesegmentationprocessed,0.0429200850805226,True,1.0527864739997312,1.0,Apriori_Gen_Borgelt,1.0,Apriori_Gen_Borgelt,1.0,1.0,1.0,1.0,1.0
fresh7,oml_gesturephasesegmentationprocessed,0.072090549984807,True,0.3651486949966056,1.0,Apriori_Gen_Borgelt,1.0,Apriori_Gen_Borgelt,1.0,1.0,1.0,1.0,1.0
fresh7,oml_gesturephasesegmentationprocessed,0.1199989871366352,True,0.18865359900519252,1.0,Apriori_Gen_Borgelt,1.0,Apriori_Gen_Borgelt,1.0,1.0,1.0,1.0,1.0
fresh7,oml_gesturephasesegmentationprocessed,0.152714473817482,True,0.17108282999834046,1.0,Apriori_Gen_Borgelt,1.0,Apriori_Gen_Borgelt,1.0,1.0,1.0,1.0,1.0
fresh7,oml_ilpd,0.0253001715265866,True,0.07485547800024506,1.0,Apriori_Gen_Borgelt,1.0,Apriori_Gen_Borgelt,1.0,1.0,1.0,1.0,1.0
fresh7,oml_ilpd,0.1162092624356775,True,0.06019347900291905,1.0,Apriori_Gen_Borgelt,1.0,Apriori_Gen_Borgelt,1.0,1.0,1.0,1.0,1.0
fresh7,oml_ilpd,0.1882504288164665,True,0.06010518599941861,1.07,Eclat_Gen_Borgelt,1.0,Apriori_Gen_Borgelt,1.0,1.0,1.0,1.0,1.0
fresh7,oml_jungle_chess_2pcs_raw_endgame_complete,0.0074912425533813,True,0.1578890520031564,1.0,Apriori_Gen_Borgelt,1.0,Apriori_Gen_Borgelt,1.0,1.0,1.0,1.0,1.0
fresh7,oml_jungle_chess_2pcs_raw_endgame_complete,0.0411599991075213,True,0.12083413799700793,1.0,Apriori_Gen_Borgelt,1.0,Apriori_Gen_Borgelt,1.0,1.0,1.0,1.0,1.0
fresh7,oml_jungle_chess_2pcs_raw_endgame_complete,0.1040574310002454,True,0.11808929599646945,1.0,Apriori_Gen_Borgelt,1.0,Apriori_Gen_Borgelt,1.0,1.0,1.0,1.0,1.0
fresh7,oml_mfeat_morphological,0.011875,True,0.05983503699826542,1.0,Apriori_Gen_Borgelt,1.0,Apriori_Gen_Borgelt,1.0,1.0,1.0,1.0,1.0
fresh7,oml_mfeat_morphological,0.089875,True,0.058456030004890636,1.0,Apriori_Gen_Borgelt,1.0,Apriori_Gen_Borgelt,1.0,1.0,1.0,1.0,1.0
fresh7,oml_mfeat_morphological,0.197875,True,0.061864392991992645,1.0,Apriori_Gen_Borgelt,1.0,Apriori_Gen_Borgelt,1.0,1.0,1.0,1.0,1.0
fresh7,oml_numerai28_6,0.0252777200996677,True,0.9386174219980603,1.0,Apriori_Gen_Borgelt,1.0,Apriori_Gen_Borgelt,1.0,1.0,3.1869335347432024,1.0,1.0
fresh7,oml_numerai28_6,0.0487930855481727,True,0.6063327419979032,1.0,Apriori_Gen_Borgelt,1.0,Apriori_Gen_Borgelt,1.0,1.0,2.9855129209083793,1.0,1.0
fresh7,oml_numerai28_6,0.1018350290697674,True,0.5247832850000123,1.0,Apriori_Gen_Borgelt,1.0,Apriori_Gen_Borgelt,1.0,1.0,2.9088775909268674,1.0,1.0
fresh7,oml_numerai28_6,0.1345800456810631,True,0.46709487999032717,1.0,Apriori_Gen_Borgelt,1.0,Apriori_Gen_Borgelt,1.0,1.0,2.9575565251884175,1.0,1.0
fresh7,oml_pc4,0.0135459533607681,True,60.16037371799757,1.0852475142234275,Gr_growth,1.0852475142234275,Gr_growth,4.981828574466954,1.0852475142234275,1.0852475142234275,4.981828574466954,1.0852475142234275
fresh7,oml_pc4,0.047153635116598,True,10.341021222004201,1.0,Gr_growth,1.0,Gr_growth,2.499707621337145,1.0,1.0,2.499707621337145,1.0
fresh7,oml_pc4,0.1582647462277092,True,0.27703883399954066,1.0,Apriori_Gen_Borgelt,1.0,Apriori_Gen_Borgelt,1.0,1.0,1.0,1.0,1.0
fresh7,oml_pc4,0.4134087791495199,True,0.06247859699942637,1.0,Apriori_Gen_Borgelt,1.0,Apriori_Gen_Borgelt,1.0,1.0,1.0,1.0,1.0
fresh7,oml_pc4,0.6822702331961591,True,0.05765098599658813,1.0,Apriori_Gen_Borgelt,1.0,Apriori_Gen_Borgelt,1.0,1.0,1.0,1.0,1.0
fresh7,oml_pendigits,0.0123498908296943,True,0.49503383599221706,1.0,Apriori_Gen_Borgelt,1.0,Apriori_Gen_Borgelt,1.0,1.0,1.0,1.0,1.0
fresh7,oml_pendigits,0.0499226710334788,True,0.20113122600014322,1.0,Apriori_Gen_Borgelt,1.0,Apriori_Gen_Borgelt,1.0,1.0,1.0,1.0,1.0
fresh7,oml_pendigits,0.1125136462882096,True,0.1075115720013855,1.0,Apriori_Gen_Borgelt,1.0,Apriori_Gen_Borgelt,1.0,1.0,1.0,1.0,1.0
fresh7,oml_pendigits,0.1784707059679767,True,0.10085325900581665,1.0,Apriori_Gen_Borgelt,1.0,Apriori_Gen_Borgelt,1.0,1.0,1.0,1.0,1.0
fresh7,oml_phishingwebsites,0.141180461329715,True,60.07629993400769,1.1959002435026178,Gr_growth,1.1959002435026178,Gr_growth,1.0,1.1959002435026178,1.1959002435026178,1.1959002435026178,1.1959002435026178
fresh7,oml_phishingwebsites,0.7258932609678879,True,0.09606675000395626,1.0,Apriori_Gen_Borgelt,1.0,Apriori_Gen_Borgelt,1.0,1.0,1.0,1.0,1.0
fresh7,oml_phishingwebsites,0.8334464043419267,True,0.084395020006923,1.0,Apriori_Gen_Borgelt,1.0,Apriori_Gen_Borgelt,1.0,1.0,1.0,1.0,1.0
fresh7,oml_phoneme,0.0117968171724648,True,0.06390728600672446,1.0,Apriori_Gen_Borgelt,1.0,Apriori_Gen_Borgelt,1.0,1.0,1.0,1.0,1.0
fresh7,oml_phoneme,0.0554681717246484,True,0.05957585100259166,1.0,Apriori_Gen_Borgelt,1.0,Apriori_Gen_Borgelt,1.0,1.0,1.0,1.0,1.0
fresh7,oml_phoneme,0.1398501110288675,True,0.06326941399311181,1.0,Apriori_Gen_Borgelt,1.0,Apriori_Gen_Borgelt,1.0,1.0,1.0,1.0,1.0
fresh7,oml_satimage,0.0492612752721617,True,64.91849817999173,2.2615343071700442,Gr_growth,2.2615343071700442,Gr_growth,2.4679302540890857,2.2615343071700442,2.2615343071700442,2.4679302540890857,2.2615343071700442
fresh7,oml_satimage,0.1086702954898911,True,0.5368451370013645,1.0,Apriori_Gen_Borgelt,1.0,Apriori_Gen_Borgelt,1.0,1.0,1.0,1.0,1.0
fresh7,oml_satimage,0.1659020217729393,True,0.14043892500922084,1.0,Apriori_Gen_Borgelt,1.0,Apriori_Gen_Borgelt,1.0,1.0,1.0,1.0,1.0
fresh7,oml_satimage,0.1823872472783825,True,0.1274601639888715,1.0,Apriori_Gen_Borgelt,1.0,Apriori_Gen_Borgelt,1.0,1.0,1.0,1.0,1.0
fresh7,oml_steel_plates_fault,0.0168727460072127,True,1.1135176480020164,1.0,Gr_growth,1.0,Gr_growth,1.9764210526315789,1.0,1.9764210526315789,1.9764210526315789,1.9764210526315789
fresh7,oml_steel_plates_fault,0.0338742916022668,True,0.46847578600863926,1.0,Apriori_Gen_Borgelt,1.0,Apriori_Gen_Borgelt,1.0,1.0,1.0,1.0,1.0
fresh7,oml_steel_plates_fault,0.0838485316846986,True,0.14002393100236077,1.0,Apriori_Gen_Borgelt,1.0,Apriori_Gen_Borgelt,1.0,1.0,1.0,1.0,1.0
fresh7,oml_steel_plates_fault,0.1791602266872746,True,0.0826604430039879,1.0,Apriori_Gen_Borgelt,1.0,Apriori_Gen_Borgelt,1.0,1.0,1.0,1.0,1.0
fresh7,oml_steel_plates_fault,0.3084750128799587,True,0.06053055200027302,1.0060975609756098,Apriori_Gen_Borgelt,1.0060975609756098,Apriori_Gen_Borgelt,1.0060975609756098,1.0060975609756098,1.0060975609756098,1.0060975609756098,1.0060975609756098
fresh7,oml_wall_robot_navigation,0.0129673753665689,True,2.9036894839955494,1.0,Gr_growth,1.0,Gr_growth,1.365128449096099,1.365128449096099,1.0,1.365128449096099,1.365128449096099
fresh7,oml_wall_robot_navigation,0.0245142961876832,True,0.7096913730056258,1.0,Apriori_Gen_Borgelt,1.0,Apriori_Gen_Borgelt,1.0,1.0,1.0,1.0,1.0
fresh7,oml_wall_robot_navigation,0.0732679618768328,True,0.1404662729910342,1.0,Apriori_Gen_Borgelt,1.0,Apriori_Gen_Borgelt,1.0,1.0,1.0,1.0,1.0
fresh7,oml_wall_robot_navigation,0.1203720674486803,True,0.09797160199377686,1.0,Apriori_Gen_Borgelt,1.0,Apriori_Gen_Borgelt,1.0,1.0,1.0,1.0,1.0
fresh7,oml_wall_robot_navigation,0.1830553519061583,True,0.09292212799482513,1.0,Apriori_Gen_Borgelt,1.0,Apriori_Gen_Borgelt,1.0,1.0,1.0,1.0,1.0
fresh7,oml_wdbc,0.0259226713532513,True,0.4525279779918492,1.0110529377545083,Eclat_Gen_Borgelt,1.0110529377545083,Eclat_Gen_Borgelt,1.0011634671320535,1.0011634671320535,1.0011634671320535,1.0011634671320535,1.0011634671320535
fresh7,oml_wdbc,0.0417398945518453,True,0.271675142008462,1.0,Apriori_Gen_Borgelt,1.0,Apriori_Gen_Borgelt,1.0,1.0,1.0,1.0,1.0
fresh7,oml_wdbc,0.0663444639718804,True,0.09723877100623213,1.0,Apriori_Gen_Borgelt,1.0,Apriori_Gen_Borgelt,1.0,1.0,1.0,1.0,1.0
fresh7,oml_wdbc,0.171792618629174,True,0.06392476399196312,1.0,Apriori_Gen_Borgelt,1.0,Apriori_Gen_Borgelt,1.0,1.0,1.0,1.0,1.0
fresh7,oml_wdbc,0.1981546572934973,True,0.06216831799247302,1.0,Apriori_Gen_Borgelt,1.0,Apriori_Gen_Borgelt,1.0,1.0,1.0,1.0,1.0
fresh7,oml_wilt,0.0148274436867121,True,0.06626673600112554,1.0,Apriori_Gen_Borgelt,1.0,Apriori_Gen_Borgelt,1.0,1.0,1.0,1.0,1.0
fresh7,oml_wilt,0.044379003926431,True,0.06038075299875345,1.0,Apriori_Gen_Borgelt,1.0,Apriori_Gen_Borgelt,1.0,1.0,1.0,1.0,1.0
fresh7,oml_wilt,0.1929634221946683,True,0.058585352991940454,1.0,Apriori_Gen_Borgelt,1.0,Apriori_Gen_Borgelt,1.0,1.0,1.0,1.0,1.0
fresh8,oml_click_prediction_small,0.0162128414298134,True,0.8183928150101565,1.0,Gr_growth,1.0,Gr_growth,1.0,1.0,1.0,1.0,1.0
fresh8,oml_click_prediction_small,0.134045680574128,True,0.5585559610044584,1.0,Gr_growth,1.0,Gr_growth,1.0,1.0,1.0,1.0,1.0
fresh8,oml_click_prediction_small,0.2768773335311426,True,0.46112514700507745,1.0,Gr_growth,1.0,Gr_growth,1.0,1.0,1.0,1.0,1.0
fresh8,oml_comet_mc_sample,0.0043425335328241,True,0.31011520099127665,1.0,Gr_growth,1.0,Gr_growth,1.0,1.0,1.0,1.0,1.0
fresh8,oml_comet_mc_sample,0.0399818227156993,True,0.3110420970187988,1.0,Gr_growth,1.0,Gr_growth,1.0,1.0,1.0,1.0,1.0
fresh8,oml_comet_mc_sample,0.1999996718901751,True,0.3175890209968202,1.0,Gr_growth,1.0,Gr_growth,1.0,1.0,1.0,1.0,1.0
fresh8,oml_creditcard,0.0296648256538638,True,1.9675186949898489,1.0,Apriori_Gen_Borgelt,1.0,Apriori_Gen_Borgelt,2.9895327506204814,2.9895327506204814,2.9895327506204814,1.0,2.9895327506204814
fresh8,oml_creditcard,0.0405388561376651,True,1.4983975120121613,1.0,Apriori_Gen_Borgelt,1.0,Apriori_Gen_Borgelt,2.7414532263383533,2.7414532263383533,2.7414532263383533,1.0,2.7414532263383533
fresh8,oml_creditcard,0.0508967476220739,True,0.8950438350148033,1.0,Apriori_Gen_Borgelt,1.0,Apriori_Gen_Borgelt,2.606591943180557,2.606591943180557,2.606591943180557,1.0,2.606591943180557
fresh8,oml_creditcard,0.1996711808347407,True,0.5980057779815979,1.0,Apriori_Gen_Borgelt,1.0,Apriori_Gen_Borgelt,2.5769359704994974,2.5769359704994974,2.5769359704994974,1.0,2.5769359704994974
fresh8,oml_creditcard,0.1999626062561664,True,0.6499878120084759,1.0,Apriori_Gen_Borgelt,1.0,Apriori_Gen_Borgelt,2.5398230088495577,2.5398230088495577,2.5398230088495577,1.0,2.5398230088495577
fresh8,oml_fars,0.1225809167260914,True,11.266582887998084,1.0,Apriori_Gen_Borgelt,1.0,Apriori_Gen_Borgelt,1.0,1.2153284671532847,1.2153284671532847,1.2153284671532847,1.2153284671532847
fresh8,oml_fars,0.660632576657951,True,0.36226266299490817,1.0,Gr_growth,1.0,Gr_growth,1.2981818181818183,1.0,1.0,1.0,1.0
fresh8,oml_fars,0.980377446319626,True,0.3412715359881986,1.0,Gr_growth,1.0,Gr_growth,1.311764705882353,1.0,1.0,1.0,1.0
fresh8,oml_ldpa,0.0025824942375348,True,0.43226793900248595,1.0,Apriori_Gen_Borgelt,1.0,Apriori_Gen_Borgelt,1.0,1.0013210039630118,1.0013210039630118,1.0,1.0
fresh8,oml_ldpa,0.0561794856241659,True,0.2643001039978117,1.0550139275766017,Apriori_Gen_Borgelt,1.0550139275766017,Apriori_Gen_Borgelt,1.0550139275766017,1.0550139275766017,1.0550139275766017,1.0,1.0550139275766017
fresh8,oml_ldpa,0.1582782360790974,True,0.25513027698616497,1.0638297872340425,Apriori_Gen_Borgelt,1.0638297872340425,Apriori_Gen_Borgelt,1.0638297872340425,1.0638297872340425,1.0,1.0,1.0638297872340425
fresh8,oml_sensordataresource,0.0081725983807635,True,23.605833212990547,1.0,Gr_growth,1.0,Gr_growth,1.358363163032867,1.0,1.0,1.0,1.0
fresh8,oml_sensordataresource,0.0107825003330955,True,15.778354395995848,1.2205087798289058,Apriori_Gen_Borgelt,1.2205087798289058,Apriori_Gen_Borgelt,1.2205087798289058,1.0,1.0,1.0,1.0
fresh8,oml_sensordataresource,0.0869477470981495,True,0.9409557100152597,1.0,Gr_growth,1.0,Gr_growth,1.4668636555508652,1.0,1.0,1.0,1.0
fresh8,oml_sensordataresource,0.1999964731054698,True,0.5925139379978646,1.0,Gr_growth,1.0,Gr_growth,1.648764258555133,1.0,1.0,1.648764258555133,1.0
fresh8,oml_sensordataresource,0.5470037071580284,True,0.48307066201232374,1.0,Gr_growth,1.0,Gr_growth,1.0,1.0,1.0,2.394217207334274,1.0
fresh8,oml_spoken_arabic_digit,0.0197934709940134,True,0.6157718279864639,1.0,Apriori_Gen_Borgelt,1.0,Apriori_Gen_Borgelt,1.933070125963527,1.933070125963527,1.933070125963527,1.0,1.933070125963527
fresh8,oml_spoken_arabic_digit,0.041441600571307,True,0.5216065319837071,1.0,Apriori_Gen_Borgelt,1.0,Apriori_Gen_Borgelt,1.7696831720736104,1.7696831720736104,1.7696831720736104,1.0,1.7696831720736104
fresh8,oml_spoken_arabic_digit,0.0976454477770687,True,0.4728758260025643,1.0,Apriori_Gen_Borgelt,1.0,Apriori_Gen_Borgelt,1.6961083555894696,1.6961083555894696,1.6961083555894696,1.0,1.6961083555894696
fresh8,oml_spoken_arabic_digit,0.1084638146898836,True,0.4253842050093226,1.0,Apriori_Gen_Borgelt,1.0,Apriori_Gen_Borgelt,1.6153217568947904,1.6153217568947904,1.6153217568947904,1.0,1.0
fresh8,oml_walking_activity,0.0267976723006455,True,0.23281926399795339,1.0,Apriori_Gen_Borgelt,1.0,Apriori_Gen_Borgelt,1.0,1.0,1.0,1.185504745470233,1.0
fresh8,oml_walking_activity,0.042387097206225,True,0.25093096401542425,1.0,Apriori_Gen_Borgelt,1.0,Apriori_Gen_Borgelt,1.0,1.0,1.0,1.1730605285592497,1.0
fresh8,oml_walking_activity,0.0656573942624487,True,0.24212345300475135,1.0077120822622108,Apriori_Gen_Borgelt,1.0077120822622108,Apriori_Gen_Borgelt,1.0077120822622108,1.0077120822622108,1.1782347900599828,1.1782347900599828,1.0077120822622108
