dataset,sigma,clean,true,affine,new,e_affine,e_new,points
census_kdd,0.2090423159234775,True,43.44,73.843152,49.17673670849018,0.23042040972242306,0.05386988967393945,"[(2500, 30.7), (10000, 31.39), (40000, 38.11)]"
census_kdd,0.8078705211930454,True,13.98,13.99,13.99,0.0003105430821650142,0.0003105430821650142,"[(2500, 13.99), (10000, 14.0), (40000, 13.99)]"
census_kdd,0.9695761892112688,False,13.98,14.245871666666671,14.03820151949685,0.008181856293009078,0.0018043010430316545,"[(2500, 0.86), (10000, 13.93), (40000, 13.98)]"
covertype,0.0368869317673301,True,53.48,127.53599066666672,81.52230223589581,0.37744136141339946,0.1830850373032627,"[(2500, 14.86), (10000, 16.95), (40000, 22.76)]"
covertype,0.0938995235898742,True,44.74,104.7765226666667,65.32550539834443,0.3695680011833624,0.1643867986213484,"[(2500, 14.61), (10000, 16.46), (40000, 21.1)]"
covertype,0.1456747020715579,True,43.75,102.75314933333333,65.31464123158302,0.3708170843053745,0.1740324882864856,"[(2500, 14.52), (10000, 16.34), (40000, 20.88)]"
diabetes130,0.2130549495902364,True,949.44,994.1672913333334,908.3238863154451,0.019991945866976203,-0.019226789597776295,"[(2500, 29.19), (10000, 60.02), (40000, 365.41)]"
diabetes130,0.9969415128824952,True,14.0,14.0,14.0,0.0,0.0,"[(2500, 13.97), (10000, 14.04), (40000, 14.0)]"
diabetes130,0.9999877169192068,False,13.89,4.082943333333333,4.0141046213709055,-0.5317288932923114,-0.539113558230904,"[(2500, 0.62), (10000, 3.93), (40000, 3.98)]"
poker,0.00164075,True,171.08,187.28827454197432,120.83958796590562,0.0393113469964407,-0.15099000582132127,"[(6095, 17.52), (24380, 20.95), (97520, 33.42)]"
poker,0.01922275,True,159.44,193.39999999999992,134.38564273599553,0.08385918405455148,-0.07424441290913099,"[(2500, 14.67), (10000, 16.19), (40000, 21.56)]"
poker,0.06372875,True,156.55,190.98000000000002,138.31043901131204,0.08633481705171268,-0.05379811213344555,"[(2500, 14.52), (10000, 16.08), (40000, 21.38)]"
poker,0.12537575,True,14.24,14.19,14.19,-0.0015275938433635709,-0.0015275938433635709,"[(2500, 14.14), (10000, 14.2), (40000, 14.19)]"
