algorithm,category,dataset,param_name,param_value,runtime_s,peak_memory_mb,generator_count,timed_out,error,timestamp,n_tx,n_items,target_pairs,role,machine
Apriori_Gen_Borgelt,1,dota2,minsup,0.1415515380464112,0.0646,11.73,28,False,,20261001_153647,92650,283,10,extension,Linux x86_64
Eclat_Gen_Borgelt,1,dota2,minsup,0.1415515380464112,0.0416,11.79,28,False,,20261001_153647,92650,283,10,extension,Linux x86_64
DefMe,1,dota2,minsup,0.1415515380464112,0.3528,168.46,29,False,,20261001_153647,92650,283,10,extension,Linux x86_64
FPgrowth_Gen_Borgelt,1,dota2,minsup,0.1415515380464112,0.0416,11.51,28,False,,20261001_153647,92650,283,10,extension,Linux x86_64
Gr_growth,1,dota2,minsup,0.1415515380464112,0.0331,13.89,29,False,,20261001_153647,92650,283,10,extension,Linux x86_64
TalkyG_Diffset,1,dota2,minsup,0.1415515380464112,0.3724,173.66,29,False,,20261001_153648,92650,283,10,extension,Linux x86_64
Pascal,1,dota2,minsup,0.1415515380464112,0.5603,142.23,28,False,,20261001_153648,92650,283,10,extension,Linux x86_64
Talky_G,1,dota2,minsup,0.1415515380464112,0.423,171.47,29,False,,20261001_153649,92650,283,10,extension,Linux x86_64
Zart,1,dota2,minsup,0.1415515380464112,0.5128,181.8,29,False,,20261001_153649,92650,283,10,extension,Linux x86_64
Apriori_Gen_Borgelt,1,miniboone,minsup,0.1890434709066306,0.415,63.63,259,False,,20261001_153650,130064,250,10,extension,Linux x86_64
DefMe,1,miniboone,minsup,0.1890434709066306,0.7061,706.54,260,False,,20261001_153651,130064,250,10,extension,Linux x86_64
Eclat_Gen_Borgelt,1,miniboone,minsup,0.1890434709066306,0.7412,115.18,259,False,,20261001_153651,130064,250,10,extension,Linux x86_64
FPgrowth_Gen_Borgelt,1,miniboone,minsup,0.1890434709066306,1.7427,255.72,259,False,,20261001_153653,130064,250,10,extension,Linux x86_64
Gr_growth,1,miniboone,minsup,0.1890434709066306,1.8091,234.29,260,False,,20261001_153655,130064,250,10,extension,Linux x86_64
Pascal,1,miniboone,minsup,0.1890434709066306,152.3592,385.7,259,False,,20261001_153928,130064,250,10,extension,Linux x86_64
TalkyG_Diffset,1,miniboone,minsup,0.1890434709066306,0.92,536.38,260,False,,20261001_153929,130064,250,10,extension,Linux x86_64
Talky_G,1,miniboone,minsup,0.1890434709066306,0.9003,542.88,260,False,,20261001_153930,130064,250,10,extension,Linux x86_64
Zart,1,miniboone,minsup,0.1890434709066306,187.2846,881.34,260,False,,20261001_154238,130064,250,10,extension,Linux x86_64
FGC_Stream,1,dota2,minsup,0.1415515380464112,547.8832,138.71,29,False,,20261001_154557,92650,283,10,extension,Linux x86_64
Apriori_Gen_Borgelt,1,power,minsup,0.21921491938632104,0.4585,159.17,12,False,,20261001_154557,2049280,25,10,extension,Linux x86_64
DefMe,1,power,minsup,0.21921491938632104,0.8448,775.88,13,False,,20261001_154559,2049280,25,10,extension,Linux x86_64
Eclat_Gen_Borgelt,1,power,minsup,0.21921491938632104,0.4571,159.28,12,False,,20261001_154559,2049280,25,10,extension,Linux x86_64
FPgrowth_Gen_Borgelt,1,power,minsup,0.21921491938632104,0.4311,159.35,12,False,,20261001_154600,2049280,25,10,extension,Linux x86_64
Gr_growth,1,power,minsup,0.21921491938632104,0.2759,13.98,13,False,,20261001_154600,2049280,25,10,extension,Linux x86_64
Pascal,1,power,minsup,0.21921491938632104,1.011,803.07,12,False,,20261001_154602,2049280,25,10,extension,Linux x86_64
TalkyG_Diffset,1,power,minsup,0.21921491938632104,1.0881,774.29,12,False,,20261001_154603,2049280,25,10,extension,Linux x86_64
Talky_G,1,power,minsup,0.21921491938632104,1.0542,774.75,12,False,,20261001_154604,2049280,25,10,extension,Linux x86_64
Zart,1,power,minsup,0.21921491938632104,1.6816,1166.18,13,False,,20261001_154606,2049280,25,10,extension,Linux x86_64
FGC_Stream,1,miniboone,minsup,0.1890434709066306,600.0398,588.47,0,True,,20261001_155238,130064,250,10,extension,Linux x86_64
Apriori_Gen_Borgelt,1,dota2,minsup,0.058270372369131136,0.0757,17.81,200,False,,20261001_155238,92650,283,100,extension,Linux x86_64
DefMe,1,dota2,minsup,0.058270372369131136,0.3341,167.32,201,False,,20261001_155239,92650,283,100,extension,Linux x86_64
Eclat_Gen_Borgelt,1,dota2,minsup,0.058270372369131136,0.0795,25.41,200,False,,20261001_155239,92650,283,100,extension,Linux x86_64
FPgrowth_Gen_Borgelt,1,dota2,minsup,0.058270372369131136,0.0661,23.33,200,False,,20261001_155240,92650,283,100,extension,Linux x86_64
Gr_growth,1,dota2,minsup,0.058270372369131136,0.0847,25.05,201,False,,20261001_155240,92650,283,100,extension,Linux x86_64
Pascal,1,dota2,minsup,0.058270372369131136,6.5542,141.5,200,False,,20261001_155247,92650,283,100,extension,Linux x86_64
TalkyG_Diffset,1,dota2,minsup,0.058270372369131136,0.3494,169.35,201,False,,20261001_155247,92650,283,100,extension,Linux x86_64
Talky_G,1,dota2,minsup,0.058270372369131136,0.3559,167.41,201,False,,20261001_155248,92650,283,100,extension,Linux x86_64
Zart,1,dota2,minsup,0.058270372369131136,3.693,392.0,201,False,,20261001_155252,92650,283,100,extension,Linux x86_64
FGC_Stream,1,power,minsup,0.21921491938632104,600.0346,665.99,0,True,,20261001_155606,2049280,25,10,extension,Linux x86_64
Apriori_Gen_Borgelt,1,miniboone,minsup,0.1627256581375323,0.4151,63.76,349,False,,20261001_155607,130064,250,100,extension,Linux x86_64
DefMe,1,miniboone,minsup,0.1627256581375323,0.6941,612.24,350,False,,20261001_155608,130064,250,100,extension,Linux x86_64
Eclat_Gen_Borgelt,1,miniboone,minsup,0.1627256581375323,0.7559,115.41,349,False,,20261001_155609,130064,250,100,extension,Linux x86_64
FPgrowth_Gen_Borgelt,1,miniboone,minsup,0.1627256581375323,2.1366,256.09,349,False,,20261001_155611,130064,250,100,extension,Linux x86_64
Gr_growth,1,miniboone,minsup,0.1627256581375323,1.8249,234.29,350,False,,20261001_155613,130064,250,100,extension,Linux x86_64
Pascal,1,miniboone,minsup,0.1627256581375323,147.1415,396.13,349,False,,20261001_155841,130064,250,100,extension,Linux x86_64
TalkyG_Diffset,1,miniboone,minsup,0.1627256581375323,0.916,539.81,350,False,,20261001_155842,130064,250,100,extension,Linux x86_64
Talky_G,1,miniboone,minsup,0.1627256581375323,0.9168,547.05,350,False,,20261001_155843,130064,250,100,extension,Linux x86_64
Zart,1,miniboone,minsup,0.1627256581375323,189.7931,884.59,350,False,,20261001_160153,130064,250,100,extension,Linux x86_64
FGC_Stream,1,dota2,minsup,0.058270372369131136,600.0154,89.94,0,True,,20261001_160252,92650,283,100,extension,Linux x86_64
Apriori_Gen_Borgelt,1,power,minsup,0.056436284939100564,0.5716,159.17,184,False,,20261001_160253,2049280,25,100,extension,Linux x86_64
DefMe,1,power,minsup,0.056436284939100564,0.9551,971.52,185,False,,20261001_160254,2049280,25,100,extension,Linux x86_64
Eclat_Gen_Borgelt,1,power,minsup,0.056436284939100564,0.5901,159.18,184,False,,20261001_160255,2049280,25,100,extension,Linux x86_64
FPgrowth_Gen_Borgelt,1,power,minsup,0.056436284939100564,0.547,159.3,184,False,,20261001_160256,2049280,25,100,extension,Linux x86_64
Gr_growth,1,power,minsup,0.056436284939100564,0.3213,14.08,185,False,,20261001_160256,2049280,25,100,extension,Linux x86_64
Pascal,1,power,minsup,0.056436284939100564,6.1521,808.04,184,False,,20261001_160302,2049280,25,100,extension,Linux x86_64
TalkyG_Diffset,1,power,minsup,0.056436284939100564,1.0227,775.69,184,False,,20261001_160304,2049280,25,100,extension,Linux x86_64
Talky_G,1,power,minsup,0.056436284939100564,1.0543,782.07,184,False,,20261001_160305,2049280,25,100,extension,Linux x86_64
Zart,1,power,minsup,0.056436284939100564,17.0881,1947.6,185,False,,20261001_160322,2049280,25,100,extension,Linux x86_64
FGC_Stream,1,miniboone,minsup,0.1627256581375323,600.0365,469.0,0,True,,20261001_161153,130064,250,100,extension,Linux x86_64
Apriori_Gen_Borgelt,1,dota2,minsup,0.013456556934700485,0.108,19.33,2331,False,,20261001_161153,92650,283,1000,extension,Linux x86_64
DefMe,1,dota2,minsup,0.013456556934700485,0.4381,377.94,2332,False,,20261001_161154,92650,283,1000,extension,Linux x86_64
Eclat_Gen_Borgelt,1,dota2,minsup,0.013456556934700485,0.1212,32.94,2331,False,,20261001_161154,92650,283,1000,extension,Linux x86_64
FPgrowth_Gen_Borgelt,1,dota2,minsup,0.013456556934700485,0.1482,42.68,2331,False,,20261001_161155,92650,283,1000,extension,Linux x86_64
Gr_growth,1,dota2,minsup,0.013456556934700485,0.1933,42.13,2332,False,,20261001_161155,92650,283,1000,extension,Linux x86_64
Pascal,1,dota2,minsup,0.013456556934700485,85.4347,149.78,2331,False,,20261001_161321,92650,283,1000,extension,Linux x86_64
TalkyG_Diffset,1,dota2,minsup,0.013456556934700485,0.3722,201.92,2332,False,,20261001_161322,92650,283,1000,extension,Linux x86_64
Talky_G,1,dota2,minsup,0.013456556934700485,0.3714,175.9,2332,False,,20261001_161322,92650,283,1000,extension,Linux x86_64
FGC_Stream,1,power,minsup,0.056436284939100564,600.03,360.95,0,True,,20261001_161323,2049280,25,100,extension,Linux x86_64
Zart,1,dota2,minsup,0.013456556934700485,62.5532,599.27,2332,False,,20261001_161425,92650,283,1000,extension,Linux x86_64
Apriori_Gen_Borgelt,1,miniboone,minsup,0.07865166379628491,1.2167,64.12,2184,False,,20261001_161426,130064,250,1000,extension,Linux x86_64
DefMe,1,miniboone,minsup,0.07865166379628491,0.8922,868.57,2185,False,,20261001_161427,130064,250,1000,extension,Linux x86_64
Eclat_Gen_Borgelt,1,miniboone,minsup,0.07865166379628491,1.0347,118.66,2184,False,,20261001_161429,130064,250,1000,extension,Linux x86_64
FPgrowth_Gen_Borgelt,1,miniboone,minsup,0.07865166379628491,2.9473,260.95,2184,False,,20261001_161432,130064,250,1000,extension,Linux x86_64
Gr_growth,1,miniboone,minsup,0.07865166379628491,3.64,236.16,2185,False,,20261001_161436,130064,250,1000,extension,Linux x86_64
Pascal,1,miniboone,minsup,0.07865166379628491,170.2234,388.55,2184,False,,20261001_161726,130064,250,1000,extension,Linux x86_64
TalkyG_Diffset,1,miniboone,minsup,0.07865166379628491,0.9413,603.26,2185,False,,20261001_161727,130064,250,1000,extension,Linux x86_64
Talky_G,1,miniboone,minsup,0.07865166379628491,0.9324,604.47,2185,False,,20261001_161729,130064,250,1000,extension,Linux x86_64
Zart,1,miniboone,minsup,0.07865166379628491,218.1192,904.59,2185,False,,20261001_162107,130064,250,1000,extension,Linux x86_64
FGC_Stream,1,dota2,minsup,0.013456556934700485,600.0194,54.1,0,True,,20261001_162323,92650,283,1000,extension,Linux x86_64
Apriori_Gen_Borgelt,1,power,minsup,0.01364808615708932,0.5615,159.19,1022,False,,20261001_162324,2049280,25,1000,extension,Linux x86_64
DefMe,1,power,minsup,0.01364808615708932,1.5253,1906.11,1023,False,,20261001_162325,2049280,25,1000,extension,Linux x86_64
Eclat_Gen_Borgelt,1,power,minsup,0.01364808615708932,0.5823,159.28,1022,False,,20261001_162326,2049280,25,1000,extension,Linux x86_64
FPgrowth_Gen_Borgelt,1,power,minsup,0.01364808615708932,0.5508,159.28,1022,False,,20261001_162327,2049280,25,1000,extension,Linux x86_64
Gr_growth,1,power,minsup,0.01364808615708932,0.3248,14.07,1023,False,,20261001_162327,2049280,25,1000,extension,Linux x86_64
Pascal,1,power,minsup,0.01364808615708932,18.9483,809.05,1022,False,,20261001_162347,2049280,25,1000,extension,Linux x86_64
TalkyG_Diffset,1,power,minsup,0.01364808615708932,1.2834,1347.81,1022,False,,20261001_162348,2049280,25,1000,extension,Linux x86_64
Talky_G,1,power,minsup,0.01364808615708932,1.2043,1021.88,1022,False,,20261001_162350,2049280,25,1000,extension,Linux x86_64
Zart,1,power,minsup,0.01364808615708932,90.2973,1954.59,1023,False,,20261001_162520,2049280,25,1000,extension,Linux x86_64
FGC_Stream,1,miniboone,minsup,0.07865166379628491,600.0238,155.86,0,True,,20261001_163107,130064,250,1000,extension,Linux x86_64
Apriori_Gen_Borgelt,1,dota2,minsup,0.0037317862924986507,0.1898,20.48,18487,False,,20261001_163108,92650,283,5000,extension,Linux x86_64
DefMe,1,dota2,minsup,0.0037317862924986507,0.7067,650.18,18488,False,,20261001_163109,92650,283,5000,extension,Linux x86_64
Eclat_Gen_Borgelt,1,dota2,minsup,0.0037317862924986507,0.1855,40.07,18487,False,,20261001_163109,92650,283,5000,extension,Linux x86_64
FPgrowth_Gen_Borgelt,1,dota2,minsup,0.0037317862924986507,0.2911,87.79,18487,False,,20261001_163109,92650,283,5000,extension,Linux x86_64
Gr_growth,1,dota2,minsup,0.0037317862924986507,0.3435,44.72,18488,False,,20261001_163110,92650,283,5000,extension,Linux x86_64
FGC_Stream,1,power,minsup,0.01364808615708932,600.0232,230.82,0,True,,20261001_163520,2049280,25,1000,extension,Linux x86_64
Pascal,1,dota2,minsup,0.0037317862924986507,250.632,203.47,18487,False,,20261001_163521,92650,283,5000,extension,Linux x86_64
TalkyG_Diffset,1,dota2,minsup,0.0037317862924986507,0.7319,822.82,18488,False,,20261001_163521,92650,283,5000,extension,Linux x86_64
Talky_G,1,dota2,minsup,0.0037317862924986507,0.6623,644.79,18488,False,,20261001_163522,92650,283,5000,extension,Linux x86_64
Zart,1,dota2,minsup,0.0037317862924986507,552.9712,736.21,18488,False,,20261001_164434,92650,283,5000,extension,Linux x86_64
Apriori_Gen_Borgelt,1,miniboone,minsup,0.05001960573256243,6.2937,65.04,14513,False,,20261001_164441,130064,250,5000,extension,Linux x86_64
DefMe,1,miniboone,minsup,0.05001960573256243,2.1032,1492.54,14514,False,,20261001_164443,130064,250,5000,extension,Linux x86_64
Eclat_Gen_Borgelt,1,miniboone,minsup,0.05001960573256243,2.5111,131.32,14513,False,,20261001_164446,130064,250,5000,extension,Linux x86_64
FPgrowth_Gen_Borgelt,1,miniboone,minsup,0.05001960573256243,4.3104,708.73,14513,False,,20261001_164451,130064,250,5000,extension,Linux x86_64
Gr_growth,1,miniboone,minsup,0.05001960573256243,5.1364,252.69,14514,False,,20261001_164456,130064,250,5000,extension,Linux x86_64
FGC_Stream,1,dota2,minsup,0.0037317862924986507,600.0169,40.63,0,True,,20261001_164522,92650,283,5000,extension,Linux x86_64
TalkyG_Diffset,1,miniboone,minsup,0.05001960573256243,1.2292,891.24,14524,False,,20261001_164523,130064,250,5000,extension,Linux x86_64
Talky_G,1,miniboone,minsup,0.05001960573256243,1.1836,883.24,14524,False,,20261001_164525,130064,250,5000,extension,Linux x86_64
Pascal,1,miniboone,minsup,0.05001960573256243,339.898,407.82,14513,False,,20261001_165036,130064,250,5000,extension,Linux x86_64
Zart,1,miniboone,minsup,0.05001960573256243,600.1434,868.81,0,True,,20261001_165525,130064,250,5000,extension,Linux x86_64
Apriori_Gen_Borgelt,1,dota2,minsup,0.000774419859686994,0.5378,30.3,190650,False,,20261001_165526,92650,283,20000,extension,Linux x86_64
DefMe,1,dota2,minsup,0.000774419859686994,3.1639,1005.29,190651,False,,20261001_165529,92650,283,20000,extension,Linux x86_64
Eclat_Gen_Borgelt,1,dota2,minsup,0.000774419859686994,0.3754,50.5,190650,False,,20261001_165530,92650,283,20000,extension,Linux x86_64
FPgrowth_Gen_Borgelt,1,dota2,minsup,0.000774419859686994,0.4884,172.92,190650,False,,20261001_165531,92650,283,20000,extension,Linux x86_64
Gr_growth,1,dota2,minsup,0.000774419859686994,0.6007,50.22,190651,False,,20261001_165532,92650,283,20000,extension,Linux x86_64
FGC_Stream,1,miniboone,minsup,0.05001960573256243,600.0207,117.96,0,True,,20261001_170036,130064,250,5000,extension,Linux x86_64
TalkyG_Diffset,1,dota2,minsup,0.000774419859686994,4.4829,792.1,190651,False,,20261001_170041,92650,283,20000,extension,Linux x86_64
Talky_G,1,dota2,minsup,0.000774419859686994,4.0262,1070.29,190651,False,,20261001_170045,92650,283,20000,extension,Linux x86_64
Pascal,1,dota2,minsup,0.000774419859686994,600.0379,259.27,19973,True,,20261001_170532,92650,283,20000,extension,Linux x86_64
Zart,1,dota2,minsup,0.000774419859686994,600.1438,814.77,0,True,,20261001_171046,92650,283,20000,extension,Linux x86_64
Apriori_Gen_Borgelt,1,miniboone,minsup,0.036626199409521464,20.7452,72.0,61813,False,,20261001_171107,130064,250,20000,extension,Linux x86_64
DefMe,1,miniboone,minsup,0.036626199409521464,6.1333,1482.61,61814,False,,20261001_171113,130064,250,20000,extension,Linux x86_64
Eclat_Gen_Borgelt,1,miniboone,minsup,0.036626199409521464,6.7618,138.22,61813,False,,20261001_171120,130064,250,20000,extension,Linux x86_64
FPgrowth_Gen_Borgelt,1,miniboone,minsup,0.036626199409521464,15.2995,3588.29,61813,False,,20261001_171136,130064,250,20000,extension,Linux x86_64
Gr_growth,1,miniboone,minsup,0.036626199409521464,16.063,275.06,61814,False,,20261001_171152,130064,250,20000,extension,Linux x86_64
FGC_Stream,1,dota2,minsup,0.000774419859686994,600.0144,44.22,0,True,,20261001_171532,92650,283,20000,extension,Linux x86_64
TalkyG_Diffset,1,miniboone,minsup,0.036626199409521464,3.8105,1438.66,61939,False,,20261001_171536,130064,250,20000,extension,Linux x86_64
Talky_G,1,miniboone,minsup,0.036626199409521464,3.5192,1467.53,61939,False,,20261001_171540,130064,250,20000,extension,Linux x86_64
Pascal,1,miniboone,minsup,0.036626199409521464,600.0503,400.03,19883,True,,20261001_172152,130064,250,20000,extension,Linux x86_64
Zart,1,miniboone,minsup,0.036626199409521464,600.0999,1026.96,0,True,,20261001_172540,130064,250,20000,extension,Linux x86_64
FGC_Stream,1,miniboone,minsup,0.036626199409521464,600.0169,100.54,0,True,,20261001_173152,130064,250,20000,extension,Linux x86_64
