dataset,sigma,true,pred,src,r
chess,0.7,56.66,23.372885358043284,survival,0.384564241286984
chess,0.6,195.66,23.372885358043284,survival,0.9227897202921663
chess,0.8,23.67,23.372885358043284,survival,0.005485929031648469
chess,0.9,16.28,23.372885358043284,survival,-0.15705792834425186
mushroom,0.2,24.63,74.01291440779232,survival,-0.4778430939282189
mushroom,0.3,23.66,74.45804615045259,survival,-0.4978968954420582
mushroom,0.5,23.27,81.45943734870801,survival,-0.5441450227431992
mushroom,0.7,22.89,67.07768619090523,survival,-0.4669322807608
mushroom,0.05,44.75,72.62868365765296,survival,-0.21031513330750626
mushroom,0.1,30.93,73.29113953984731,survival,-0.37467155420759274
mushroom,0.15,26.47,73.95419371182356,survival,-0.4462088652163149
mushroom,0.4,23.26,80.52540584708778,survival,-0.5393232119438389
mushroom,0.6,23.25,83.18142440053923,survival,-0.5536033957348685
pumsb,0.95,346.87,46.54859892677796,survival,0.872260126701297
retail,0.2,96.29,87.61277358572886,survival,0.04101375755397473
retail,0.3,96.27,88.09948644792995,survival,0.03851759499767301
retail,0.5,96.25,102.71325432362114,survival,-0.028225751260879475
retail,0.7,96.22,110.04475484621084,survival,-0.058303994680529686
retail,0.0005,124.59,84.77651971314982,survival,0.16720760209932983
retail,0.001,111.25,84.77651971314982,survival,0.11802443592275842
retail,0.002,105.67,84.77651971314982,survival,0.09567612369317721
retail,0.005,103.0,84.76780063380853,survival,0.08460630950813061
retail,0.01,101.72,84.72785477491831,survival,0.07938014086227467
retail,0.02,101.11,84.5605399979547,survival,0.07762636270496238
t10i4d100k,0.2,98.11,64.01171291919175,survival,0.18545382687381365
t10i4d100k,0.3,98.11,63.53963402336556,survival,0.1886685666712932
t10i4d100k,0.5,98.13,72.16040756232631,survival,0.1335028214065252
t10i4d100k,0.7,98.11,68.47133465962939,survival,0.1562044823913668
t10i4d100k,0.001,98.96,71.17231796229868,survival,0.14314857632536693
t10i4d100k,0.002,98.96,70.1049740372769,survival,0.14971085381409222
t10i4d100k,0.005,98.98,67.74045435352609,survival,0.1646993442263508
t10i4d100k,0.01,98.96,67.28125998087887,survival,0.16756557069180275
t10i4d100k,0.02,98.11,67.20880330846224,survival,0.1642871131074045
t10i4d100k,0.05,98.11,66.84124736951406,survival,0.1666687297544217
