dataset,param_value,target_pairs,algorithm,runtime_s,peak_memory_mb,generator_count,timed_out,error,n_tx,n_items,machine,timestamp
chainstore_fim,0.0015038874198188776,100,Apriori_Gen_Borgelt,0.6799,85.46,732,False,,1112949,46086,Linux x86_64,20260924_122209
chainstore_fim,0.0015038874198188776,100,DefMe,10.5062,8057.73,733,False,,1112949,46086,Linux x86_64,20260924_122220
chainstore_fim,0.0015038874198188776,100,Eclat_Gen_Borgelt,0.7103,123.3,732,False,,1112949,46086,Linux x86_64,20260924_122220
chainstore_fim,0.0015038874198188776,100,FPgrowth_Gen_Borgelt,0.7765,132.57,732,False,,1112949,46086,Linux x86_64,20260924_122221
chainstore_fim,0.0015038874198188776,100,Gr_growth,1.4198,67.89,733,False,,1112949,46086,Linux x86_64,20260924_122223
chainstore_fim,0.0002244038136518385,5000,Apriori_Gen_Borgelt,1.1865,197.66,12186,False,,1112949,46086,Linux x86_64,20260924_122224
chainstore_fim,0.0002244038136518385,5000,DefMe,300.3133,8057.79,1576,True,,1112949,46086,Linux x86_64,20260924_122724
chainstore_fim,0.0002244038136518385,5000,Eclat_Gen_Borgelt,1.1914,184.12,12186,False,,1112949,46086,Linux x86_64,20260924_122725
chainstore_fim,0.0002244038136518385,5000,FPgrowth_Gen_Borgelt,1.8444,267.43,12186,False,,1112949,46086,Linux x86_64,20260924_122727
chainstore_fim,0.0002244038136518385,5000,Gr_growth,6.5019,190.41,12187,False,,1112949,46086,Linux x86_64,20260924_122734
chicago,0.0014940977925552593,100,Apriori_Gen_Borgelt,0.521,133.02,378,False,,2662309,35,Linux x86_64,20260924_122734
chicago,0.0014940977925552593,100,DefMe,0.8063,1096.07,379,False,,2662309,35,Linux x86_64,20260924_122735
chicago,0.0014940977925552593,100,Eclat_Gen_Borgelt,0.5097,133.13,378,False,,2662309,35,Linux x86_64,20260924_122736
chicago,0.0014940977925552593,100,FPgrowth_Gen_Borgelt,0.5046,133.12,378,False,,2662309,35,Linux x86_64,20260924_122736
chicago,0.0014940977925552593,100,Gr_growth,0.1854,14.88,379,False,,2662309,35,Linux x86_64,20260924_122736
chicago,9.29644154754388e-06,5000,Apriori_Gen_Borgelt,0.5326,133.05,18503,False,,2662309,35,Linux x86_64,20260924_122737
chicago,9.29644154754388e-06,5000,DefMe,6.9819,1853.61,18504,False,,2662309,35,Linux x86_64,20260924_122744
chicago,9.29644154754388e-06,5000,Eclat_Gen_Borgelt,0.5281,133.09,18503,False,,2662309,35,Linux x86_64,20260924_122744
chicago,9.29644154754388e-06,5000,FPgrowth_Gen_Borgelt,0.5148,133.11,18503,False,,2662309,35,Linux x86_64,20260924_122745
chicago,9.29644154754388e-06,5000,Gr_growth,0.2096,15.5,18504,False,,2662309,35,Linux x86_64,20260924_122745
fruithut,0.0058402483925921855,100,Apriori_Gen_Borgelt,0.055,13.21,231,False,,181970,1265,Linux x86_64,20260924_122745
fruithut,0.0058402483925921855,100,DefMe,0.3457,253.9,232,False,,181970,1265,Linux x86_64,20260924_122745
fruithut,0.0058402483925921855,100,Eclat_Gen_Borgelt,0.0599,20.03,231,False,,181970,1265,Linux x86_64,20260924_122745
fruithut,0.0058402483925921855,100,FPgrowth_Gen_Borgelt,0.0558,19.97,231,False,,181970,1265,Linux x86_64,20260924_122746
fruithut,0.0058402483925921855,100,Gr_growth,0.0683,21.05,232,False,,181970,1265,Linux x86_64,20260924_122746
fruithut,0.00035033247238555804,5000,Apriori_Gen_Borgelt,0.0904,16.89,12591,False,,181970,1265,Linux x86_64,20260924_122746
fruithut,0.00035033247238555804,5000,DefMe,1.2124,746.99,12592,False,,181970,1265,Linux x86_64,20260924_122747
fruithut,0.00035033247238555804,5000,Eclat_Gen_Borgelt,0.1016,29.49,12591,False,,181970,1265,Linux x86_64,20260924_122747
fruithut,0.00035033247238555804,5000,FPgrowth_Gen_Borgelt,0.0995,43.55,12591,False,,181970,1265,Linux x86_64,20260924_122747
fruithut,0.00035033247238555804,5000,Gr_growth,0.1373,25.12,12592,False,,181970,1265,Linux x86_64,20260924_122747
instacart,0.005104451676333178,100,Apriori_Gen_Borgelt,0.1051,17.71,349,False,,131209,39123,Linux x86_64,20260924_122747
instacart,0.005104451676333178,100,DefMe,0.766,1471.86,350,False,,131209,39123,Linux x86_64,20260924_122748
instacart,0.005104451676333178,100,Eclat_Gen_Borgelt,0.1036,24.54,349,False,,131209,39123,Linux x86_64,20260924_122748
instacart,0.005104451676333178,100,FPgrowth_Gen_Borgelt,0.1049,26.19,349,False,,131209,39123,Linux x86_64,20260924_122748
instacart,0.005104451676333178,100,Gr_growth,0.11,23.05,350,False,,131209,39123,Linux x86_64,20260924_122748
instacart,0.0005849446303226151,5000,Apriori_Gen_Borgelt,0.1894,42.35,9823,False,,131209,39123,Linux x86_64,20260924_122749
instacart,0.0005849446303226151,5000,DefMe,12.6324,3550.02,9824,False,,131209,39123,Linux x86_64,20260924_122801
instacart,0.0005849446303226151,5000,Eclat_Gen_Borgelt,0.1634,36.74,9823,False,,131209,39123,Linux x86_64,20260924_122801
instacart,0.0005849446303226151,5000,FPgrowth_Gen_Borgelt,0.2374,57.89,9823,False,,131209,39123,Linux x86_64,20260924_122802
instacart,0.0005849446303226151,5000,Gr_growth,0.3352,43.68,9824,False,,131209,39123,Linux x86_64,20260924_122802
kddcup99,0.45114675,100,Apriori_Gen_Borgelt,0.447,109.59,3394,False,,1000000,135,Linux x86_64,20260924_122802
kddcup99,0.45114675,100,DefMe,1.4568,1448.63,3395,False,,1000000,135,Linux x86_64,20260924_122804
kddcup99,0.45114675,100,Eclat_Gen_Borgelt,0.4826,109.68,3394,False,,1000000,135,Linux x86_64,20260924_122804
kddcup99,0.45114675,100,FPgrowth_Gen_Borgelt,0.4469,109.75,3394,False,,1000000,135,Linux x86_64,20260924_122805
kddcup99,0.45114675,100,Gr_growth,0.2833,14.02,3395,False,,1000000,135,Linux x86_64,20260924_122805
kddcup99,2.775e-05,5000,Apriori_Gen_Borgelt,0.5315,113.48,87682,False,,1000000,135,Linux x86_64,20260924_122806
kddcup99,2.775e-05,5000,DefMe,22.9611,1431.05,87683,False,,1000000,135,Linux x86_64,20260924_122829
kddcup99,2.775e-05,5000,Eclat_Gen_Borgelt,0.566,109.72,87682,False,,1000000,135,Linux x86_64,20260924_122829
kddcup99,2.775e-05,5000,FPgrowth_Gen_Borgelt,0.5154,109.76,87682,False,,1000000,135,Linux x86_64,20260924_122830
kddcup99,2.775e-05,5000,Gr_growth,0.3601,17.04,87683,False,,1000000,135,Linux x86_64,20260924_122830
onlineretail,0.005889019437325957,100,Apriori_Gen_Borgelt,0.1396,36.05,270,False,,540455,2603,Linux x86_64,20260924_122830
onlineretail,0.005889019437325957,100,DefMe,0.8004,1347.66,271,False,,540455,2603,Linux x86_64,20260924_122831
onlineretail,0.005889019437325957,100,Eclat_Gen_Borgelt,0.1455,36.11,270,False,,540455,2603,Linux x86_64,20260924_122831
onlineretail,0.005889019437325957,100,FPgrowth_Gen_Borgelt,0.1465,36.11,270,False,,540455,2603,Linux x86_64,20260924_122831
onlineretail,0.005889019437325957,100,Gr_growth,0.1464,14.12,271,False,,540455,2603,Linux x86_64,20260924_122831
onlineretail,0.0004010509663154194,5000,Apriori_Gen_Borgelt,0.152,36.02,5987,False,,540455,2603,Linux x86_64,20260924_122832
onlineretail,0.0004010509663154194,5000,DefMe,8.1531,2210.91,5988,False,,540455,2603,Linux x86_64,20260924_122840
onlineretail,0.0004010509663154194,5000,Eclat_Gen_Borgelt,0.1539,36.1,5987,False,,540455,2603,Linux x86_64,20260924_122840
onlineretail,0.0004010509663154194,5000,FPgrowth_Gen_Borgelt,0.1453,36.18,5987,False,,540455,2603,Linux x86_64,20260924_122840
onlineretail,0.0004010509663154194,5000,Gr_growth,0.1507,14.49,5988,False,,540455,2603,Linux x86_64,20260924_122840
pamap,0.63655675,100,Apriori_Gen_Borgelt,0.7026,139.82,1673,False,,1000000,82,Linux x86_64,20260924_122841
pamap,0.63655675,100,DefMe,1.5353,1748.0,1674,False,,1000000,82,Linux x86_64,20260924_122842
pamap,0.63655675,100,Eclat_Gen_Borgelt,0.7443,139.91,1673,False,,1000000,82,Linux x86_64,20260924_122843
pamap,0.63655675,100,FPgrowth_Gen_Borgelt,0.6874,139.99,1673,False,,1000000,82,Linux x86_64,20260924_122844
pamap,0.63655675,100,Gr_growth,0.4261,14.36,1674,False,,1000000,82,Linux x86_64,20260924_122844
pamap,0.00018775,5000,Apriori_Gen_Borgelt,232.5981,7833.0,0,False,non-zero exit code 1: /home/hanketsu/Desktop/Projects/CENG643/TermProject/external_algos/borgelt/apriori: not enough memory,1000000,82,Linux x86_64,20260924_123237
pamap,0.00018775,5000,DefMe,300.1454,1857.82,1512508,True,,1000000,82,Linux x86_64,20260924_123737
pamap,0.00018775,5000,Eclat_Gen_Borgelt,232.355,7831.91,81536254,False,non-zero exit code 1: /home/hanketsu/Desktop/Projects/CENG643/TermProject/external_algos/borgelt/eclat: not enough memory,1000000,82,Linux x86_64,20260924_124135
pamap,0.00018775,5000,FPgrowth_Gen_Borgelt,219.2633,7830.93,81496188,False,non-zero exit code 1: /home/hanketsu/Desktop/Projects/CENG643/TermProject/external_algos/borgelt/fpgrowth: not enough memory,1000000,82,Linux x86_64,20260924_124520
pamap,0.00018775,5000,Gr_growth,257.6168,7686.33,163893921,False,killed by signal 6: what():  std::bad_alloc,1000000,82,Linux x86_64,20260924_124948
recordlink,0.043940126593067126,100,Apriori_Gen_Borgelt,0.2315,50.29,2550,False,,574913,27,Linux x86_64,20260924_124948
recordlink,0.043940126593067126,100,DefMe,0.7882,826.02,2551,False,,574913,27,Linux x86_64,20260924_124949
recordlink,0.043940126593067126,100,Eclat_Gen_Borgelt,0.2245,53.25,2550,False,,574913,27,Linux x86_64,20260924_124949
recordlink,0.043940126593067126,100,FPgrowth_Gen_Borgelt,0.2138,46.74,2550,False,,574913,27,Linux x86_64,20260924_124950
recordlink,0.043940126593067126,100,Gr_growth,0.116,13.9,2551,False,,574913,27,Linux x86_64,20260924_124950
recordlink,0.00010218937474017808,5000,Apriori_Gen_Borgelt,0.2084,50.54,8989,False,,574913,27,Linux x86_64,20260924_124950
recordlink,0.00010218937474017808,5000,DefMe,1.4236,809.97,8990,False,,574913,27,Linux x86_64,20260924_124951
recordlink,0.00010218937474017808,5000,Eclat_Gen_Borgelt,0.2342,56.71,8989,False,,574913,27,Linux x86_64,20260924_124952
recordlink,0.00010218937474017808,5000,FPgrowth_Gen_Borgelt,0.2148,57.16,8989,False,,574913,27,Linux x86_64,20260924_124952
recordlink,0.00010218937474017808,5000,Gr_growth,0.1179,14.31,8990,False,,574913,27,Linux x86_64,20260924_124952
skin,0.002353534075745643,100,Apriori_Gen_Borgelt,0.0353,18.05,113,False,,245057,12,Linux x86_64,20260924_124952
skin,0.002353534075745643,100,DefMe,0.2817,164.19,114,False,,245057,12,Linux x86_64,20260924_124952
skin,0.002353534075745643,100,Eclat_Gen_Borgelt,0.0405,19.02,113,False,,245057,12,Linux x86_64,20260924_124952
skin,0.002353534075745643,100,FPgrowth_Gen_Borgelt,0.0386,17.82,113,False,,245057,12,Linux x86_64,20260924_124952
skin,0.002353534075745643,100,Gr_growth,0.0292,13.93,114,False,,245057,12,Linux x86_64,20260924_124952
t20i6d100k,0.014548848101519185,100,Apriori_Gen_Borgelt,0.1224,24.58,573,False,,99922,893,Linux x86_64,20260924_124953
t20i6d100k,0.014548848101519185,100,DefMe,0.6934,764.58,574,False,,99922,893,Linux x86_64,20260924_124953
t20i6d100k,0.014548848101519185,100,Eclat_Gen_Borgelt,0.1483,38.4,573,False,,99922,893,Linux x86_64,20260924_124953
t20i6d100k,0.014548848101519185,100,FPgrowth_Gen_Borgelt,0.2835,67.4,573,False,,99922,893,Linux x86_64,20260924_124954
t20i6d100k,0.014548848101519185,100,Gr_growth,0.2963,66.67,574,False,,99922,893,Linux x86_64,20260924_124954
t20i6d100k,0.00506144792938492,5000,Apriori_Gen_Borgelt,0.6314,27.72,25503,False,,99922,893,Linux x86_64,20260924_124955
t20i6d100k,0.00506144792938492,5000,DefMe,2.8832,759.93,25504,False,,99922,893,Linux x86_64,20260924_124958
t20i6d100k,0.00506144792938492,5000,Eclat_Gen_Borgelt,0.2579,50.55,25503,False,,99922,893,Linux x86_64,20260924_124958
t20i6d100k,0.00506144792938492,5000,FPgrowth_Gen_Borgelt,0.5332,90.79,25503,False,,99922,893,Linux x86_64,20260924_124958
t20i6d100k,0.00506144792938492,5000,Gr_growth,0.5869,76.44,25504,False,,99922,893,Linux x86_64,20260924_124959
