dataset,sigma,algorithm,runtime_s,polled_min,polled_max,polled_med,exact_min,exact_max,exact_med
car,0.1862,Apriori_Gen_Borgelt,0.0031,0.02,0.62,0.02,2.95703125,3.09765625,3.0234375
car,0.1862,Eclat_Gen_Borgelt,0.0029,0.02,0.02,0.02,3.078125,3.31640625,3.21484375
car,0.1862,FPgrowth_Gen_Borgelt,0.0029,0.02,0.09,0.02,3.3046875,3.3515625,3.328125
car,0.1862,Gr_growth,0.0053,12.66,13.9,13.71,13.5625,13.78125,13.578125
tictactoe,0.1584,Apriori_Gen_Borgelt,0.0029,0.02,0.09,0.02,2.69921875,3.01953125,2.99609375
tictactoe,0.1584,Eclat_Gen_Borgelt,0.0028,0.02,0.02,0.02,3.15234375,3.36328125,3.30859375
tictactoe,0.1584,FPgrowth_Gen_Borgelt,0.0029,0.02,0.02,0.02,3.11328125,3.34375,3.20703125
tictactoe,0.1584,Gr_growth,0.0051,13.89,14.07,13.95,13.734375,13.9375,13.88671875
bank_full,0.001963,Apriori_Gen_Borgelt,3.1748,59.95,60.01,59.96,59.4921875,59.75,59.56640625
bank_full,0.001963,Eclat_Gen_Borgelt,1.0697,132.54,133.93,132.88,141.453125,141.9140625,141.6875
bank_full,0.001963,FPgrowth_Gen_Borgelt,0.7186,151.84,154.41,153.09,163.171875,163.359375,163.24609375
bank_full,0.001963,Gr_growth,0.9078,83.82,84.39,83.88,85.12890625,85.453125,85.32421875
bank_full,0.03149,Apriori_Gen_Borgelt,0.411,12.85,12.95,12.92,12.4140625,12.61328125,12.51953125
bank_full,0.03149,Eclat_Gen_Borgelt,0.1191,26.61,26.72,26.67,26.19921875,26.5703125,26.26953125
bank_full,0.03149,FPgrowth_Gen_Borgelt,0.0714,34.57,34.59,34.58,34.03125,34.3046875,34.22265625
bank_full,0.03149,Gr_growth,0.0804,22.84,22.95,22.92,22.515625,22.6484375,22.640625
chess,0.5,Apriori_Gen_Borgelt,3.4452,15.45,15.54,15.48,15.171875,15.328125,15.3203125
chess,0.5,Eclat_Gen_Borgelt,0.1511,42.2,42.3,42.27,41.8828125,42.21875,41.94921875
chess,0.5,FPgrowth_Gen_Borgelt,0.1074,41.55,42.55,41.97,42.34375,42.484375,42.390625
chess,0.5,Gr_growth,0.1643,28.87,28.93,28.91,28.578125,28.7265625,28.58203125
retail,0.001,Apriori_Gen_Borgelt,0.1009,24.25,24.37,24.29,23.72265625,24.1953125,24.00390625
retail,0.001,Eclat_Gen_Borgelt,0.089,28.18,28.27,28.22,27.6796875,27.734375,27.703125
retail,0.001,FPgrowth_Gen_Borgelt,0.1041,34.59,34.74,34.68,34.15625,34.421875,34.30859375
retail,0.001,Gr_growth,0.1468,30.72,30.83,30.8,30.44921875,30.68359375,30.46484375
