dataset,sigma,algorithm,size,mode,old_mem,old_rt,new_mem,new_rt,old_wall,new_wall
chicago,9.29644154754388e-06,Apriori_Gen_Borgelt,2662309,direct,133.09,0.5248,133.19,0.6062,2.010695502991439,0.8713773409835994
chicago,9.29644154754388e-06,Eclat_Gen_Borgelt,2662309,direct,133.12,0.5196,133.23,0.5966,2.010695502991439,0.8713773409835994
chicago,9.29644154754388e-06,FPgrowth_Gen_Borgelt,2662309,direct,133.2,0.5066,133.24,0.577,2.010695502991439,0.8713773409835994
chicago,9.29644154754388e-06,Gr_growth,2662309,direct,15.6,0.2125,15.31,0.2338,2.010695502991439,0.8713773409835994
chicago,0.0014940977925552,Apriori_Gen_Borgelt,6694,sampled,1.32,0.0138,1.31,0.0133,0.4844798239937518,0.6352824569912627
chicago,0.0014940977925552,Apriori_Gen_Borgelt,26776,sampled,4.21,0.0145,4.22,0.0121,0.4844798239937518,0.6352824569912627
chicago,0.0014940977925552,Apriori_Gen_Borgelt,107104,sampled,8.11,0.022,8.14,0.0222,0.4844798239937518,0.6352824569912627
chicago,0.0014940977925552,Eclat_Gen_Borgelt,6694,sampled,2.82,0.0111,1.35,0.0105,0.4844798239937518,0.6352824569912627
chicago,0.0014940977925552,Eclat_Gen_Borgelt,26776,sampled,4.8,0.0122,4.4,0.0114,0.4844798239937518,0.6352824569912627
chicago,0.0014940977925552,Eclat_Gen_Borgelt,107104,sampled,8.54,0.0268,8.75,0.0259,0.4844798239937518,0.6352824569912627
chicago,0.0014940977925552,FPgrowth_Gen_Borgelt,6694,sampled,0.59,0.0109,0.86,0.0118,0.4844798239937518,0.6352824569912627
chicago,0.0014940977925552,FPgrowth_Gen_Borgelt,26776,sampled,4.47,0.0091,4.96,0.0089,0.4844798239937518,0.6352824569912627
chicago,0.0014940977925552,FPgrowth_Gen_Borgelt,107104,sampled,8.1,0.0204,8.5,0.0224,0.4844798239937518,0.6352824569912627
chicago,0.0014940977925552,Gr_growth,6694,sampled,13.76,0.0114,13.94,0.0132,0.4844798239937518,0.6352824569912627
chicago,0.0014940977925552,Gr_growth,26776,sampled,14.04,0.0112,14.07,0.0108,0.4844798239937518,0.6352824569912627
chicago,0.0014940977925552,Gr_growth,107104,sampled,14.14,0.0167,14.14,0.0166,0.4844798239937518,0.6352824569912627
chicago,0.0313061894768789,Apriori_Gen_Borgelt,2500,sampled,1.3,0.013,1.31,0.0155,0.3831820070045069,0.5118077599909157
chicago,0.0313061894768789,Apriori_Gen_Borgelt,10000,sampled,0.48,0.0088,1.11,0.0091,0.3831820070045069,0.5118077599909157
chicago,0.0313061894768789,Apriori_Gen_Borgelt,40000,sampled,4.88,0.0109,4.74,0.0103,0.3831820070045069,0.5118077599909157
chicago,0.0313061894768789,Eclat_Gen_Borgelt,2500,sampled,0.76,0.0092,1.16,0.0092,0.3831820070045069,0.5118077599909157
chicago,0.0313061894768789,Eclat_Gen_Borgelt,10000,sampled,0.8,0.009,0.88,0.0088,0.3831820070045069,0.5118077599909157
chicago,0.0313061894768789,Eclat_Gen_Borgelt,40000,sampled,4.73,0.0099,4.82,0.0102,0.3831820070045069,0.5118077599909157
chicago,0.0313061894768789,FPgrowth_Gen_Borgelt,2500,sampled,1.44,0.009,0.81,0.0094,0.3831820070045069,0.5118077599909157
chicago,0.0313061894768789,FPgrowth_Gen_Borgelt,10000,sampled,1.46,0.008,0.8,0.0087,0.3831820070045069,0.5118077599909157
chicago,0.0313061894768789,FPgrowth_Gen_Borgelt,40000,sampled,4.91,0.0133,4.87,0.0111,0.3831820070045069,0.5118077599909157
chicago,0.0313061894768789,Gr_growth,2500,sampled,13.95,0.0081,0.6,0.0088,0.3831820070045069,0.5118077599909157
chicago,0.0313061894768789,Gr_growth,10000,sampled,13.7,0.0111,13.82,0.0122,0.3831820070045069,0.5118077599909157
chicago,0.0313061894768789,Gr_growth,40000,sampled,14.0,0.0169,14.01,0.0124,0.3831820070045069,0.5118077599909157
kosarak,0.0006425150408652,Apriori_Gen_Borgelt,15564,sampled,23.01,0.1722,22.97,0.175,88.84509085500031,24.858327449997887
kosarak,0.0006425150408652,Apriori_Gen_Borgelt,62256,sampled,106.25,2.7482,106.26,3.0409,88.84509085500031,24.858327449997887
kosarak,0.0006425150408652,Eclat_Gen_Borgelt,15564,sampled,21.5,0.0785,21.44,0.0781,88.84509085500031,24.858327449997887
kosarak,0.0006425150408652,Eclat_Gen_Borgelt,62256,sampled,47.61,0.3404,50.42,0.3824,88.84509085500031,24.858327449997887
kosarak,0.0006425150408652,FPgrowth_Gen_Borgelt,15564,sampled,28.99,0.0701,28.87,0.1143,88.84509085500031,24.858327449997887
kosarak,0.0006425150408652,FPgrowth_Gen_Borgelt,62256,sampled,74.42,0.3338,75.3,0.3639,88.84509085500031,24.858327449997887
kosarak,0.0006425150408652,Gr_growth,15564,sampled,21.56,0.1064,21.52,0.1248,88.84509085500031,24.858327449997887
kosarak,0.0006425150408652,Gr_growth,62256,sampled,43.24,0.4038,40.29,0.4816,88.84509085500031,24.858327449997887
kosarak,0.0013246977425311,Apriori_Gen_Borgelt,7549,sampled,7.3,0.0283,7.26,0.031,1.6607306260120822,1.1984335320012178
kosarak,0.0013246977425311,Apriori_Gen_Borgelt,30196,sampled,10.1,0.0898,10.24,0.1039,1.6607306260120822,1.1984335320012178
kosarak,0.0013246977425311,Apriori_Gen_Borgelt,120784,sampled,19.42,0.606,20.24,0.5604,1.6607306260120822,1.1984335320012178
kosarak,0.0013246977425311,Eclat_Gen_Borgelt,7549,sampled,12.8,0.0235,13.09,0.0296,1.6607306260120822,1.1984335320012178
kosarak,0.0013246977425311,Eclat_Gen_Borgelt,30196,sampled,17.57,0.049,17.54,0.0496,1.6607306260120822,1.1984335320012178
kosarak,0.0013246977425311,Eclat_Gen_Borgelt,120784,sampled,32.2,0.145,32.25,0.1692,1.6607306260120822,1.1984335320012178
kosarak,0.0013246977425311,FPgrowth_Gen_Borgelt,7549,sampled,14.48,0.0268,14.31,0.0248,1.6607306260120822,1.1984335320012178
kosarak,0.0013246977425311,FPgrowth_Gen_Borgelt,30196,sampled,20.87,0.0483,20.99,0.0466,1.6607306260120822,1.1984335320012178
kosarak,0.0013246977425311,FPgrowth_Gen_Borgelt,120784,sampled,43.13,0.1536,43.16,0.1849,1.6607306260120822,1.1984335320012178
kosarak,0.0013246977425311,Gr_growth,7549,sampled,15.77,0.0246,15.71,0.026,1.6607306260120822,1.1984335320012178
kosarak,0.0013246977425311,Gr_growth,30196,sampled,18.67,0.0471,18.68,0.0486,1.6607306260120822,1.1984335320012178
kosarak,0.0013246977425311,Gr_growth,120784,sampled,29.79,0.1839,29.8,0.2137,1.6607306260120822,1.1984335320012178
kosarak,0.0032752349487756,Apriori_Gen_Borgelt,3054,sampled,2.43,0.0101,3.88,0.011,0.4171130769973388,0.5489399239886552
kosarak,0.0032752349487756,Apriori_Gen_Borgelt,12216,sampled,5.0,0.0158,5.03,0.0194,0.4171130769973388,0.5489399239886552
kosarak,0.0032752349487756,Apriori_Gen_Borgelt,48864,sampled,8.62,0.0455,8.66,0.049,0.4171130769973388,0.5489399239886552
kosarak,0.0032752349487756,Eclat_Gen_Borgelt,3054,sampled,6.09,0.0124,6.39,0.0119,0.4171130769973388,0.5489399239886552
kosarak,0.0032752349487756,Eclat_Gen_Borgelt,12216,sampled,8.41,0.0172,8.47,0.0162,0.4171130769973388,0.5489399239886552
kosarak,0.0032752349487756,Eclat_Gen_Borgelt,48864,sampled,14.84,0.0389,14.57,0.0401,0.4171130769973388,0.5489399239886552
kosarak,0.0032752349487756,FPgrowth_Gen_Borgelt,3054,sampled,6.54,0.0086,1.34,0.01,0.4171130769973388,0.5489399239886552
kosarak,0.0032752349487756,FPgrowth_Gen_Borgelt,12216,sampled,8.68,0.0145,8.53,0.0138,0.4171130769973388,0.5489399239886552
kosarak,0.0032752349487756,FPgrowth_Gen_Borgelt,48864,sampled,15.55,0.0393,15.64,0.0402,0.4171130769973388,0.5489399239886552
kosarak,0.0032752349487756,Gr_growth,3054,sampled,14.47,0.0138,14.51,0.0146,0.4171130769973388,0.5489399239886552
kosarak,0.0032752349487756,Gr_growth,12216,sampled,15.1,0.017,15.11,0.0144,0.4171130769973388,0.5489399239886552
kosarak,0.0032752349487756,Gr_growth,48864,sampled,17.37,0.037,17.39,0.0363,0.4171130769973388,0.5489399239886552
kosarak,0.0126772285392901,Apriori_Gen_Borgelt,2500,sampled,1.53,0.0116,2.64,0.0105,0.335506539006019,0.4454383529955521
kosarak,0.0126772285392901,Apriori_Gen_Borgelt,10000,sampled,4.8,0.0141,4.71,0.013,0.335506539006019,0.4454383529955521
kosarak,0.0126772285392901,Apriori_Gen_Borgelt,40000,sampled,7.79,0.0288,7.78,0.0292,0.335506539006019,0.4454383529955521
kosarak,0.0126772285392901,Eclat_Gen_Borgelt,2500,sampled,1.61,0.0114,2.93,0.0134,0.335506539006019,0.4454383529955521
kosarak,0.0126772285392901,Eclat_Gen_Borgelt,10000,sampled,5.0,0.0162,5.32,0.0158,0.335506539006019,0.4454383529955521
kosarak,0.0126772285392901,Eclat_Gen_Borgelt,40000,sampled,8.83,0.0265,9.07,0.0269,0.335506539006019,0.4454383529955521
kosarak,0.0126772285392901,FPgrowth_Gen_Borgelt,2500,sampled,0.82,0.0108,1.38,0.0106,0.335506539006019,0.4454383529955521
kosarak,0.0126772285392901,FPgrowth_Gen_Borgelt,10000,sampled,4.7,0.0091,4.81,0.0098,0.335506539006019,0.4454383529955521
kosarak,0.0126772285392901,FPgrowth_Gen_Borgelt,40000,sampled,8.57,0.0274,8.9,0.0238,0.335506539006019,0.4454383529955521
kosarak,0.0126772285392901,Gr_growth,2500,sampled,14.2,0.0097,14.16,0.0108,0.335506539006019,0.4454383529955521
kosarak,0.0126772285392901,Gr_growth,10000,sampled,14.39,0.0156,14.31,0.0114,0.335506539006019,0.4454383529955521
kosarak,0.0126772285392901,Gr_growth,40000,sampled,14.79,0.0196,14.81,0.0187,0.335506539006019,0.4454383529955521
kosarak,0.0600247505990574,Apriori_Gen_Borgelt,2500,sampled,2.23,0.0114,1.75,0.0109,0.2978874539985554,0.43060069900820963
kosarak,0.0600247505990574,Apriori_Gen_Borgelt,10000,sampled,4.42,0.012,4.7,0.0098,0.2978874539985554,0.43060069900820963
kosarak,0.0600247505990574,Apriori_Gen_Borgelt,40000,sampled,7.56,0.0208,7.76,0.0229,0.2978874539985554,0.43060069900820963
kosarak,0.0600247505990574,Eclat_Gen_Borgelt,2500,sampled,1.38,0.0075,0.96,0.0095,0.2978874539985554,0.43060069900820963
kosarak,0.0600247505990574,Eclat_Gen_Borgelt,10000,sampled,4.55,0.0083,4.49,0.0085,0.2978874539985554,0.43060069900820963
kosarak,0.0600247505990574,Eclat_Gen_Borgelt,40000,sampled,7.43,0.0213,7.67,0.0216,0.2978874539985554,0.43060069900820963
kosarak,0.0600247505990574,FPgrowth_Gen_Borgelt,2500,sampled,1.37,0.0072,1.33,0.0106,0.2978874539985554,0.43060069900820963
kosarak,0.0600247505990574,FPgrowth_Gen_Borgelt,10000,sampled,4.59,0.0123,4.83,0.0106,0.2978874539985554,0.43060069900820963
kosarak,0.0600247505990574,FPgrowth_Gen_Borgelt,40000,sampled,7.6,0.0208,7.93,0.0206,0.2978874539985554,0.43060069900820963
kosarak,0.0600247505990574,Gr_growth,2500,sampled,14.17,0.0077,14.22,0.0107,0.2978874539985554,0.43060069900820963
kosarak,0.0600247505990574,Gr_growth,10000,sampled,14.18,0.0135,14.18,0.0148,0.2978874539985554,0.43060069900820963
kosarak,0.0600247505990574,Gr_growth,40000,sampled,14.2,0.0163,14.21,0.0201,0.2978874539985554,0.43060069900820963
retail,0.0005,Apriori_Gen_Borgelt,88162,direct,47.18,0.1573,47.18,0.1695,0.6197688170068432,0.25173442700179294
retail,0.0005,Eclat_Gen_Borgelt,88162,direct,32.19,0.114,30.6,0.1308,0.6197688170068432,0.25173442700179294
retail,0.0005,FPgrowth_Gen_Borgelt,88162,direct,41.76,0.1408,41.81,0.1721,0.6197688170068432,0.25173442700179294
retail,0.0005,Gr_growth,88162,direct,35.67,0.1912,35.68,0.2318,0.6197688170068432,0.25173442700179294
retail,0.001,Apriori_Gen_Borgelt,88162,direct,24.44,0.1028,24.4,0.1278,0.4647625390061876,0.18895568102016114
retail,0.001,Eclat_Gen_Borgelt,88162,direct,28.3,0.0911,28.34,0.1069,0.4647625390061876,0.18895568102016114
retail,0.001,FPgrowth_Gen_Borgelt,88162,direct,34.75,0.1151,34.42,0.1293,0.4647625390061876,0.18895568102016114
retail,0.001,Gr_growth,88162,direct,30.91,0.1423,30.93,0.1682,0.4647625390061876,0.18895568102016114
retail,0.002,Apriori_Gen_Borgelt,88162,direct,16.01,0.0783,16.02,0.0802,0.3811032689991407,0.29770980300963856
retail,0.002,Eclat_Gen_Borgelt,88162,direct,22.83,0.0857,22.75,0.0768,0.3811032689991407,0.29770980300963856
retail,0.002,FPgrowth_Gen_Borgelt,88162,direct,25.88,0.0905,25.84,0.1008,0.3811032689991407,0.29770980300963856
retail,0.002,Gr_growth,88162,direct,25.38,0.1141,25.39,0.1276,0.3811032689991407,0.29770980300963856
retail,0.005,Apriori_Gen_Borgelt,2500,sampled,3.82,0.0098,1.27,0.0091,0.2498474949970841,0.3693902649974916
retail,0.005,Apriori_Gen_Borgelt,10000,sampled,4.9,0.0182,4.88,0.0132,0.2498474949970841,0.3693902649974916
retail,0.005,Apriori_Gen_Borgelt,40000,sampled,7.73,0.0319,7.75,0.0298,0.2498474949970841,0.3693902649974916
retail,0.005,Eclat_Gen_Borgelt,2500,sampled,4.19,0.0078,1.37,0.0078,0.2498474949970841,0.3693902649974916
retail,0.005,Eclat_Gen_Borgelt,10000,sampled,5.55,0.0109,5.5,0.0135,0.2498474949970841,0.3693902649974916
retail,0.005,Eclat_Gen_Borgelt,40000,sampled,10.78,0.0311,10.57,0.0295,0.2498474949970841,0.3693902649974916
retail,0.005,FPgrowth_Gen_Borgelt,2500,sampled,1.11,0.0065,0.8,0.0088,0.2498474949970841,0.3693902649974916
retail,0.005,FPgrowth_Gen_Borgelt,10000,sampled,5.97,0.0147,6.21,0.0137,0.2498474949970841,0.3693902649974916
retail,0.005,FPgrowth_Gen_Borgelt,40000,sampled,10.52,0.0305,10.49,0.0294,0.2498474949970841,0.3693902649974916
retail,0.005,Gr_growth,2500,sampled,14.19,0.0105,14.24,0.0101,0.2498474949970841,0.3693902649974916
retail,0.005,Gr_growth,10000,sampled,14.59,0.0144,14.56,0.0125,0.2498474949970841,0.3693902649974916
retail,0.005,Gr_growth,40000,sampled,16.11,0.0287,16.12,0.0287,0.2498474949970841,0.3693902649974916
retail,0.01,Apriori_Gen_Borgelt,2500,sampled,1.34,0.0084,0.71,0.0103,0.2198932309984229,0.33794610301265493
retail,0.01,Apriori_Gen_Borgelt,10000,sampled,4.85,0.0141,4.86,0.0092,0.2198932309984229,0.33794610301265493
retail,0.01,Apriori_Gen_Borgelt,40000,sampled,7.65,0.0257,7.62,0.0298,0.2198932309984229,0.33794610301265493
retail,0.01,Eclat_Gen_Borgelt,2500,sampled,1.43,0.0064,1.2,0.0081,0.2198932309984229,0.33794610301265493
retail,0.01,Eclat_Gen_Borgelt,10000,sampled,4.66,0.0115,5.29,0.0095,0.2198932309984229,0.33794610301265493
retail,0.01,Eclat_Gen_Borgelt,40000,sampled,9.05,0.0274,8.99,0.0262,0.2198932309984229,0.33794610301265493
retail,0.01,FPgrowth_Gen_Borgelt,2500,sampled,0.72,0.007,1.39,0.0069,0.2198932309984229,0.33794610301265493
retail,0.01,FPgrowth_Gen_Borgelt,10000,sampled,5.04,0.0134,4.7,0.0134,0.2198932309984229,0.33794610301265493
retail,0.01,FPgrowth_Gen_Borgelt,40000,sampled,8.44,0.0265,8.75,0.0244,0.2198932309984229,0.33794610301265493
retail,0.01,Gr_growth,2500,sampled,14.11,0.0103,14.09,0.0096,0.2198932309984229,0.33794610301265493
retail,0.01,Gr_growth,10000,sampled,14.28,0.0109,14.23,0.0136,0.2198932309984229,0.33794610301265493
retail,0.01,Gr_growth,40000,sampled,14.68,0.0253,14.68,0.0246,0.2198932309984229,0.33794610301265493
retail,0.02,Apriori_Gen_Borgelt,2500,sampled,1.35,0.009,1.18,0.0087,0.2087367250060197,0.3230116439808626
retail,0.02,Apriori_Gen_Borgelt,10000,sampled,4.6,0.0093,4.9,0.0106,0.2087367250060197,0.3230116439808626
retail,0.02,Apriori_Gen_Borgelt,40000,sampled,7.75,0.024,7.75,0.0248,0.2087367250060197,0.3230116439808626
retail,0.02,Eclat_Gen_Borgelt,2500,sampled,0.86,0.0072,0.82,0.0077,0.2087367250060197,0.3230116439808626
retail,0.02,Eclat_Gen_Borgelt,10000,sampled,4.66,0.0089,4.53,0.0106,0.2087367250060197,0.3230116439808626
retail,0.02,Eclat_Gen_Borgelt,40000,sampled,7.55,0.0285,7.94,0.0261,0.2087367250060197,0.3230116439808626
retail,0.02,FPgrowth_Gen_Borgelt,2500,sampled,2.53,0.0101,0.79,0.0091,0.2087367250060197,0.3230116439808626
retail,0.02,FPgrowth_Gen_Borgelt,10000,sampled,4.73,0.0102,4.62,0.0085,0.2087367250060197,0.3230116439808626
retail,0.02,FPgrowth_Gen_Borgelt,40000,sampled,7.59,0.0266,7.56,0.0265,0.2087367250060197,0.3230116439808626
retail,0.02,Gr_growth,2500,sampled,14.07,0.0109,14.07,0.0107,0.2087367250060197,0.3230116439808626
retail,0.02,Gr_growth,10000,sampled,14.08,0.0116,14.09,0.0106,0.2087367250060197,0.3230116439808626
retail,0.02,Gr_growth,40000,sampled,14.13,0.0196,14.14,0.0206,0.2087367250060197,0.3230116439808626
retail,0.2,Apriori_Gen_Borgelt,2500,sampled,1.34,0.0076,0.73,0.0097,0.1943268120085122,0.3161341199884191
retail,0.2,Apriori_Gen_Borgelt,10000,sampled,4.91,0.0097,4.46,0.0097,0.1943268120085122,0.3161341199884191
retail,0.2,Apriori_Gen_Borgelt,40000,sampled,7.28,0.0234,7.37,0.0257,0.1943268120085122,0.3161341199884191
retail,0.2,Eclat_Gen_Borgelt,2500,sampled,1.39,0.0071,2.4,0.0078,0.1943268120085122,0.3161341199884191
retail,0.2,Eclat_Gen_Borgelt,10000,sampled,4.75,0.012,4.99,0.0103,0.1943268120085122,0.3161341199884191
retail,0.2,Eclat_Gen_Borgelt,40000,sampled,7.17,0.0219,7.64,0.0238,0.1943268120085122,0.3161341199884191
retail,0.2,FPgrowth_Gen_Borgelt,2500,sampled,1.41,0.006,1.86,0.0098,0.1943268120085122,0.3161341199884191
retail,0.2,FPgrowth_Gen_Borgelt,10000,sampled,4.72,0.0121,4.7,0.0119,0.1943268120085122,0.3161341199884191
retail,0.2,FPgrowth_Gen_Borgelt,40000,sampled,7.65,0.0209,7.25,0.0218,0.1943268120085122,0.3161341199884191
retail,0.2,Gr_growth,2500,sampled,14.12,0.007,14.09,0.0077,0.1943268120085122,0.3161341199884191
retail,0.2,Gr_growth,10000,sampled,14.08,0.0135,14.02,0.0122,0.1943268120085122,0.3161341199884191
retail,0.2,Gr_growth,40000,sampled,14.09,0.0202,14.1,0.018,0.1943268120085122,0.3161341199884191
retail,0.3,Apriori_Gen_Borgelt,2500,sampled,1.24,0.0086,1.32,0.0094,0.1976974659919506,0.3226838360133115
retail,0.3,Apriori_Gen_Borgelt,10000,sampled,4.63,0.0099,4.54,0.0124,0.1976974659919506,0.3226838360133115
retail,0.3,Apriori_Gen_Borgelt,40000,sampled,7.52,0.0288,7.17,0.0231,0.1976974659919506,0.3226838360133115
retail,0.3,Eclat_Gen_Borgelt,2500,sampled,1.3,0.0069,1.93,0.0094,0.1976974659919506,0.3226838360133115
retail,0.3,Eclat_Gen_Borgelt,10000,sampled,4.71,0.0122,4.63,0.0127,0.1976974659919506,0.3226838360133115
retail,0.3,Eclat_Gen_Borgelt,40000,sampled,7.19,0.0228,7.52,0.025,0.1976974659919506,0.3226838360133115
retail,0.3,FPgrowth_Gen_Borgelt,2500,sampled,0.84,0.0065,0.74,0.0098,0.1976974659919506,0.3226838360133115
retail,0.3,FPgrowth_Gen_Borgelt,10000,sampled,4.73,0.0125,4.71,0.0087,0.1976974659919506,0.3226838360133115
retail,0.3,FPgrowth_Gen_Borgelt,40000,sampled,7.68,0.021,7.32,0.0235,0.1976974659919506,0.3226838360133115
retail,0.3,Gr_growth,2500,sampled,14.08,0.0095,13.96,0.0106,0.1976974659919506,0.3226838360133115
retail,0.3,Gr_growth,10000,sampled,14.09,0.0099,14.09,0.011,0.1976974659919506,0.3226838360133115
retail,0.3,Gr_growth,40000,sampled,14.07,0.0167,14.09,0.0178,0.1976974659919506,0.3226838360133115
retail,0.5,Apriori_Gen_Borgelt,2500,sampled,1.87,0.008,1.32,0.0085,0.1841587119997711,0.2992527599853929
retail,0.5,Apriori_Gen_Borgelt,10000,sampled,4.56,0.0088,4.55,0.008,0.1841587119997711,0.2992527599853929
retail,0.5,Apriori_Gen_Borgelt,40000,sampled,7.21,0.0227,7.28,0.0221,0.1841587119997711,0.2992527599853929
retail,0.5,Eclat_Gen_Borgelt,2500,sampled,2.36,0.0073,2.16,0.0085,0.1841587119997711,0.2992527599853929
retail,0.5,Eclat_Gen_Borgelt,10000,sampled,4.65,0.0128,4.66,0.0114,0.1841587119997711,0.2992527599853929
retail,0.5,Eclat_Gen_Borgelt,40000,sampled,7.36,0.0239,7.09,0.0228,0.1841587119997711,0.2992527599853929
retail,0.5,FPgrowth_Gen_Borgelt,2500,sampled,1.86,0.009,0.89,0.009,0.1841587119997711,0.2992527599853929
retail,0.5,FPgrowth_Gen_Borgelt,10000,sampled,4.96,0.0091,4.67,0.0095,0.1841587119997711,0.2992527599853929
retail,0.5,FPgrowth_Gen_Borgelt,40000,sampled,7.59,0.0224,7.5,0.0234,0.1841587119997711,0.2992527599853929
retail,0.5,Gr_growth,2500,sampled,0.6,0.0085,0.78,0.0079,0.1841587119997711,0.2992527599853929
retail,0.5,Gr_growth,10000,sampled,0.61,0.0067,0.79,0.0073,0.1841587119997711,0.2992527599853929
retail,0.5,Gr_growth,40000,sampled,4.13,0.0122,4.16,0.0119,0.1841587119997711,0.2992527599853929
retail,0.7,Apriori_Gen_Borgelt,2500,sampled,0.69,0.0087,1.32,0.0102,0.1693655299895908,0.29817897599423304
retail,0.7,Apriori_Gen_Borgelt,10000,sampled,4.55,0.0075,4.46,0.0086,0.1693655299895908,0.29817897599423304
retail,0.7,Apriori_Gen_Borgelt,40000,sampled,7.17,0.0203,7.12,0.0227,0.1693655299895908,0.29817897599423304
retail,0.7,Eclat_Gen_Borgelt,2500,sampled,0.78,0.0067,1.41,0.0119,0.1693655299895908,0.29817897599423304
retail,0.7,Eclat_Gen_Borgelt,10000,sampled,4.59,0.011,4.45,0.0088,0.1693655299895908,0.29817897599423304
retail,0.7,Eclat_Gen_Borgelt,40000,sampled,7.24,0.0206,7.13,0.0231,0.1693655299895908,0.29817897599423304
retail,0.7,FPgrowth_Gen_Borgelt,2500,sampled,2.76,0.0066,0.77,0.0092,0.1693655299895908,0.29817897599423304
retail,0.7,FPgrowth_Gen_Borgelt,10000,sampled,4.66,0.0072,4.73,0.0121,0.1693655299895908,0.29817897599423304
retail,0.7,FPgrowth_Gen_Borgelt,40000,sampled,7.31,0.0221,7.28,0.0213,0.1693655299895908,0.29817897599423304
retail,0.7,Gr_growth,2500,sampled,0.6,0.0068,0.98,0.0087,0.1693655299895908,0.29817897599423304
retail,0.7,Gr_growth,10000,sampled,0.62,0.0064,0.6,0.0074,0.1693655299895908,0.29817897599423304
retail,0.7,Gr_growth,40000,sampled,4.01,0.0116,4.15,0.0111,0.1693655299895908,0.29817897599423304
pumsb,0.6,Apriori_Gen_Borgelt,49046,direct,92.87,17.6489,92.83,17.8881,23.573620722992928,18.096140956971794
pumsb,0.6,Eclat_Gen_Borgelt,49046,direct,272.23,1.8096,284.38,2.002,23.573620722992928,18.096140956971794
pumsb,0.6,FPgrowth_Gen_Borgelt,49046,direct,276.44,1.4541,267.15,1.6437,23.573620722992928,18.096140956971794
pumsb,0.6,Gr_growth,49046,direct,140.36,1.9085,137.71,2.2396,23.573620722992928,18.096140956971794
pumsb,0.7,Apriori_Gen_Borgelt,49046,direct,24.38,1.6756,24.48,1.7155,2.9834992910036817,1.7768560470140073
pumsb,0.7,Eclat_Gen_Borgelt,49046,direct,65.7,0.3859,59.12,0.4476,2.9834992910036817,1.7768560470140073
pumsb,0.7,FPgrowth_Gen_Borgelt,49046,direct,60.61,0.2968,58.48,0.3378,2.9834992910036817,1.7768560470140073
pumsb,0.7,Gr_growth,49046,direct,35.77,0.4396,34.78,0.4946,2.9834992910036817,1.7768560470140073
pumsb,0.75,Apriori_Gen_Borgelt,49046,direct,18.73,0.486,18.76,0.5093,1.0917040450003697,0.541940186987631
pumsb,0.75,Eclat_Gen_Borgelt,49046,direct,32.43,0.1898,32.42,0.208,1.0917040450003697,0.541940186987631
pumsb,0.75,FPgrowth_Gen_Borgelt,49046,direct,32.59,0.1512,32.6,0.1672,1.0917040450003697,0.541940186987631
pumsb,0.75,Gr_growth,49046,direct,24.03,0.1854,23.68,0.2397,1.0917040450003697,0.541940186987631
pumsb,0.8,Apriori_Gen_Borgelt,49046,direct,18.73,0.2107,18.75,0.2262,0.5781104619964026,0.24729935498908162
pumsb,0.8,Eclat_Gen_Borgelt,49046,direct,26.74,0.1255,26.7,0.1336,0.5781104619964026,0.24729935498908162
pumsb,0.8,FPgrowth_Gen_Borgelt,49046,direct,27.02,0.1126,27.05,0.1279,0.5781104619964026,0.24729935498908162
pumsb,0.8,Gr_growth,49046,direct,16.65,0.0955,16.79,0.1005,0.5781104619964026,0.24729935498908162
pumsb,0.85,Apriori_Gen_Borgelt,49046,direct,18.73,0.1211,18.7,0.1414,0.4070923869876424,0.23485638000420295
pumsb,0.85,Eclat_Gen_Borgelt,49046,direct,25.75,0.103,23.61,0.1217,0.4070923869876424,0.23485638000420295
pumsb,0.85,FPgrowth_Gen_Borgelt,49046,direct,26.06,0.0922,23.18,0.1339,0.4070923869876424,0.23485638000420295
pumsb,0.85,Gr_growth,49046,direct,14.69,0.0705,14.7,0.0754,0.4070923869876424,0.23485638000420295
pumsb,0.9,Apriori_Gen_Borgelt,49046,direct,18.75,0.0949,18.75,0.1064,0.360181565003586,0.2764923150243703
pumsb,0.9,Eclat_Gen_Borgelt,49046,direct,20.48,0.0941,20.8,0.1057,0.360181565003586,0.2764923150243703
pumsb,0.9,FPgrowth_Gen_Borgelt,49046,direct,21.3,0.086,20.76,0.0876,0.360181565003586,0.2764923150243703
pumsb,0.9,Gr_growth,49046,direct,14.12,0.0676,14.15,0.0661,0.360181565003586,0.2764923150243703
pumsb,0.95,Apriori_Gen_Borgelt,49046,direct,18.64,0.0912,18.72,0.0924,0.3492748989956453,0.3551930960093159
pumsb,0.95,Eclat_Gen_Borgelt,49046,direct,18.82,0.0934,18.72,0.1028,0.3492748989956453,0.3551930960093159
pumsb,0.95,FPgrowth_Gen_Borgelt,49046,direct,18.87,0.083,18.95,0.0807,0.3492748989956453,0.3551930960093159
pumsb,0.95,Gr_growth,49046,direct,14.02,0.0648,14.03,0.0627,0.3492748989956453,0.3551930960093159
bms1,0.0001803630750645,Eclat_Gen_Borgelt,59602,direct,225.53,1.9077,217.18,2.1089,40.27301048798836,15.871344813000178
bms1,0.0001803630750645,FPgrowth_Gen_Borgelt,59602,direct,241.53,1.6399,237.91,1.8537,40.27301048798836,15.871344813000178
bms1,0.0001803630750645,Gr_growth,59602,direct,132.86,4.022,132.59,4.5434,40.27301048798836,15.871344813000178
bms1,0.0005662561659004,Apriori_Gen_Borgelt,59602,direct,23.44,0.3436,24.54,0.3574,0.6852539350074949,0.47694003299693577
bms1,0.0005662561659004,Eclat_Gen_Borgelt,59602,direct,25.64,0.0998,25.6,0.1208,0.6852539350074949,0.47694003299693577
bms1,0.0005662561659004,FPgrowth_Gen_Borgelt,59602,direct,30.01,0.0808,30.05,0.0843,0.6852539350074949,0.47694003299693577
bms1,0.0005662561659004,Gr_growth,59602,direct,21.75,0.1138,21.77,0.1362,0.6852539350074949,0.47694003299693577
bms1,0.0012709305056877,Apriori_Gen_Borgelt,59602,direct,5.94,0.0219,6.03,0.0313,0.0903469920012867,0.15310506301466376
bms1,0.0012709305056877,Eclat_Gen_Borgelt,59602,direct,9.0,0.0199,9.26,0.0237,0.0903469920012867,0.15310506301466376
bms1,0.0012709305056877,FPgrowth_Gen_Borgelt,59602,direct,10.2,0.0181,10.07,0.0198,0.0903469920012867,0.15310506301466376
bms1,0.0012709305056877,Gr_growth,59602,direct,16.39,0.0236,16.42,0.0253,0.0903469920012867,0.15310506301466376
bms1,0.0038547364182409,Apriori_Gen_Borgelt,59602,direct,5.88,0.0163,5.99,0.0193,0.0774149380013113,0.1251300369913224
bms1,0.0038547364182409,Eclat_Gen_Borgelt,59602,direct,7.41,0.0166,7.42,0.0209,0.0774149380013113,0.1251300369913224
bms1,0.0038547364182409,FPgrowth_Gen_Borgelt,59602,direct,7.77,0.0182,7.74,0.0177,0.0774149380013113,0.1251300369913224
bms1,0.0038547364182409,Gr_growth,59602,direct,15.84,0.0197,15.85,0.0228,0.0774149380013113,0.1251300369913224
bms1,0.009894802187846,Apriori_Gen_Borgelt,59602,direct,6.04,0.0126,5.97,0.0157,0.0645637520065065,0.11164499400183558
bms1,0.009894802187846,Eclat_Gen_Borgelt,59602,direct,6.5,0.0161,6.49,0.014,0.0645637520065065,0.11164499400183558
bms1,0.009894802187846,FPgrowth_Gen_Borgelt,59602,direct,6.66,0.0145,6.66,0.015,0.0645637520065065,0.11164499400183558
bms1,0.009894802187846,Gr_growth,59602,direct,14.89,0.015,14.92,0.0178,0.0645637520065065,0.11164499400183558
accidents,0.3,Apriori_Gen_Borgelt,2500,sampled,5.45,0.2887,5.43,0.3075,8.62582271201245,8.232175333017949
accidents,0.3,Apriori_Gen_Borgelt,10000,sampled,7.9,1.2361,7.82,1.2349,8.62582271201245,8.232175333017949
accidents,0.3,Apriori_Gen_Borgelt,40000,sampled,16.47,6.2491,16.43,6.2884,8.62582271201245,8.232175333017949
accidents,0.3,Eclat_Gen_Borgelt,2500,sampled,15.7,0.0391,15.79,0.0397,8.62582271201245,8.232175333017949
accidents,0.3,Eclat_Gen_Borgelt,10000,sampled,20.59,0.0769,20.6,0.0769,8.62582271201245,8.232175333017949
accidents,0.3,Eclat_Gen_Borgelt,40000,sampled,36.43,0.1941,36.37,0.2116,8.62582271201245,8.232175333017949
accidents,0.3,FPgrowth_Gen_Borgelt,2500,sampled,16.59,0.0277,16.68,0.0342,8.62582271201245,8.232175333017949
accidents,0.3,FPgrowth_Gen_Borgelt,10000,sampled,21.64,0.0414,21.77,0.0457,8.62582271201245,8.232175333017949
accidents,0.3,FPgrowth_Gen_Borgelt,40000,sampled,35.98,0.1101,35.8,0.1186,8.62582271201245,8.232175333017949
accidents,0.3,Gr_growth,2500,sampled,16.2,0.0356,16.27,0.037,8.62582271201245,8.232175333017949
accidents,0.3,Gr_growth,10000,sampled,18.37,0.0557,18.38,0.0589,8.62582271201245,8.232175333017949
accidents,0.3,Gr_growth,40000,sampled,24.54,0.1357,24.57,0.1473,8.62582271201245,8.232175333017949
accidents,0.4,Apriori_Gen_Borgelt,2500,sampled,4.27,0.1001,4.27,0.1007,2.839945774001535,2.7289610320003703
accidents,0.4,Apriori_Gen_Borgelt,10000,sampled,6.21,0.4137,6.21,0.4139,2.839945774001535,2.7289610320003703
accidents,0.4,Apriori_Gen_Borgelt,40000,sampled,12.63,1.8298,12.65,1.8244,2.839945774001535,2.7289610320003703
accidents,0.4,Eclat_Gen_Borgelt,2500,sampled,11.64,0.0217,11.74,0.0206,2.839945774001535,2.7289610320003703
accidents,0.4,Eclat_Gen_Borgelt,10000,sampled,16.27,0.0422,16.34,0.0415,2.839945774001535,2.7289610320003703
accidents,0.4,Eclat_Gen_Borgelt,40000,sampled,27.45,0.1175,27.44,0.1213,2.839945774001535,2.7289610320003703
accidents,0.4,FPgrowth_Gen_Borgelt,2500,sampled,11.63,0.0161,11.75,0.0187,2.839945774001535,2.7289610320003703
accidents,0.4,FPgrowth_Gen_Borgelt,10000,sampled,15.91,0.028,15.89,0.0278,2.839945774001535,2.7289610320003703
accidents,0.4,FPgrowth_Gen_Borgelt,40000,sampled,23.93,0.069,23.99,0.0728,2.839945774001535,2.7289610320003703
accidents,0.4,Gr_growth,2500,sampled,14.84,0.0174,14.96,0.0192,2.839945774001535,2.7289610320003703
accidents,0.4,Gr_growth,10000,sampled,16.25,0.0291,16.25,0.0274,2.839945774001535,2.7289610320003703
accidents,0.4,Gr_growth,40000,sampled,19.34,0.0665,19.46,0.071,2.839945774001535,2.7289610320003703
accidents,0.5,Apriori_Gen_Borgelt,2500,sampled,3.86,0.0334,3.74,0.0415,0.8666285749932285,0.9742257049947511
accidents,0.5,Apriori_Gen_Borgelt,10000,sampled,5.08,0.1177,5.17,0.1273,0.8666285749932285,0.9742257049947511
accidents,0.5,Apriori_Gen_Borgelt,40000,sampled,10.05,0.363,9.97,0.3553,0.8666285749932285,0.9742257049947511
accidents,0.5,Eclat_Gen_Borgelt,2500,sampled,6.93,0.0143,7.27,0.0188,0.8666285749932285,0.9742257049947511
accidents,0.5,Eclat_Gen_Borgelt,10000,sampled,11.8,0.0272,11.8,0.0317,0.8666285749932285,0.9742257049947511
accidents,0.5,Eclat_Gen_Borgelt,40000,sampled,20.86,0.072,20.8,0.0733,0.8666285749932285,0.9742257049947511
accidents,0.5,FPgrowth_Gen_Borgelt,2500,sampled,6.89,0.0128,6.26,0.015,0.8666285749932285,0.9742257049947511
accidents,0.5,FPgrowth_Gen_Borgelt,10000,sampled,11.08,0.0197,10.77,0.0212,0.8666285749932285,0.9742257049947511
accidents,0.5,FPgrowth_Gen_Borgelt,40000,sampled,18.3,0.0515,18.27,0.0598,0.8666285749932285,0.9742257049947511
accidents,0.5,Gr_growth,2500,sampled,14.36,0.011,14.37,0.0185,0.8666285749932285,0.9742257049947511
accidents,0.5,Gr_growth,10000,sampled,14.9,0.0213,14.92,0.0253,0.8666285749932285,0.9742257049947511
accidents,0.5,Gr_growth,40000,sampled,15.93,0.0405,15.95,0.0467,0.8666285749932285,0.9742257049947511
accidents,0.6,Apriori_Gen_Borgelt,2500,sampled,3.53,0.0194,3.49,0.0149,0.4523166399885667,0.6407543749955948
accidents,0.6,Apriori_Gen_Borgelt,10000,sampled,4.86,0.0363,4.87,0.0382,0.4523166399885667,0.6407543749955948
accidents,0.6,Apriori_Gen_Borgelt,40000,sampled,9.95,0.0956,9.86,0.0938,0.4523166399885667,0.6407543749955948
accidents,0.6,Eclat_Gen_Borgelt,2500,sampled,4.39,0.0099,4.4,0.0128,0.4523166399885667,0.6407543749955948
accidents,0.6,Eclat_Gen_Borgelt,10000,sampled,7.98,0.022,7.79,0.0235,0.4523166399885667,0.6407543749955948
accidents,0.6,Eclat_Gen_Borgelt,40000,sampled,14.67,0.0554,14.62,0.0546,0.4523166399885667,0.6407543749955948
accidents,0.6,FPgrowth_Gen_Borgelt,2500,sampled,4.08,0.0116,1.11,0.0104,0.4523166399885667,0.6407543749955948
accidents,0.6,FPgrowth_Gen_Borgelt,10000,sampled,7.5,0.0158,6.96,0.0167,0.4523166399885667,0.6407543749955948
accidents,0.6,FPgrowth_Gen_Borgelt,40000,sampled,13.54,0.0431,13.37,0.047,0.4523166399885667,0.6407543749955948
accidents,0.6,Gr_growth,2500,sampled,14.11,0.0115,14.12,0.0111,0.4523166399885667,0.6407543749955948
accidents,0.6,Gr_growth,10000,sampled,14.34,0.018,14.37,0.0196,0.4523166399885667,0.6407543749955948
accidents,0.6,Gr_growth,40000,sampled,14.69,0.0363,14.71,0.0367,0.4523166399885667,0.6407543749955948
accidents,0.7,Apriori_Gen_Borgelt,2500,sampled,2.65,0.0088,3.5,0.0126,0.3187024250073591,0.46966148499632254
accidents,0.7,Apriori_Gen_Borgelt,10000,sampled,4.77,0.0166,4.84,0.0199,0.3187024250073591,0.46966148499632254
accidents,0.7,Apriori_Gen_Borgelt,40000,sampled,9.8,0.0435,9.94,0.0424,0.3187024250073591,0.46966148499632254
accidents,0.7,Eclat_Gen_Borgelt,2500,sampled,3.38,0.0082,1.4,0.0107,0.3187024250073591,0.46966148499632254
accidents,0.7,Eclat_Gen_Borgelt,10000,sampled,4.63,0.0132,5.01,0.0144,0.3187024250073591,0.46966148499632254
accidents,0.7,Eclat_Gen_Borgelt,40000,sampled,10.31,0.0405,10.32,0.0434,0.3187024250073591,0.46966148499632254
accidents,0.7,FPgrowth_Gen_Borgelt,2500,sampled,3.81,0.0089,2.84,0.0117,0.3187024250073591,0.46966148499632254
accidents,0.7,FPgrowth_Gen_Borgelt,10000,sampled,4.66,0.0118,4.73,0.0159,0.3187024250073591,0.46966148499632254
accidents,0.7,FPgrowth_Gen_Borgelt,40000,sampled,10.33,0.0377,10.45,0.0396,0.3187024250073591,0.46966148499632254
accidents,0.7,Gr_growth,2500,sampled,13.98,0.0093,14.01,0.0116,0.3187024250073591,0.46966148499632254
accidents,0.7,Gr_growth,10000,sampled,13.98,0.0129,14.02,0.0151,0.3187024250073591,0.46966148499632254
accidents,0.7,Gr_growth,40000,sampled,14.05,0.03,14.1,0.0335,0.3187024250073591,0.46966148499632254
accidents,0.8,Apriori_Gen_Borgelt,2500,sampled,2.36,0.0087,1.02,0.0119,0.2997921520000091,0.4369432989915367
accidents,0.8,Apriori_Gen_Borgelt,10000,sampled,4.59,0.0119,4.89,0.0149,0.2997921520000091,0.4369432989915367
accidents,0.8,Apriori_Gen_Borgelt,40000,sampled,9.78,0.0345,9.85,0.0368,0.2997921520000091,0.4369432989915367
accidents,0.8,Eclat_Gen_Borgelt,2500,sampled,1.18,0.008,1.52,0.0093,0.2997921520000091,0.4369432989915367
accidents,0.8,Eclat_Gen_Borgelt,10000,sampled,4.89,0.0123,4.63,0.0148,0.2997921520000091,0.4369432989915367
accidents,0.8,Eclat_Gen_Borgelt,40000,sampled,9.8,0.0347,9.86,0.0368,0.2997921520000091,0.4369432989915367
accidents,0.8,FPgrowth_Gen_Borgelt,2500,sampled,1.39,0.0087,0.83,0.0094,0.2997921520000091,0.4369432989915367
accidents,0.8,FPgrowth_Gen_Borgelt,10000,sampled,4.72,0.0151,4.69,0.0138,0.2997921520000091,0.4369432989915367
accidents,0.8,FPgrowth_Gen_Borgelt,40000,sampled,9.89,0.0326,9.86,0.034,0.2997921520000091,0.4369432989915367
accidents,0.8,Gr_growth,2500,sampled,13.97,0.0082,14.02,0.0101,0.2997921520000091,0.4369432989915367
accidents,0.8,Gr_growth,10000,sampled,13.87,0.0168,13.98,0.0146,0.2997921520000091,0.4369432989915367
accidents,0.8,Gr_growth,40000,sampled,13.98,0.0287,13.98,0.0283,0.2997921520000091,0.4369432989915367
instacart,0.0002267374951413,Apriori_Gen_Borgelt,131209,direct,117.11,0.3686,117.11,0.3911,1.532412221014965,0.5624946320021991
instacart,0.0002267374951413,Eclat_Gen_Borgelt,131209,direct,44.14,0.2402,44.21,0.2615,1.532412221014965,0.5624946320021991
instacart,0.0002267374951413,FPgrowth_Gen_Borgelt,131209,direct,84.4,0.3475,84.54,0.3715,1.532412221014965,0.5624946320021991
instacart,0.0002267374951413,Gr_growth,131209,direct,51.3,0.5496,51.36,0.5382,1.532412221014965,0.5624946320021991
instacart,0.0005849446303226,Apriori_Gen_Borgelt,131209,direct,42.48,0.1971,42.43,0.2067,1.0239522350020709,0.40344668200123124
instacart,0.0005849446303226,Eclat_Gen_Borgelt,131209,direct,36.82,0.1708,36.76,0.1856,1.0239522350020709,0.40344668200123124
instacart,0.0005849446303226,FPgrowth_Gen_Borgelt,131209,direct,57.98,0.2401,58.02,0.2572,1.0239522350020709,0.40344668200123124
instacart,0.0005849446303226,Gr_growth,131209,direct,43.87,0.3978,43.66,0.3811,1.0239522350020709,0.40344668200123124
instacart,0.0016062160370096,Apriori_Gen_Borgelt,131209,direct,21.76,0.1345,21.68,0.1402,0.6856613169948105,0.2749885930097662
instacart,0.0016062160370096,Eclat_Gen_Borgelt,131209,direct,30.61,0.1322,30.73,0.143,0.6856613169948105,0.2749885930097662
instacart,0.0016062160370096,FPgrowth_Gen_Borgelt,131209,direct,38.49,0.1725,38.45,0.1758,0.6856613169948105,0.2749885930097662
instacart,0.0016062160370096,Gr_growth,131209,direct,33.96,0.2304,33.93,0.2547,0.6856613169948105,0.2749885930097662
instacart,0.0051044516763331,Apriori_Gen_Borgelt,2500,sampled,1.79,0.0091,1.07,0.0105,0.2988040640193503,0.4211951860052068
instacart,0.0051044516763331,Apriori_Gen_Borgelt,10000,sampled,5.58,0.0152,5.56,0.0159,0.2988040640193503,0.4211951860052068
instacart,0.0051044516763331,Apriori_Gen_Borgelt,40000,sampled,8.9,0.0399,8.8,0.0369,0.2988040640193503,0.4211951860052068
instacart,0.0051044516763331,Eclat_Gen_Borgelt,2500,sampled,1.14,0.0091,0.76,0.0083,0.2988040640193503,0.4211951860052068
instacart,0.0051044516763331,Eclat_Gen_Borgelt,10000,sampled,6.21,0.0154,6.07,0.0181,0.2988040640193503,0.4211951860052068
instacart,0.0051044516763331,Eclat_Gen_Borgelt,40000,sampled,11.64,0.0399,11.58,0.0386,0.2988040640193503,0.4211951860052068
instacart,0.0051044516763331,FPgrowth_Gen_Borgelt,2500,sampled,4.32,0.0102,1.33,0.0093,0.2988040640193503,0.4211951860052068
instacart,0.0051044516763331,FPgrowth_Gen_Borgelt,10000,sampled,6.09,0.0118,6.14,0.0139,0.2988040640193503,0.4211951860052068
instacart,0.0051044516763331,FPgrowth_Gen_Borgelt,40000,sampled,12.25,0.0358,12.21,0.0385,0.2988040640193503,0.4211951860052068
instacart,0.0051044516763331,Gr_growth,2500,sampled,14.33,0.012,14.28,0.0127,0.2988040640193503,0.4211951860052068
instacart,0.0051044516763331,Gr_growth,10000,sampled,15.05,0.0207,15.02,0.0154,0.2988040640193503,0.4211951860052068
instacart,0.0051044516763331,Gr_growth,40000,sampled,17.21,0.0387,17.23,0.0358,0.2988040640193503,0.4211951860052068
instacart,0.0124896158037939,Apriori_Gen_Borgelt,2500,sampled,4.17,0.0099,1.8,0.01,0.277216609014431,0.3926959660020657
instacart,0.0124896158037939,Apriori_Gen_Borgelt,10000,sampled,5.59,0.013,5.59,0.0169,0.277216609014431,0.3926959660020657
instacart,0.0124896158037939,Apriori_Gen_Borgelt,40000,sampled,8.86,0.0349,8.85,0.0338,0.277216609014431,0.3926959660020657
instacart,0.0124896158037939,Eclat_Gen_Borgelt,2500,sampled,1.37,0.0094,0.8,0.01,0.277216609014431,0.3926959660020657
instacart,0.0124896158037939,Eclat_Gen_Borgelt,10000,sampled,5.45,0.0145,6.02,0.0167,0.277216609014431,0.3926959660020657
instacart,0.0124896158037939,Eclat_Gen_Borgelt,40000,sampled,10.33,0.0383,10.42,0.0342,0.277216609014431,0.3926959660020657
instacart,0.0124896158037939,FPgrowth_Gen_Borgelt,2500,sampled,1.4,0.0089,2.54,0.0092,0.277216609014431,0.3926959660020657
instacart,0.0124896158037939,FPgrowth_Gen_Borgelt,10000,sampled,5.49,0.0132,5.46,0.0118,0.277216609014431,0.3926959660020657
instacart,0.0124896158037939,FPgrowth_Gen_Borgelt,40000,sampled,10.47,0.0353,10.51,0.0311,0.277216609014431,0.3926959660020657
instacart,0.0124896158037939,Gr_growth,2500,sampled,14.28,0.0108,14.26,0.0097,0.277216609014431,0.3926959660020657
instacart,0.0124896158037939,Gr_growth,10000,sampled,14.57,0.0159,14.56,0.0135,0.277216609014431,0.3926959660020657
instacart,0.0124896158037939,Gr_growth,40000,sampled,15.5,0.0316,15.52,0.0301,0.277216609014431,0.3926959660020657
chainstore_fim,9.951039984761208e-05,Apriori_Gen_Borgelt,1112949,direct,411.01,2.0356,411.02,2.0984,17.684924500004854,9.304864745994564
chainstore_fim,9.951039984761208e-05,Eclat_Gen_Borgelt,1112949,direct,201.49,1.5478,201.54,1.6483,17.684924500004854,9.304864745994564
chainstore_fim,9.951039984761208e-05,FPgrowth_Gen_Borgelt,1112949,direct,339.84,2.5634,339.82,2.6364,17.684924500004854,9.304864745994564
chainstore_fim,9.951039984761208e-05,Gr_growth,1112949,direct,225.3,11.3771,225.3,9.1604,17.684924500004854,9.304864745994564
chainstore_fim,0.0002244038136518,Apriori_Gen_Borgelt,1112949,direct,197.69,1.2515,197.7,1.2667,12.687368987011723,6.513909732020693
chainstore_fim,0.0002244038136518,Eclat_Gen_Borgelt,1112949,direct,184.26,1.2689,184.26,1.3228,12.687368987011723,6.513909732020693
chainstore_fim,0.0002244038136518,FPgrowth_Gen_Borgelt,1112949,direct,267.4,2.0083,267.41,2.0265,12.687368987011723,6.513909732020693
chainstore_fim,0.0002244038136518,Gr_growth,1112949,direct,190.39,8.0176,190.4,6.3734,12.687368987011723,6.513909732020693
chainstore_fim,0.0005370866050465,Apriori_Gen_Borgelt,18619,sampled,19.07,0.039,19.03,0.0423,2.2881008209951688,1.413307923998218
chainstore_fim,0.0005370866050465,Apriori_Gen_Borgelt,74476,sampled,24.02,0.0859,24.14,0.0809,2.2881008209951688,1.413307923998218
chainstore_fim,0.0005370866050465,Apriori_Gen_Borgelt,297904,sampled,44.05,0.2644,44.0,0.2765,2.2881008209951688,1.413307923998218
chainstore_fim,0.0005370866050465,Eclat_Gen_Borgelt,18619,sampled,8.91,0.026,8.94,0.03,2.2881008209951688,1.413307923998218
chainstore_fim,0.0005370866050465,Eclat_Gen_Borgelt,74476,sampled,17.21,0.0679,17.27,0.0603,2.2881008209951688,1.413307923998218
chainstore_fim,0.0005370866050465,Eclat_Gen_Borgelt,297904,sampled,48.51,0.2305,48.51,0.2562,2.2881008209951688,1.413307923998218
chainstore_fim,0.0005370866050465,FPgrowth_Gen_Borgelt,18619,sampled,9.87,0.0281,9.93,0.0244,2.2881008209951688,1.413307923998218
chainstore_fim,0.0005370866050465,FPgrowth_Gen_Borgelt,74476,sampled,20.61,0.0696,20.52,0.0677,2.2881008209951688,1.413307923998218
chainstore_fim,0.0005370866050465,FPgrowth_Gen_Borgelt,297904,sampled,60.39,0.3241,60.3,0.3376,2.2881008209951688,1.413307923998218
chainstore_fim,0.0005370866050465,Gr_growth,18619,sampled,16.75,0.0351,16.76,0.0333,2.2881008209951688,1.413307923998218
chainstore_fim,0.0005370866050465,Gr_growth,74476,sampled,23.13,0.1032,23.15,0.1158,2.2881008209951688,1.413307923998218
chainstore_fim,0.0005370866050465,Gr_growth,297904,sampled,47.66,0.6235,47.64,0.5637,2.2881008209951688,1.413307923998218
chainstore_fim,0.0015038874198188,Apriori_Gen_Borgelt,6650,sampled,5.13,0.015,5.19,0.016,0.6643467329849955,0.8125427289924119
chainstore_fim,0.0015038874198188,Apriori_Gen_Borgelt,26600,sampled,7.38,0.0242,7.33,0.0221,0.6643467329849955,0.8125427289924119
chainstore_fim,0.0015038874198188,Apriori_Gen_Borgelt,106400,sampled,13.45,0.0682,13.48,0.0697,0.6643467329849955,0.8125427289924119
chainstore_fim,0.0015038874198188,Eclat_Gen_Borgelt,6650,sampled,1.68,0.0151,4.51,0.0129,0.6643467329849955,0.8125427289924119
chainstore_fim,0.0015038874198188,Eclat_Gen_Borgelt,26600,sampled,8.52,0.0243,8.47,0.0237,0.6643467329849955,0.8125427289924119
chainstore_fim,0.0015038874198188,Eclat_Gen_Borgelt,106400,sampled,17.86,0.0742,17.96,0.0649,0.6643467329849955,0.8125427289924119
chainstore_fim,0.0015038874198188,FPgrowth_Gen_Borgelt,6650,sampled,5.46,0.0177,5.02,0.0127,0.6643467329849955,0.8125427289924119
chainstore_fim,0.0015038874198188,FPgrowth_Gen_Borgelt,26600,sampled,8.93,0.0234,8.95,0.0221,0.6643467329849955,0.8125427289924119
chainstore_fim,0.0015038874198188,FPgrowth_Gen_Borgelt,106400,sampled,19.2,0.071,19.11,0.0669,0.6643467329849955,0.8125427289924119
chainstore_fim,0.0015038874198188,Gr_growth,6650,sampled,14.66,0.0146,14.53,0.0166,0.6643467329849955,0.8125427289924119
chainstore_fim,0.0015038874198188,Gr_growth,26600,sampled,15.78,0.0238,15.84,0.0244,0.6643467329849955,0.8125427289924119
chainstore_fim,0.0015038874198188,Gr_growth,106400,sampled,20.18,0.0783,20.19,0.0723,0.6643467329849955,0.8125427289924119
chainstore_fim,0.0033943603884814,Apriori_Gen_Borgelt,2947,sampled,1.11,0.0133,1.37,0.013,0.4308442769979592,0.5453783760021906
chainstore_fim,0.0033943603884814,Apriori_Gen_Borgelt,11788,sampled,5.53,0.0208,5.54,0.0148,0.4308442769979592,0.5453783760021906
chainstore_fim,0.0033943603884814,Apriori_Gen_Borgelt,47152,sampled,8.67,0.0368,8.69,0.0333,0.4308442769979592,0.5453783760021906
chainstore_fim,0.0033943603884814,Eclat_Gen_Borgelt,2947,sampled,2.32,0.0114,2.79,0.0129,0.4308442769979592,0.5453783760021906
chainstore_fim,0.0033943603884814,Eclat_Gen_Borgelt,11788,sampled,5.91,0.0167,6.05,0.0141,0.4308442769979592,0.5453783760021906
chainstore_fim,0.0033943603884814,Eclat_Gen_Borgelt,47152,sampled,10.12,0.0382,10.09,0.0333,0.4308442769979592,0.5453783760021906
chainstore_fim,0.0033943603884814,FPgrowth_Gen_Borgelt,2947,sampled,1.43,0.0134,1.87,0.0118,0.4308442769979592,0.5453783760021906
chainstore_fim,0.0033943603884814,FPgrowth_Gen_Borgelt,11788,sampled,5.25,0.0165,5.44,0.0141,0.4308442769979592,0.5453783760021906
chainstore_fim,0.0033943603884814,FPgrowth_Gen_Borgelt,47152,sampled,10.32,0.033,10.34,0.0335,0.4308442769979592,0.5453783760021906
chainstore_fim,0.0033943603884814,Gr_growth,2947,sampled,14.18,0.0125,14.29,0.016,0.4308442769979592,0.5453783760021906
chainstore_fim,0.0033943603884814,Gr_growth,11788,sampled,14.48,0.0174,14.61,0.0146,0.4308442769979592,0.5453783760021906
chainstore_fim,0.0033943603884814,Gr_growth,47152,sampled,15.64,0.0281,15.64,0.0299,0.4308442769979592,0.5453783760021906
mooc_set,0.0008208638759314,Apriori_Gen_Borgelt,82535,direct,908.26,36.4867,908.31,37.2291,65.13716959400335,37.92533617399749
mooc_set,0.0008208638759314,Eclat_Gen_Borgelt,82535,direct,969.33,9.2618,925.37,10.9349,65.13716959400335,37.92533617399749
mooc_set,0.0008208638759314,FPgrowth_Gen_Borgelt,82535,direct,971.89,8.5101,961.98,9.8321,65.13716959400335,37.92533617399749
mooc_set,0.0008208638759314,Gr_growth,82535,direct,511.8,8.1406,513.23,9.4765,65.13716959400335,37.92533617399749
liquor,0.0002253937196677,Apriori_Gen_Borgelt,52131,direct,21.8,0.1237,21.81,0.1423,0.512683470005868,0.1754275429993868
liquor,0.0002253937196677,Eclat_Gen_Borgelt,52131,direct,27.42,0.1136,26.53,0.139,0.512683470005868,0.1754275429993868
liquor,0.0002253937196677,FPgrowth_Gen_Borgelt,52131,direct,48.98,0.1133,46.14,0.1317,0.512683470005868,0.1754275429993868
liquor,0.0002253937196677,Gr_growth,52131,direct,31.22,0.1343,31.21,0.1629,0.512683470005868,0.1754275429993868
liquor,0.0009543266002954,Apriori_Gen_Borgelt,52131,direct,11.77,0.0627,11.71,0.065,0.2909698720031883,0.4036191380000673
liquor,0.0009543266002954,Eclat_Gen_Borgelt,52131,direct,20.47,0.0668,20.48,0.0724,0.2909698720031883,0.4036191380000673
liquor,0.0009543266002954,FPgrowth_Gen_Borgelt,52131,direct,32.4,0.0666,32.3,0.069,0.2909698720031883,0.4036191380000673
liquor,0.0009543266002954,Gr_growth,52131,direct,28.13,0.086,28.13,0.0891,0.2909698720031883,0.4036191380000673
