dataset,sigma,mode,wall_s,algorithm,memory_lb,why,size
bms1,0.0001803630750645,direct,16.7,Apriori_Gen_Borgelt,3918.0,memory cap,59602
c73d10k,0.015375,direct,69.16,Apriori_Gen_Borgelt,691.21,timeout,10000
c73d10k,0.015375,direct,69.16,Eclat_Gen_Borgelt,3489.81,timeout,10000
c73d10k,0.015375,direct,69.16,FPgrowth_Gen_Borgelt,3602.24,timeout,10000
c73d10k,0.015375,direct,69.16,Gr_growth,2121.34,timeout,10000
c73d10k,0.124675,direct,69.06,Apriori_Gen_Borgelt,389.78,timeout,10000
c73d10k,0.124675,direct,69.06,Eclat_Gen_Borgelt,3466.68,timeout,10000
c73d10k,0.124675,direct,69.06,FPgrowth_Gen_Borgelt,3595.08,timeout,10000
c73d10k,0.124675,direct,69.06,Gr_growth,2085.53,timeout,10000
chess,0.2,direct,60.09,Apriori_Gen_Borgelt,373.62,timeout,3196
connect,0.2,direct,60.07,Apriori_Gen_Borgelt,61.39,timeout,67557
eshop_set,0.0018209439773578,direct,68.24,Apriori_Gen_Borgelt,1714.95,timeout,24026
eshop_set,0.0018209439773578,direct,68.24,Eclat_Gen_Borgelt,3308.07,timeout,24026
eshop_set,0.0018209439773578,direct,68.24,FPgrowth_Gen_Borgelt,3523.94,timeout,24026
eshop_set,0.0018209439773578,direct,68.24,Gr_growth,2032.91,timeout,24026
eshop_set,0.0162636310663447,direct,68.09,Apriori_Gen_Borgelt,292.89,timeout,24026
eshop_set,0.0162636310663447,direct,68.09,Eclat_Gen_Borgelt,3290.61,timeout,24026
eshop_set,0.0162636310663447,direct,68.09,FPgrowth_Gen_Borgelt,3498.07,timeout,24026
eshop_set,0.0162636310663447,direct,68.09,Gr_growth,2020.53,timeout,24026
mooc_set,0.0002998727812443,direct,67.92,Apriori_Gen_Borgelt,2315.55,timeout,82535
mooc_set,0.0002998727812443,direct,67.92,Eclat_Gen_Borgelt,2841.52,timeout,82535
mooc_set,0.0002998727812443,direct,67.92,FPgrowth_Gen_Borgelt,2934.45,timeout,82535
mooc_set,0.0002998727812443,direct,67.92,Gr_growth,2078.48,timeout,82535
pamap,0.00018775,direct,67.98,Apriori_Gen_Borgelt,2045.9,timeout,1000000
pamap,0.00018775,direct,67.98,Eclat_Gen_Borgelt,3153.47,timeout,1000000
pamap,0.00018775,direct,67.98,FPgrowth_Gen_Borgelt,3398.11,timeout,1000000
pamap,0.00018775,direct,67.98,Gr_growth,2046.44,timeout,1000000
pamap,0.04525675,sampled,46.51,Apriori_Gen_Borgelt,431.7,timeout,10000
