dataset,sigma,n,mode,wall_s,algorithm,size,memory_mb,runtime_s
accidents,0.3,340183,sampled,8.62582271201245,Apriori_Gen_Borgelt,2500,5.45,0.2887
accidents,0.3,340183,sampled,8.62582271201245,Apriori_Gen_Borgelt,10000,7.9,1.2361
accidents,0.3,340183,sampled,8.62582271201245,Apriori_Gen_Borgelt,40000,16.47,6.2491
accidents,0.3,340183,sampled,8.62582271201245,Eclat_Gen_Borgelt,2500,15.7,0.0391
accidents,0.3,340183,sampled,8.62582271201245,Eclat_Gen_Borgelt,10000,20.59,0.0769
accidents,0.3,340183,sampled,8.62582271201245,Eclat_Gen_Borgelt,40000,36.43,0.1941
accidents,0.3,340183,sampled,8.62582271201245,FPgrowth_Gen_Borgelt,2500,16.59,0.0277
accidents,0.3,340183,sampled,8.62582271201245,FPgrowth_Gen_Borgelt,10000,21.64,0.0414
accidents,0.3,340183,sampled,8.62582271201245,FPgrowth_Gen_Borgelt,40000,35.98,0.1101
accidents,0.3,340183,sampled,8.62582271201245,Gr_growth,2500,16.2,0.0356
accidents,0.3,340183,sampled,8.62582271201245,Gr_growth,10000,18.37,0.0557
accidents,0.3,340183,sampled,8.62582271201245,Gr_growth,40000,24.54,0.1357
accidents,0.4,340183,sampled,2.839945774001535,Apriori_Gen_Borgelt,2500,4.27,0.1001
accidents,0.4,340183,sampled,2.839945774001535,Apriori_Gen_Borgelt,10000,6.21,0.4137
accidents,0.4,340183,sampled,2.839945774001535,Apriori_Gen_Borgelt,40000,12.63,1.8298
accidents,0.4,340183,sampled,2.839945774001535,Eclat_Gen_Borgelt,2500,11.64,0.0217
accidents,0.4,340183,sampled,2.839945774001535,Eclat_Gen_Borgelt,10000,16.27,0.0422
accidents,0.4,340183,sampled,2.839945774001535,Eclat_Gen_Borgelt,40000,27.45,0.1175
accidents,0.4,340183,sampled,2.839945774001535,FPgrowth_Gen_Borgelt,2500,11.63,0.0161
accidents,0.4,340183,sampled,2.839945774001535,FPgrowth_Gen_Borgelt,10000,15.91,0.028
accidents,0.4,340183,sampled,2.839945774001535,FPgrowth_Gen_Borgelt,40000,23.93,0.069
accidents,0.4,340183,sampled,2.839945774001535,Gr_growth,2500,14.84,0.0174
accidents,0.4,340183,sampled,2.839945774001535,Gr_growth,10000,16.25,0.0291
accidents,0.4,340183,sampled,2.839945774001535,Gr_growth,40000,19.34,0.0665
accidents,0.5,340183,sampled,0.8666285749932285,Apriori_Gen_Borgelt,2500,3.86,0.0334
accidents,0.5,340183,sampled,0.8666285749932285,Apriori_Gen_Borgelt,10000,5.08,0.1177
accidents,0.5,340183,sampled,0.8666285749932285,Apriori_Gen_Borgelt,40000,10.05,0.363
accidents,0.5,340183,sampled,0.8666285749932285,Eclat_Gen_Borgelt,2500,6.93,0.0143
accidents,0.5,340183,sampled,0.8666285749932285,Eclat_Gen_Borgelt,10000,11.8,0.0272
accidents,0.5,340183,sampled,0.8666285749932285,Eclat_Gen_Borgelt,40000,20.86,0.072
accidents,0.5,340183,sampled,0.8666285749932285,FPgrowth_Gen_Borgelt,2500,6.89,0.0128
accidents,0.5,340183,sampled,0.8666285749932285,FPgrowth_Gen_Borgelt,10000,11.08,0.0197
accidents,0.5,340183,sampled,0.8666285749932285,FPgrowth_Gen_Borgelt,40000,18.3,0.0515
accidents,0.5,340183,sampled,0.8666285749932285,Gr_growth,2500,14.36,0.011
accidents,0.5,340183,sampled,0.8666285749932285,Gr_growth,10000,14.9,0.0213
accidents,0.5,340183,sampled,0.8666285749932285,Gr_growth,40000,15.93,0.0405
accidents,0.6,340183,sampled,0.45231663998856675,Apriori_Gen_Borgelt,2500,3.53,0.0194
accidents,0.6,340183,sampled,0.45231663998856675,Apriori_Gen_Borgelt,10000,4.86,0.0363
accidents,0.6,340183,sampled,0.45231663998856675,Apriori_Gen_Borgelt,40000,9.95,0.0956
accidents,0.6,340183,sampled,0.45231663998856675,Eclat_Gen_Borgelt,2500,4.39,0.0099
accidents,0.6,340183,sampled,0.45231663998856675,Eclat_Gen_Borgelt,10000,7.98,0.022
accidents,0.6,340183,sampled,0.45231663998856675,Eclat_Gen_Borgelt,40000,14.67,0.0554
accidents,0.6,340183,sampled,0.45231663998856675,FPgrowth_Gen_Borgelt,2500,4.08,0.0116
accidents,0.6,340183,sampled,0.45231663998856675,FPgrowth_Gen_Borgelt,10000,7.5,0.0158
accidents,0.6,340183,sampled,0.45231663998856675,FPgrowth_Gen_Borgelt,40000,13.54,0.0431
accidents,0.6,340183,sampled,0.45231663998856675,Gr_growth,2500,14.11,0.0115
accidents,0.6,340183,sampled,0.45231663998856675,Gr_growth,10000,14.34,0.018
accidents,0.6,340183,sampled,0.45231663998856675,Gr_growth,40000,14.69,0.0363
accidents,0.7,340183,sampled,0.3187024250073591,Apriori_Gen_Borgelt,2500,2.65,0.0088
accidents,0.7,340183,sampled,0.3187024250073591,Apriori_Gen_Borgelt,10000,4.77,0.0166
accidents,0.7,340183,sampled,0.3187024250073591,Apriori_Gen_Borgelt,40000,9.8,0.0435
accidents,0.7,340183,sampled,0.3187024250073591,Eclat_Gen_Borgelt,2500,3.38,0.0082
accidents,0.7,340183,sampled,0.3187024250073591,Eclat_Gen_Borgelt,10000,4.63,0.0132
accidents,0.7,340183,sampled,0.3187024250073591,Eclat_Gen_Borgelt,40000,10.31,0.0405
accidents,0.7,340183,sampled,0.3187024250073591,FPgrowth_Gen_Borgelt,2500,3.81,0.0089
accidents,0.7,340183,sampled,0.3187024250073591,FPgrowth_Gen_Borgelt,10000,4.66,0.0118
accidents,0.7,340183,sampled,0.3187024250073591,FPgrowth_Gen_Borgelt,40000,10.33,0.0377
accidents,0.7,340183,sampled,0.3187024250073591,Gr_growth,2500,13.98,0.0093
accidents,0.7,340183,sampled,0.3187024250073591,Gr_growth,10000,13.98,0.0129
accidents,0.7,340183,sampled,0.3187024250073591,Gr_growth,40000,14.05,0.03
accidents,0.8,340183,sampled,0.2997921520000091,Apriori_Gen_Borgelt,2500,2.36,0.0087
accidents,0.8,340183,sampled,0.2997921520000091,Apriori_Gen_Borgelt,10000,4.59,0.0119
accidents,0.8,340183,sampled,0.2997921520000091,Apriori_Gen_Borgelt,40000,9.78,0.0345
accidents,0.8,340183,sampled,0.2997921520000091,Eclat_Gen_Borgelt,2500,1.18,0.008
accidents,0.8,340183,sampled,0.2997921520000091,Eclat_Gen_Borgelt,10000,4.89,0.0123
accidents,0.8,340183,sampled,0.2997921520000091,Eclat_Gen_Borgelt,40000,9.8,0.0347
accidents,0.8,340183,sampled,0.2997921520000091,FPgrowth_Gen_Borgelt,2500,1.39,0.0087
accidents,0.8,340183,sampled,0.2997921520000091,FPgrowth_Gen_Borgelt,10000,4.72,0.0151
accidents,0.8,340183,sampled,0.2997921520000091,FPgrowth_Gen_Borgelt,40000,9.89,0.0326
accidents,0.8,340183,sampled,0.2997921520000091,Gr_growth,2500,13.97,0.0082
accidents,0.8,340183,sampled,0.2997921520000091,Gr_growth,10000,13.87,0.0168
accidents,0.8,340183,sampled,0.2997921520000091,Gr_growth,40000,13.98,0.0287
bms1,0.0001803630750645,59602,direct,40.27301048798836,Apriori_Gen_Borgelt,,,
bms1,0.0001803630750645,59602,direct,40.27301048798836,Eclat_Gen_Borgelt,59602,225.53,1.9077
bms1,0.0001803630750645,59602,direct,40.27301048798836,FPgrowth_Gen_Borgelt,59602,241.53,1.6399
bms1,0.0001803630750645,59602,direct,40.27301048798836,Gr_growth,59602,132.86,4.022
bms1,0.0005662561659004,59602,direct,0.6852539350074949,Apriori_Gen_Borgelt,59602,23.44,0.3436
bms1,0.0005662561659004,59602,direct,0.6852539350074949,Eclat_Gen_Borgelt,59602,25.64,0.0998
bms1,0.0005662561659004,59602,direct,0.6852539350074949,FPgrowth_Gen_Borgelt,59602,30.01,0.0808
bms1,0.0005662561659004,59602,direct,0.6852539350074949,Gr_growth,59602,21.75,0.1138
bms1,0.0012709305056877,59602,direct,0.09034699200128671,Apriori_Gen_Borgelt,59602,5.94,0.0219
bms1,0.0012709305056877,59602,direct,0.09034699200128671,Eclat_Gen_Borgelt,59602,9.0,0.0199
bms1,0.0012709305056877,59602,direct,0.09034699200128671,FPgrowth_Gen_Borgelt,59602,10.2,0.0181
bms1,0.0012709305056877,59602,direct,0.09034699200128671,Gr_growth,59602,16.39,0.0236
bms1,0.0038547364182409,59602,direct,0.07741493800131138,Apriori_Gen_Borgelt,59602,5.88,0.0163
bms1,0.0038547364182409,59602,direct,0.07741493800131138,Eclat_Gen_Borgelt,59602,7.41,0.0166
bms1,0.0038547364182409,59602,direct,0.07741493800131138,FPgrowth_Gen_Borgelt,59602,7.77,0.0182
bms1,0.0038547364182409,59602,direct,0.07741493800131138,Gr_growth,59602,15.84,0.0197
bms1,0.009894802187846,59602,direct,0.06456375200650655,Apriori_Gen_Borgelt,59602,6.04,0.0126
bms1,0.009894802187846,59602,direct,0.06456375200650655,Eclat_Gen_Borgelt,59602,6.5,0.0161
bms1,0.009894802187846,59602,direct,0.06456375200650655,FPgrowth_Gen_Borgelt,59602,6.66,0.0145
bms1,0.009894802187846,59602,direct,0.06456375200650655,Gr_growth,59602,14.89,0.015
bms2,0.0001515894313138,77512,direct,1.6735291050135856,Apriori_Gen_Borgelt,77512,58.27,0.5832
bms2,0.0001515894313138,77512,direct,1.6735291050135856,Eclat_Gen_Borgelt,77512,54.49,0.3015
bms2,0.0001515894313138,77512,direct,1.6735291050135856,FPgrowth_Gen_Borgelt,77512,71.01,0.2635
bms2,0.0001515894313138,77512,direct,1.6735291050135856,Gr_growth,77512,37.1,0.3524
bms2,0.0004354164516461,77512,direct,0.5130798109894386,Apriori_Gen_Borgelt,77512,20.87,0.151
bms2,0.0004354164516461,77512,direct,0.5130798109894386,Eclat_Gen_Borgelt,77512,28.04,0.1013
bms2,0.0004354164516461,77512,direct,0.5130798109894386,FPgrowth_Gen_Borgelt,77512,33.57,0.0905
bms2,0.0004354164516461,77512,direct,0.5130798109894386,Gr_growth,77512,27.01,0.1347
bms2,0.0012094901434616,77512,direct,0.24282276700250804,Apriori_Gen_Borgelt,77512,10.75,0.0642
bms2,0.0012094901434616,77512,direct,0.24282276700250804,Eclat_Gen_Borgelt,77512,19.18,0.0492
bms2,0.0012094901434616,77512,direct,0.24282276700250804,FPgrowth_Gen_Borgelt,77512,21.29,0.0466
bms2,0.0012094901434616,77512,direct,0.24282276700250804,Gr_growth,77512,22.02,0.069
bms2,0.0052862782536897,77512,direct,0.1293168240081286,Apriori_Gen_Borgelt,77512,7.82,0.0306
bms2,0.0052862782536897,77512,direct,0.1293168240081286,Eclat_Gen_Borgelt,77512,9.28,0.0335
bms2,0.0052862782536897,77512,direct,0.1293168240081286,FPgrowth_Gen_Borgelt,77512,9.64,0.0251
bms2,0.0052862782536897,77512,direct,0.1293168240081286,Gr_growth,77512,17.24,0.0295
bms2,0.0123819537619981,77512,direct,0.10306315698835533,Apriori_Gen_Borgelt,77512,7.74,0.0222
bms2,0.0123819537619981,77512,direct,0.10306315698835533,Eclat_Gen_Borgelt,77512,8.14,0.0236
bms2,0.0123819537619981,77512,direct,0.10306315698835533,FPgrowth_Gen_Borgelt,77512,7.6,0.0221
bms2,0.0123819537619981,77512,direct,0.10306315698835533,Gr_growth,77512,15.98,0.0258
c20d10k,0.001275,10000,direct,0.9922901359968819,Apriori_Gen_Borgelt,10000,21.77,0.3846
c20d10k,0.001275,10000,direct,0.9922901359968819,Eclat_Gen_Borgelt,10000,40.49,0.1634
c20d10k,0.001275,10000,direct,0.9922901359968819,FPgrowth_Gen_Borgelt,10000,43.0,0.128
c20d10k,0.001275,10000,direct,0.9922901359968819,Gr_growth,10000,28.14,0.1921
c20d10k,0.034375,10000,direct,0.1887100749881938,Apriori_Gen_Borgelt,10000,5.2,0.096
c20d10k,0.034375,10000,direct,0.1887100749881938,Eclat_Gen_Borgelt,10000,15.27,0.028
c20d10k,0.034375,10000,direct,0.1887100749881938,FPgrowth_Gen_Borgelt,10000,15.55,0.0212
c20d10k,0.034375,10000,direct,0.1887100749881938,Gr_growth,10000,15.75,0.0335
c20d10k,0.337575,10000,direct,0.04429596800764557,Apriori_Gen_Borgelt,10000,4.34,0.0094
c20d10k,0.337575,10000,direct,0.04429596800764557,Eclat_Gen_Borgelt,10000,4.93,0.0121
c20d10k,0.337575,10000,direct,0.04429596800764557,FPgrowth_Gen_Borgelt,10000,4.88,0.0117
c20d10k,0.337575,10000,direct,0.04429596800764557,Gr_growth,10000,14.0,0.009
c20d10k,0.946075,10000,direct,0.03591347800102085,Apriori_Gen_Borgelt,10000,4.02,0.0069
c20d10k,0.946075,10000,direct,0.03591347800102085,Eclat_Gen_Borgelt,10000,4.03,0.0068
c20d10k,0.946075,10000,direct,0.03591347800102085,FPgrowth_Gen_Borgelt,10000,4.14,0.0089
c20d10k,0.946075,10000,direct,0.03591347800102085,Gr_growth,10000,13.93,0.0113
c73d10k,0.015375,10000,direct,249.60739787800412,Apriori_Gen_Borgelt,,,
c73d10k,0.015375,10000,direct,249.60739787800412,Eclat_Gen_Borgelt,,,
c73d10k,0.015375,10000,direct,249.60739787800412,FPgrowth_Gen_Borgelt,,,
c73d10k,0.015375,10000,direct,249.60739787800412,Gr_growth,,,
c73d10k,0.124675,10000,direct,249.64237922400935,Apriori_Gen_Borgelt,,,
c73d10k,0.124675,10000,direct,249.64237922400935,Eclat_Gen_Borgelt,,,
c73d10k,0.124675,10000,direct,249.64237922400935,FPgrowth_Gen_Borgelt,,,
c73d10k,0.124675,10000,direct,249.64237922400935,Gr_growth,,,
c73d10k,0.446675,10000,direct,22.918628687999444,Apriori_Gen_Borgelt,10000,63.4,19.8347
c73d10k,0.446675,10000,direct,22.918628687999444,Eclat_Gen_Borgelt,10000,166.5,0.9243
c73d10k,0.446675,10000,direct,22.918628687999444,FPgrowth_Gen_Borgelt,10000,156.11,0.7659
c73d10k,0.446675,10000,direct,22.918628687999444,Gr_growth,10000,93.82,0.9525
c73d10k,0.919975,10000,direct,0.11567590200866107,Apriori_Gen_Borgelt,10000,6.23,0.0285
c73d10k,0.919975,10000,direct,0.11567590200866107,Eclat_Gen_Borgelt,10000,6.26,0.0245
c73d10k,0.919975,10000,direct,0.11567590200866107,FPgrowth_Gen_Borgelt,10000,7.32,0.0316
c73d10k,0.919975,10000,direct,0.11567590200866107,Gr_growth,10000,13.99,0.0284
c73d10k,0.979375,10000,direct,0.0827425010065781,Apriori_Gen_Borgelt,10000,6.11,0.0224
c73d10k,0.979375,10000,direct,0.0827425010065781,Eclat_Gen_Borgelt,10000,6.16,0.0214
c73d10k,0.979375,10000,direct,0.0827425010065781,FPgrowth_Gen_Borgelt,10000,6.2,0.0189
c73d10k,0.979375,10000,direct,0.0827425010065781,Gr_growth,10000,14.02,0.0173
chess,0.2,3196,direct,124.84092539000267,Apriori_Gen_Borgelt,,,
chess,0.2,3196,direct,124.84092539000267,Eclat_Gen_Borgelt,3196,2220.86,22.3849
chess,0.2,3196,direct,124.84092539000267,FPgrowth_Gen_Borgelt,3196,2217.78,20.3021
chess,0.2,3196,direct,124.84092539000267,Gr_growth,3196,1207.35,17.7543
chess,0.3,3196,direct,63.51719649300503,Apriori_Gen_Borgelt,3196,188.52,53.3013
chess,0.3,3196,direct,63.51719649300503,Eclat_Gen_Borgelt,3196,508.0,3.0707
chess,0.3,3196,direct,63.51719649300503,FPgrowth_Gen_Borgelt,3196,501.05,2.6097
chess,0.3,3196,direct,63.51719649300503,Gr_growth,3196,270.87,3.2405
chess,0.4,3196,direct,16.286578032013495,Apriori_Gen_Borgelt,3196,49.23,14.0742
chess,0.4,3196,direct,16.286578032013495,Eclat_Gen_Borgelt,3196,120.98,0.6549
chess,0.4,3196,direct,16.286578032013495,FPgrowth_Gen_Borgelt,3196,118.68,0.5422
chess,0.4,3196,direct,16.286578032013495,Gr_growth,3196,79.57,0.6894
chess,0.5,3196,direct,3.9781806920072995,Apriori_Gen_Borgelt,3196,15.57,3.4524
chess,0.5,3196,direct,3.9781806920072995,Eclat_Gen_Borgelt,3196,42.39,0.1469
chess,0.5,3196,direct,3.9781806920072995,FPgrowth_Gen_Borgelt,3196,42.67,0.121
chess,0.5,3196,direct,3.9781806920072995,Gr_growth,3196,29.0,0.1704
chess,0.6,3196,direct,0.6978835500049172,Apriori_Gen_Borgelt,3196,6.39,0.5386
chess,0.6,3196,direct,0.6978835500049172,Eclat_Gen_Borgelt,3196,20.16,0.0496
chess,0.6,3196,direct,0.6978835500049172,FPgrowth_Gen_Borgelt,3196,20.04,0.0357
chess,0.6,3196,direct,0.6978835500049172,Gr_growth,3196,18.07,0.0506
chess,0.7,3196,direct,0.10543856599542778,Apriori_Gen_Borgelt,3196,3.99,0.0483
chess,0.7,3196,direct,0.10543856599542778,Eclat_Gen_Borgelt,3196,13.23,0.0179
chess,0.7,3196,direct,0.10543856599542778,FPgrowth_Gen_Borgelt,3196,13.25,0.0156
chess,0.7,3196,direct,0.10543856599542778,Gr_growth,3196,14.9,0.017
chess,0.8,3196,direct,0.04216776900284458,Apriori_Gen_Borgelt,3196,3.68,0.011
chess,0.8,3196,direct,0.04216776900284458,Eclat_Gen_Borgelt,3196,7.54,0.0096
chess,0.8,3196,direct,0.04216776900284458,FPgrowth_Gen_Borgelt,3196,7.52,0.0085
chess,0.8,3196,direct,0.04216776900284458,Gr_growth,3196,14.16,0.0108
chess,0.9,3196,direct,0.03264512000896502,Apriori_Gen_Borgelt,3196,1.83,0.0071
chess,0.9,3196,direct,0.03264512000896502,Eclat_Gen_Borgelt,3196,3.38,0.0071
chess,0.9,3196,direct,0.03264512000896502,FPgrowth_Gen_Borgelt,3196,1.39,0.0068
chess,0.9,3196,direct,0.03264512000896502,Gr_growth,3196,13.99,0.0104
chicago,9.29644154754388e-06,2662309,direct,2.010695502991439,Apriori_Gen_Borgelt,2662309,133.09,0.5248
chicago,9.29644154754388e-06,2662309,direct,2.010695502991439,Eclat_Gen_Borgelt,2662309,133.12,0.5196
chicago,9.29644154754388e-06,2662309,direct,2.010695502991439,FPgrowth_Gen_Borgelt,2662309,133.2,0.5066
chicago,9.29644154754388e-06,2662309,direct,2.010695502991439,Gr_growth,2662309,15.6,0.2125
chicago,0.0014940977925552,2662309,sampled,0.4844798239937518,Apriori_Gen_Borgelt,6694,1.32,0.0138
chicago,0.0014940977925552,2662309,sampled,0.4844798239937518,Apriori_Gen_Borgelt,26776,4.21,0.0145
chicago,0.0014940977925552,2662309,sampled,0.4844798239937518,Apriori_Gen_Borgelt,107104,8.11,0.022
chicago,0.0014940977925552,2662309,sampled,0.4844798239937518,Eclat_Gen_Borgelt,6694,2.82,0.0111
chicago,0.0014940977925552,2662309,sampled,0.4844798239937518,Eclat_Gen_Borgelt,26776,4.8,0.0122
chicago,0.0014940977925552,2662309,sampled,0.4844798239937518,Eclat_Gen_Borgelt,107104,8.54,0.0268
chicago,0.0014940977925552,2662309,sampled,0.4844798239937518,FPgrowth_Gen_Borgelt,6694,0.59,0.0109
chicago,0.0014940977925552,2662309,sampled,0.4844798239937518,FPgrowth_Gen_Borgelt,26776,4.47,0.0091
chicago,0.0014940977925552,2662309,sampled,0.4844798239937518,FPgrowth_Gen_Borgelt,107104,8.1,0.0204
chicago,0.0014940977925552,2662309,sampled,0.4844798239937518,Gr_growth,6694,13.76,0.0114
chicago,0.0014940977925552,2662309,sampled,0.4844798239937518,Gr_growth,26776,14.04,0.0112
chicago,0.0014940977925552,2662309,sampled,0.4844798239937518,Gr_growth,107104,14.14,0.0167
chicago,0.0313061894768789,2662309,sampled,0.3831820070045069,Apriori_Gen_Borgelt,2500,1.3,0.013
chicago,0.0313061894768789,2662309,sampled,0.3831820070045069,Apriori_Gen_Borgelt,10000,0.48,0.0088
chicago,0.0313061894768789,2662309,sampled,0.3831820070045069,Apriori_Gen_Borgelt,40000,4.88,0.0109
chicago,0.0313061894768789,2662309,sampled,0.3831820070045069,Eclat_Gen_Borgelt,2500,0.76,0.0092
chicago,0.0313061894768789,2662309,sampled,0.3831820070045069,Eclat_Gen_Borgelt,10000,0.8,0.009
chicago,0.0313061894768789,2662309,sampled,0.3831820070045069,Eclat_Gen_Borgelt,40000,4.73,0.0099
chicago,0.0313061894768789,2662309,sampled,0.3831820070045069,FPgrowth_Gen_Borgelt,2500,1.44,0.009
chicago,0.0313061894768789,2662309,sampled,0.3831820070045069,FPgrowth_Gen_Borgelt,10000,1.46,0.008
chicago,0.0313061894768789,2662309,sampled,0.3831820070045069,FPgrowth_Gen_Borgelt,40000,4.91,0.0133
chicago,0.0313061894768789,2662309,sampled,0.3831820070045069,Gr_growth,2500,13.95,0.0081
chicago,0.0313061894768789,2662309,sampled,0.3831820070045069,Gr_growth,10000,13.7,0.0111
chicago,0.0313061894768789,2662309,sampled,0.3831820070045069,Gr_growth,40000,14.0,0.0169
connect,0.2,67557,direct,62.69031150000228,Apriori_Gen_Borgelt,,,
connect,0.2,67557,direct,62.69031150000228,Eclat_Gen_Borgelt,67557,152.77,0.9291
connect,0.2,67557,direct,62.69031150000228,FPgrowth_Gen_Borgelt,67557,147.01,0.6797
connect,0.2,67557,direct,62.69031150000228,Gr_growth,67557,84.04,0.7784
connect,0.3,67557,direct,25.644372081005713,Apriori_Gen_Borgelt,67557,27.54,24.7369
connect,0.3,67557,direct,25.644372081005713,Eclat_Gen_Borgelt,67557,48.51,0.3117
connect,0.3,67557,direct,25.644372081005713,FPgrowth_Gen_Borgelt,67557,52.41,0.2434
connect,0.3,67557,direct,25.644372081005713,Gr_growth,67557,32.21,0.2388
connect,0.4,67557,direct,7.006570190002094,Apriori_Gen_Borgelt,67557,17.56,6.4439
connect,0.4,67557,direct,7.006570190002094,Eclat_Gen_Borgelt,67557,34.44,0.1956
connect,0.4,67557,direct,7.006570190002094,FPgrowth_Gen_Borgelt,67557,32.52,0.1564
connect,0.4,67557,direct,7.006570190002094,Gr_growth,67557,23.13,0.1446
connect,0.5,67557,direct,1.631261768998229,Apriori_Gen_Borgelt,67557,17.3,1.2185
connect,0.5,67557,direct,1.631261768998229,Eclat_Gen_Borgelt,67557,25.83,0.1371
connect,0.5,67557,direct,1.631261768998229,FPgrowth_Gen_Borgelt,67557,25.59,0.133
connect,0.5,67557,direct,1.631261768998229,Gr_growth,67557,18.82,0.1017
connect,0.6,67557,direct,0.7722804250079207,Apriori_Gen_Borgelt,67557,17.3,0.4483
connect,0.6,67557,direct,0.7722804250079207,Eclat_Gen_Borgelt,67557,25.18,0.1177
connect,0.6,67557,direct,0.7722804250079207,FPgrowth_Gen_Borgelt,67557,25.36,0.1032
connect,0.6,67557,direct,0.7722804250079207,Gr_growth,67557,16.45,0.0765
connect,0.7,67557,direct,0.4042281290021492,Apriori_Gen_Borgelt,67557,17.3,0.1283
connect,0.7,67557,direct,0.4042281290021492,Eclat_Gen_Borgelt,67557,25.13,0.1016
connect,0.7,67557,direct,0.4042281290021492,FPgrowth_Gen_Borgelt,67557,25.19,0.0906
connect,0.7,67557,direct,0.4042281290021492,Gr_growth,67557,15.24,0.0644
connect,0.8,67557,direct,0.32709214600618,Apriori_Gen_Borgelt,67557,17.3,0.0882
connect,0.8,67557,direct,0.32709214600618,Eclat_Gen_Borgelt,67557,24.76,0.0857
connect,0.8,67557,direct,0.32709214600618,FPgrowth_Gen_Borgelt,67557,24.57,0.079
connect,0.8,67557,direct,0.32709214600618,Gr_growth,67557,14.33,0.0601
connect,0.9,67557,direct,0.28789093700470403,Apriori_Gen_Borgelt,67557,17.28,0.0715
connect,0.9,67557,direct,0.28789093700470403,Eclat_Gen_Borgelt,67557,21.07,0.0803
connect,0.9,67557,direct,0.28789093700470403,FPgrowth_Gen_Borgelt,67557,21.13,0.0699
connect,0.9,67557,direct,0.28789093700470403,Gr_growth,67557,14.02,0.0548
kddcup99,2.775e-05,1000000,direct,2.059289903001627,Apriori_Gen_Borgelt,1000000,113.54,0.5253
kddcup99,2.775e-05,1000000,direct,2.059289903001627,Eclat_Gen_Borgelt,1000000,109.7,0.5383
kddcup99,2.775e-05,1000000,direct,2.059289903001627,FPgrowth_Gen_Borgelt,1000000,109.73,0.4996
kddcup99,2.775e-05,1000000,direct,2.059289903001627,Gr_growth,1000000,14.11,0.3604
kddcup99,0.00029375,1000000,direct,1.9964161460084142,Apriori_Gen_Borgelt,1000000,113.59,0.501
kddcup99,0.00029375,1000000,direct,1.9964161460084142,Eclat_Gen_Borgelt,1000000,109.73,0.5465
kddcup99,0.00029375,1000000,direct,1.9964161460084142,FPgrowth_Gen_Borgelt,1000000,109.76,0.4913
kddcup99,0.00029375,1000000,direct,1.9964161460084142,Gr_growth,1000000,14.12,0.3334
kddcup99,0.45114675,1000000,sampled,0.3209623790025944,Apriori_Gen_Borgelt,2500,1.44,0.0122
kddcup99,0.45114675,1000000,sampled,0.3209623790025944,Apriori_Gen_Borgelt,10000,4.1,0.0119
kddcup99,0.45114675,1000000,sampled,0.3209623790025944,Apriori_Gen_Borgelt,40000,7.21,0.0258
kddcup99,0.45114675,1000000,sampled,0.3209623790025944,Eclat_Gen_Borgelt,2500,0.87,0.0095
kddcup99,0.45114675,1000000,sampled,0.3209623790025944,Eclat_Gen_Borgelt,10000,5.08,0.009
kddcup99,0.45114675,1000000,sampled,0.3209623790025944,Eclat_Gen_Borgelt,40000,8.57,0.0246
kddcup99,0.45114675,1000000,sampled,0.3209623790025944,FPgrowth_Gen_Borgelt,2500,0.75,0.0092
kddcup99,0.45114675,1000000,sampled,0.3209623790025944,FPgrowth_Gen_Borgelt,10000,4.56,0.0121
kddcup99,0.45114675,1000000,sampled,0.3209623790025944,FPgrowth_Gen_Borgelt,40000,7.28,0.0215
kddcup99,0.45114675,1000000,sampled,0.3209623790025944,Gr_growth,2500,13.54,0.0101
kddcup99,0.45114675,1000000,sampled,0.3209623790025944,Gr_growth,10000,13.97,0.0153
kddcup99,0.45114675,1000000,sampled,0.3209623790025944,Gr_growth,40000,13.96,0.0268
kddcup99,0.76716775,1000000,sampled,0.3090275939903222,Apriori_Gen_Borgelt,2500,2.33,0.0105
kddcup99,0.76716775,1000000,sampled,0.3090275939903222,Apriori_Gen_Borgelt,10000,3.92,0.0126
kddcup99,0.76716775,1000000,sampled,0.3090275939903222,Apriori_Gen_Borgelt,40000,7.19,0.0213
kddcup99,0.76716775,1000000,sampled,0.3090275939903222,Eclat_Gen_Borgelt,2500,0.79,0.0094
kddcup99,0.76716775,1000000,sampled,0.3090275939903222,Eclat_Gen_Borgelt,10000,3.97,0.0102
kddcup99,0.76716775,1000000,sampled,0.3090275939903222,Eclat_Gen_Borgelt,40000,6.88,0.0229
kddcup99,0.76716775,1000000,sampled,0.3090275939903222,FPgrowth_Gen_Borgelt,2500,0.79,0.0091
kddcup99,0.76716775,1000000,sampled,0.3090275939903222,FPgrowth_Gen_Borgelt,10000,3.86,0.0091
kddcup99,0.76716775,1000000,sampled,0.3090275939903222,FPgrowth_Gen_Borgelt,40000,7.22,0.0222
kddcup99,0.76716775,1000000,sampled,0.3090275939903222,Gr_growth,2500,13.95,0.0117
kddcup99,0.76716775,1000000,sampled,0.3090275939903222,Gr_growth,10000,13.96,0.0113
kddcup99,0.76716775,1000000,sampled,0.3090275939903222,Gr_growth,40000,14.0,0.0222
kosarak,0.0006425150408652,989471,sampled,88.84509085500031,Apriori_Gen_Borgelt,15564,23.01,0.1722
kosarak,0.0006425150408652,989471,sampled,88.84509085500031,Apriori_Gen_Borgelt,62256,106.25,2.7482
kosarak,0.0006425150408652,989471,sampled,88.84509085500031,Eclat_Gen_Borgelt,15564,21.5,0.0785
kosarak,0.0006425150408652,989471,sampled,88.84509085500031,Eclat_Gen_Borgelt,62256,47.61,0.3404
kosarak,0.0006425150408652,989471,sampled,88.84509085500031,FPgrowth_Gen_Borgelt,15564,28.99,0.0701
kosarak,0.0006425150408652,989471,sampled,88.84509085500031,FPgrowth_Gen_Borgelt,62256,74.42,0.3338
kosarak,0.0006425150408652,989471,sampled,88.84509085500031,Gr_growth,15564,21.56,0.1064
kosarak,0.0006425150408652,989471,sampled,88.84509085500031,Gr_growth,62256,43.24,0.4038
kosarak,0.0013246977425311,989471,sampled,1.6607306260120822,Apriori_Gen_Borgelt,7549,7.3,0.0283
kosarak,0.0013246977425311,989471,sampled,1.6607306260120822,Apriori_Gen_Borgelt,30196,10.1,0.0898
kosarak,0.0013246977425311,989471,sampled,1.6607306260120822,Apriori_Gen_Borgelt,120784,19.42,0.606
kosarak,0.0013246977425311,989471,sampled,1.6607306260120822,Eclat_Gen_Borgelt,7549,12.8,0.0235
kosarak,0.0013246977425311,989471,sampled,1.6607306260120822,Eclat_Gen_Borgelt,30196,17.57,0.049
kosarak,0.0013246977425311,989471,sampled,1.6607306260120822,Eclat_Gen_Borgelt,120784,32.2,0.145
kosarak,0.0013246977425311,989471,sampled,1.6607306260120822,FPgrowth_Gen_Borgelt,7549,14.48,0.0268
kosarak,0.0013246977425311,989471,sampled,1.6607306260120822,FPgrowth_Gen_Borgelt,30196,20.87,0.0483
kosarak,0.0013246977425311,989471,sampled,1.6607306260120822,FPgrowth_Gen_Borgelt,120784,43.13,0.1536
kosarak,0.0013246977425311,989471,sampled,1.6607306260120822,Gr_growth,7549,15.77,0.0246
kosarak,0.0013246977425311,989471,sampled,1.6607306260120822,Gr_growth,30196,18.67,0.0471
kosarak,0.0013246977425311,989471,sampled,1.6607306260120822,Gr_growth,120784,29.79,0.1839
kosarak,0.0032752349487756,989471,sampled,0.4171130769973388,Apriori_Gen_Borgelt,3054,2.43,0.0101
kosarak,0.0032752349487756,989471,sampled,0.4171130769973388,Apriori_Gen_Borgelt,12216,5.0,0.0158
kosarak,0.0032752349487756,989471,sampled,0.4171130769973388,Apriori_Gen_Borgelt,48864,8.62,0.0455
kosarak,0.0032752349487756,989471,sampled,0.4171130769973388,Eclat_Gen_Borgelt,3054,6.09,0.0124
kosarak,0.0032752349487756,989471,sampled,0.4171130769973388,Eclat_Gen_Borgelt,12216,8.41,0.0172
kosarak,0.0032752349487756,989471,sampled,0.4171130769973388,Eclat_Gen_Borgelt,48864,14.84,0.0389
kosarak,0.0032752349487756,989471,sampled,0.4171130769973388,FPgrowth_Gen_Borgelt,3054,6.54,0.0086
kosarak,0.0032752349487756,989471,sampled,0.4171130769973388,FPgrowth_Gen_Borgelt,12216,8.68,0.0145
kosarak,0.0032752349487756,989471,sampled,0.4171130769973388,FPgrowth_Gen_Borgelt,48864,15.55,0.0393
kosarak,0.0032752349487756,989471,sampled,0.4171130769973388,Gr_growth,3054,14.47,0.0138
kosarak,0.0032752349487756,989471,sampled,0.4171130769973388,Gr_growth,12216,15.1,0.017
kosarak,0.0032752349487756,989471,sampled,0.4171130769973388,Gr_growth,48864,17.37,0.037
kosarak,0.0126772285392901,989471,sampled,0.335506539006019,Apriori_Gen_Borgelt,2500,1.53,0.0116
kosarak,0.0126772285392901,989471,sampled,0.335506539006019,Apriori_Gen_Borgelt,10000,4.8,0.0141
kosarak,0.0126772285392901,989471,sampled,0.335506539006019,Apriori_Gen_Borgelt,40000,7.79,0.0288
kosarak,0.0126772285392901,989471,sampled,0.335506539006019,Eclat_Gen_Borgelt,2500,1.61,0.0114
kosarak,0.0126772285392901,989471,sampled,0.335506539006019,Eclat_Gen_Borgelt,10000,5.0,0.0162
kosarak,0.0126772285392901,989471,sampled,0.335506539006019,Eclat_Gen_Borgelt,40000,8.83,0.0265
kosarak,0.0126772285392901,989471,sampled,0.335506539006019,FPgrowth_Gen_Borgelt,2500,0.82,0.0108
kosarak,0.0126772285392901,989471,sampled,0.335506539006019,FPgrowth_Gen_Borgelt,10000,4.7,0.0091
kosarak,0.0126772285392901,989471,sampled,0.335506539006019,FPgrowth_Gen_Borgelt,40000,8.57,0.0274
kosarak,0.0126772285392901,989471,sampled,0.335506539006019,Gr_growth,2500,14.2,0.0097
kosarak,0.0126772285392901,989471,sampled,0.335506539006019,Gr_growth,10000,14.39,0.0156
kosarak,0.0126772285392901,989471,sampled,0.335506539006019,Gr_growth,40000,14.79,0.0196
kosarak,0.0600247505990574,989471,sampled,0.29788745399855543,Apriori_Gen_Borgelt,2500,2.23,0.0114
kosarak,0.0600247505990574,989471,sampled,0.29788745399855543,Apriori_Gen_Borgelt,10000,4.42,0.012
kosarak,0.0600247505990574,989471,sampled,0.29788745399855543,Apriori_Gen_Borgelt,40000,7.56,0.0208
kosarak,0.0600247505990574,989471,sampled,0.29788745399855543,Eclat_Gen_Borgelt,2500,1.38,0.0075
kosarak,0.0600247505990574,989471,sampled,0.29788745399855543,Eclat_Gen_Borgelt,10000,4.55,0.0083
kosarak,0.0600247505990574,989471,sampled,0.29788745399855543,Eclat_Gen_Borgelt,40000,7.43,0.0213
kosarak,0.0600247505990574,989471,sampled,0.29788745399855543,FPgrowth_Gen_Borgelt,2500,1.37,0.0072
kosarak,0.0600247505990574,989471,sampled,0.29788745399855543,FPgrowth_Gen_Borgelt,10000,4.59,0.0123
kosarak,0.0600247505990574,989471,sampled,0.29788745399855543,FPgrowth_Gen_Borgelt,40000,7.6,0.0208
kosarak,0.0600247505990574,989471,sampled,0.29788745399855543,Gr_growth,2500,14.17,0.0077
kosarak,0.0600247505990574,989471,sampled,0.29788745399855543,Gr_growth,10000,14.18,0.0135
kosarak,0.0600247505990574,989471,sampled,0.29788745399855543,Gr_growth,40000,14.2,0.0163
mushroom,0.05,8416,direct,0.3096379030030221,Apriori_Gen_Borgelt,8416,6.43,0.2158
mushroom,0.05,8416,direct,0.3096379030030221,Eclat_Gen_Borgelt,8416,15.73,0.0385
mushroom,0.05,8416,direct,0.3096379030030221,FPgrowth_Gen_Borgelt,8416,15.14,0.0245
mushroom,0.05,8416,direct,0.3096379030030221,Gr_growth,8416,15.57,0.0243
mushroom,0.1,8416,direct,0.16464796700165607,Apriori_Gen_Borgelt,8416,5.24,0.1036
mushroom,0.1,8416,direct,0.16464796700165607,Eclat_Gen_Borgelt,8416,11.74,0.0266
mushroom,0.1,8416,direct,0.16464796700165607,FPgrowth_Gen_Borgelt,8416,10.4,0.0136
mushroom,0.1,8416,direct,0.16464796700165607,Gr_growth,8416,14.77,0.0174
mushroom,0.15,8416,direct,0.07867260699276812,Apriori_Gen_Borgelt,8416,4.24,0.0366
mushroom,0.15,8416,direct,0.07867260699276812,Eclat_Gen_Borgelt,8416,7.91,0.0136
mushroom,0.15,8416,direct,0.07867260699276812,FPgrowth_Gen_Borgelt,8416,7.29,0.0106
mushroom,0.15,8416,direct,0.07867260699276812,Gr_growth,8416,14.45,0.0154
mushroom,0.2,8416,direct,0.05885518201102968,Apriori_Gen_Borgelt,8416,4.27,0.0215
mushroom,0.2,8416,direct,0.05885518201102968,Eclat_Gen_Borgelt,8416,6.57,0.0128
mushroom,0.2,8416,direct,0.05885518201102968,FPgrowth_Gen_Borgelt,8416,6.07,0.0095
mushroom,0.2,8416,direct,0.05885518201102968,Gr_growth,8416,14.23,0.0129
mushroom,0.3,8416,direct,0.04044869299104903,Apriori_Gen_Borgelt,8416,4.28,0.0125
mushroom,0.3,8416,direct,0.04044869299104903,Eclat_Gen_Borgelt,8416,3.98,0.0083
mushroom,0.3,8416,direct,0.04044869299104903,FPgrowth_Gen_Borgelt,8416,4.45,0.0075
mushroom,0.3,8416,direct,0.04044869299104903,Gr_growth,8416,14.02,0.0103
mushroom,0.4,8416,direct,0.0416922200092813,Apriori_Gen_Borgelt,8416,4.19,0.008
mushroom,0.4,8416,direct,0.0416922200092813,Eclat_Gen_Borgelt,8416,4.23,0.0086
mushroom,0.4,8416,direct,0.0416922200092813,FPgrowth_Gen_Borgelt,8416,4.06,0.0094
mushroom,0.4,8416,direct,0.0416922200092813,Gr_growth,8416,13.99,0.0138
mushroom,0.5,8416,direct,0.04045602399855852,Apriori_Gen_Borgelt,8416,3.84,0.0105
mushroom,0.5,8416,direct,0.04045602399855852,Eclat_Gen_Borgelt,8416,4.03,0.0084
mushroom,0.5,8416,direct,0.04045602399855852,FPgrowth_Gen_Borgelt,8416,4.07,0.0078
mushroom,0.5,8416,direct,0.04045602399855852,Gr_growth,8416,13.97,0.0119
mushroom,0.6,8416,direct,0.04490552700008266,Apriori_Gen_Borgelt,8416,4.0,0.0116
mushroom,0.6,8416,direct,0.04490552700008266,Eclat_Gen_Borgelt,8416,4.02,0.0109
mushroom,0.6,8416,direct,0.04490552700008266,FPgrowth_Gen_Borgelt,8416,3.81,0.0104
mushroom,0.6,8416,direct,0.04490552700008266,Gr_growth,8416,13.97,0.0101
mushroom,0.7,8416,direct,0.03891458400175907,Apriori_Gen_Borgelt,8416,3.95,0.0087
mushroom,0.7,8416,direct,0.03891458400175907,Eclat_Gen_Borgelt,8416,3.87,0.01
mushroom,0.7,8416,direct,0.03891458400175907,FPgrowth_Gen_Borgelt,8416,3.76,0.0088
mushroom,0.7,8416,direct,0.03891458400175907,Gr_growth,8416,13.96,0.0096
onlineretail,4.024386859220471e-05,540455,direct,0.7010862019960769,Apriori_Gen_Borgelt,540455,36.13,0.1519
onlineretail,4.024386859220471e-05,540455,direct,0.7010862019960769,Eclat_Gen_Borgelt,540455,37.54,0.1543
onlineretail,4.024386859220471e-05,540455,direct,0.7010862019960769,FPgrowth_Gen_Borgelt,540455,38.24,0.148
onlineretail,4.024386859220471e-05,540455,direct,0.7010862019960769,Gr_growth,540455,14.78,0.158
onlineretail,0.0004010509663154,540455,direct,0.6428962520003552,Apriori_Gen_Borgelt,540455,35.99,0.1416
onlineretail,0.0004010509663154,540455,direct,0.6428962520003552,Eclat_Gen_Borgelt,540455,36.11,0.1541
onlineretail,0.0004010509663154,540455,direct,0.6428962520003552,FPgrowth_Gen_Borgelt,540455,36.27,0.1419
onlineretail,0.0004010509663154,540455,direct,0.6428962520003552,Gr_growth,540455,14.46,0.1522
onlineretail,0.0015334301653236,540455,sampled,0.3484742400032701,Apriori_Gen_Borgelt,6522,2.42,0.0104
onlineretail,0.0015334301653236,540455,sampled,0.3484742400032701,Apriori_Gen_Borgelt,26088,4.69,0.0152
onlineretail,0.0015334301653236,540455,sampled,0.3484742400032701,Apriori_Gen_Borgelt,104352,9.32,0.0308
onlineretail,0.0015334301653236,540455,sampled,0.3484742400032701,Eclat_Gen_Borgelt,6522,4.28,0.0092
onlineretail,0.0015334301653236,540455,sampled,0.3484742400032701,Eclat_Gen_Borgelt,26088,5.34,0.0156
onlineretail,0.0015334301653236,540455,sampled,0.3484742400032701,Eclat_Gen_Borgelt,104352,10.46,0.0291
onlineretail,0.0015334301653236,540455,sampled,0.3484742400032701,FPgrowth_Gen_Borgelt,6522,1.09,0.0071
onlineretail,0.0015334301653236,540455,sampled,0.3484742400032701,FPgrowth_Gen_Borgelt,26088,6.0,0.0126
onlineretail,0.0015334301653236,540455,sampled,0.3484742400032701,FPgrowth_Gen_Borgelt,104352,10.4,0.028
onlineretail,0.0015334301653236,540455,sampled,0.3484742400032701,Gr_growth,6522,14.16,0.0122
onlineretail,0.0015334301653236,540455,sampled,0.3484742400032701,Gr_growth,26088,14.23,0.0176
onlineretail,0.0015334301653236,540455,sampled,0.3484742400032701,Gr_growth,104352,14.23,0.0377
onlineretail,0.0058890194373259,540455,sampled,0.20197872999415267,Apriori_Gen_Borgelt,2500,1.21,0.0103
onlineretail,0.0058890194373259,540455,sampled,0.20197872999415267,Apriori_Gen_Borgelt,10000,1.27,0.0066
onlineretail,0.0058890194373259,540455,sampled,0.20197872999415267,Apriori_Gen_Borgelt,40000,5.55,0.0147
onlineretail,0.0058890194373259,540455,sampled,0.20197872999415267,Eclat_Gen_Borgelt,2500,0.75,0.0072
onlineretail,0.0058890194373259,540455,sampled,0.20197872999415267,Eclat_Gen_Borgelt,10000,3.64,0.0072
onlineretail,0.0058890194373259,540455,sampled,0.20197872999415267,Eclat_Gen_Borgelt,40000,5.33,0.0155
onlineretail,0.0058890194373259,540455,sampled,0.20197872999415267,FPgrowth_Gen_Borgelt,2500,1.27,0.0066
onlineretail,0.0058890194373259,540455,sampled,0.20197872999415267,FPgrowth_Gen_Borgelt,10000,4.27,0.0082
onlineretail,0.0058890194373259,540455,sampled,0.20197872999415267,FPgrowth_Gen_Borgelt,40000,5.25,0.0146
onlineretail,0.0058890194373259,540455,sampled,0.20197872999415267,Gr_growth,2500,14.03,0.0076
onlineretail,0.0058890194373259,540455,sampled,0.20197872999415267,Gr_growth,10000,14.08,0.0102
onlineretail,0.0058890194373259,540455,sampled,0.20197872999415267,Gr_growth,40000,14.1,0.0175
onlineretail,0.017636528480632,540455,sampled,0.1928830749966437,Apriori_Gen_Borgelt,2500,1.34,0.0106
onlineretail,0.017636528480632,540455,sampled,0.1928830749966437,Apriori_Gen_Borgelt,10000,3.66,0.0077
onlineretail,0.017636528480632,540455,sampled,0.1928830749966437,Apriori_Gen_Borgelt,40000,5.47,0.0136
onlineretail,0.017636528480632,540455,sampled,0.1928830749966437,Eclat_Gen_Borgelt,2500,1.35,0.0072
onlineretail,0.017636528480632,540455,sampled,0.1928830749966437,Eclat_Gen_Borgelt,10000,1.93,0.0062
onlineretail,0.017636528480632,540455,sampled,0.1928830749966437,Eclat_Gen_Borgelt,40000,5.58,0.0112
onlineretail,0.017636528480632,540455,sampled,0.1928830749966437,FPgrowth_Gen_Borgelt,2500,0.78,0.0068
onlineretail,0.017636528480632,540455,sampled,0.1928830749966437,FPgrowth_Gen_Borgelt,10000,1.05,0.0066
onlineretail,0.017636528480632,540455,sampled,0.1928830749966437,FPgrowth_Gen_Borgelt,40000,5.54,0.0148
onlineretail,0.017636528480632,540455,sampled,0.1928830749966437,Gr_growth,2500,13.02,0.0085
onlineretail,0.017636528480632,540455,sampled,0.1928830749966437,Gr_growth,10000,14.0,0.0097
onlineretail,0.017636528480632,540455,sampled,0.1928830749966437,Gr_growth,40000,14.0,0.0142
pamap,0.00018775,1000000,direct,248.8899102889991,Apriori_Gen_Borgelt,,,
pamap,0.00018775,1000000,direct,248.8899102889991,Eclat_Gen_Borgelt,,,
pamap,0.00018775,1000000,direct,248.8899102889991,FPgrowth_Gen_Borgelt,,,
pamap,0.00018775,1000000,direct,248.8899102889991,Gr_growth,,,
pamap,0.04525675,1000000,sampled,135.9606664590101,Apriori_Gen_Borgelt,2500,398.28,12.7154
pamap,0.04525675,1000000,sampled,135.9606664590101,Eclat_Gen_Borgelt,2500,834.74,6.2948
pamap,0.04525675,1000000,sampled,135.9606664590101,Eclat_Gen_Borgelt,10000,1278.07,11.041
pamap,0.04525675,1000000,sampled,135.9606664590101,Eclat_Gen_Borgelt,40000,1716.41,17.1087
pamap,0.04525675,1000000,sampled,135.9606664590101,FPgrowth_Gen_Borgelt,2500,837.94,5.5383
pamap,0.04525675,1000000,sampled,135.9606664590101,FPgrowth_Gen_Borgelt,10000,1283.54,9.6454
pamap,0.04525675,1000000,sampled,135.9606664590101,FPgrowth_Gen_Borgelt,40000,1713.2,14.8007
pamap,0.04525675,1000000,sampled,135.9606664590101,Gr_growth,2500,462.69,6.3287
pamap,0.04525675,1000000,sampled,135.9606664590101,Gr_growth,10000,703.84,9.9676
pamap,0.04525675,1000000,sampled,135.9606664590101,Gr_growth,40000,929.47,14.1813
pamap,0.63655675,1000000,sampled,0.41531744599342346,Apriori_Gen_Borgelt,2500,3.44,0.012
pamap,0.63655675,1000000,sampled,0.41531744599342346,Apriori_Gen_Borgelt,10000,4.37,0.0208
pamap,0.63655675,1000000,sampled,0.41531744599342346,Apriori_Gen_Borgelt,40000,8.29,0.0396
pamap,0.63655675,1000000,sampled,0.41531744599342346,Eclat_Gen_Borgelt,2500,5.29,0.0125
pamap,0.63655675,1000000,sampled,0.41531744599342346,Eclat_Gen_Borgelt,10000,6.29,0.0179
pamap,0.63655675,1000000,sampled,0.41531744599342346,Eclat_Gen_Borgelt,40000,9.85,0.0368
pamap,0.63655675,1000000,sampled,0.41531744599342346,FPgrowth_Gen_Borgelt,2500,1.13,0.0102
pamap,0.63655675,1000000,sampled,0.41531744599342346,FPgrowth_Gen_Borgelt,10000,5.86,0.0116
pamap,0.63655675,1000000,sampled,0.41531744599342346,FPgrowth_Gen_Borgelt,40000,10.23,0.0287
pamap,0.63655675,1000000,sampled,0.41531744599342346,Gr_growth,2500,14.01,0.0152
pamap,0.63655675,1000000,sampled,0.41531744599342346,Gr_growth,10000,14.07,0.0218
pamap,0.63655675,1000000,sampled,0.41531744599342346,Gr_growth,40000,14.25,0.0362
pamap,0.87309175,1000000,sampled,0.35736947000259534,Apriori_Gen_Borgelt,2500,2.72,0.0114
pamap,0.87309175,1000000,sampled,0.35736947000259534,Apriori_Gen_Borgelt,10000,4.19,0.0137
pamap,0.87309175,1000000,sampled,0.35736947000259534,Apriori_Gen_Borgelt,40000,8.39,0.0286
pamap,0.87309175,1000000,sampled,0.35736947000259534,Eclat_Gen_Borgelt,2500,0.84,0.0093
pamap,0.87309175,1000000,sampled,0.35736947000259534,Eclat_Gen_Borgelt,10000,4.29,0.0138
pamap,0.87309175,1000000,sampled,0.35736947000259534,Eclat_Gen_Borgelt,40000,8.46,0.0281
pamap,0.87309175,1000000,sampled,0.35736947000259534,FPgrowth_Gen_Borgelt,2500,0.74,0.0103
pamap,0.87309175,1000000,sampled,0.35736947000259534,FPgrowth_Gen_Borgelt,10000,4.3,0.0126
pamap,0.87309175,1000000,sampled,0.35736947000259534,FPgrowth_Gen_Borgelt,40000,8.46,0.0254
pamap,0.87309175,1000000,sampled,0.35736947000259534,Gr_growth,2500,13.97,0.0096
pamap,0.87309175,1000000,sampled,0.35736947000259534,Gr_growth,10000,13.98,0.0144
pamap,0.87309175,1000000,sampled,0.35736947000259534,Gr_growth,40000,14.02,0.0258
pumsb,0.6,49046,direct,23.573620722992928,Apriori_Gen_Borgelt,49046,92.87,17.6489
pumsb,0.6,49046,direct,23.573620722992928,Eclat_Gen_Borgelt,49046,272.23,1.8096
pumsb,0.6,49046,direct,23.573620722992928,FPgrowth_Gen_Borgelt,49046,276.44,1.4541
pumsb,0.6,49046,direct,23.573620722992928,Gr_growth,49046,140.36,1.9085
pumsb,0.7,49046,direct,2.9834992910036817,Apriori_Gen_Borgelt,49046,24.38,1.6756
pumsb,0.7,49046,direct,2.9834992910036817,Eclat_Gen_Borgelt,49046,65.7,0.3859
pumsb,0.7,49046,direct,2.9834992910036817,FPgrowth_Gen_Borgelt,49046,60.61,0.2968
pumsb,0.7,49046,direct,2.9834992910036817,Gr_growth,49046,35.77,0.4396
pumsb,0.75,49046,direct,1.0917040450003697,Apriori_Gen_Borgelt,49046,18.73,0.486
pumsb,0.75,49046,direct,1.0917040450003697,Eclat_Gen_Borgelt,49046,32.43,0.1898
pumsb,0.75,49046,direct,1.0917040450003697,FPgrowth_Gen_Borgelt,49046,32.59,0.1512
pumsb,0.75,49046,direct,1.0917040450003697,Gr_growth,49046,24.03,0.1854
pumsb,0.8,49046,direct,0.5781104619964026,Apriori_Gen_Borgelt,49046,18.73,0.2107
pumsb,0.8,49046,direct,0.5781104619964026,Eclat_Gen_Borgelt,49046,26.74,0.1255
pumsb,0.8,49046,direct,0.5781104619964026,FPgrowth_Gen_Borgelt,49046,27.02,0.1126
pumsb,0.8,49046,direct,0.5781104619964026,Gr_growth,49046,16.65,0.0955
pumsb,0.85,49046,direct,0.4070923869876424,Apriori_Gen_Borgelt,49046,18.73,0.1211
pumsb,0.85,49046,direct,0.4070923869876424,Eclat_Gen_Borgelt,49046,25.75,0.103
pumsb,0.85,49046,direct,0.4070923869876424,FPgrowth_Gen_Borgelt,49046,26.06,0.0922
pumsb,0.85,49046,direct,0.4070923869876424,Gr_growth,49046,14.69,0.0705
pumsb,0.9,49046,direct,0.360181565003586,Apriori_Gen_Borgelt,49046,18.75,0.0949
pumsb,0.9,49046,direct,0.360181565003586,Eclat_Gen_Borgelt,49046,20.48,0.0941
pumsb,0.9,49046,direct,0.360181565003586,FPgrowth_Gen_Borgelt,49046,21.3,0.086
pumsb,0.9,49046,direct,0.360181565003586,Gr_growth,49046,14.12,0.0676
pumsb,0.95,49046,direct,0.34927489899564534,Apriori_Gen_Borgelt,49046,18.64,0.0912
pumsb,0.95,49046,direct,0.34927489899564534,Eclat_Gen_Borgelt,49046,18.82,0.0934
pumsb,0.95,49046,direct,0.34927489899564534,FPgrowth_Gen_Borgelt,49046,18.87,0.083
pumsb,0.95,49046,direct,0.34927489899564534,Gr_growth,49046,14.02,0.0648
recordlink,0.0001021893747401,574913,direct,0.8355594869935885,Apriori_Gen_Borgelt,574913,50.66,0.2044
recordlink,0.0001021893747401,574913,direct,0.8355594869935885,Eclat_Gen_Borgelt,574913,56.58,0.2308
recordlink,0.0001021893747401,574913,direct,0.8355594869935885,FPgrowth_Gen_Borgelt,574913,56.37,0.2181
recordlink,0.0001021893747401,574913,direct,0.8355594869935885,Gr_growth,574913,14.33,0.1194
recordlink,0.0439401265930671,574913,sampled,0.23066388900042512,Apriori_Gen_Borgelt,2500,2.6,0.0095
recordlink,0.0439401265930671,574913,sampled,0.23066388900042512,Apriori_Gen_Borgelt,10000,1.84,0.0076
recordlink,0.0439401265930671,574913,sampled,0.23066388900042512,Apriori_Gen_Borgelt,40000,6.27,0.0164
recordlink,0.0439401265930671,574913,sampled,0.23066388900042512,Eclat_Gen_Borgelt,2500,2.86,0.0069
recordlink,0.0439401265930671,574913,sampled,0.23066388900042512,Eclat_Gen_Borgelt,10000,5.56,0.0117
recordlink,0.0439401265930671,574913,sampled,0.23066388900042512,Eclat_Gen_Borgelt,40000,8.21,0.0178
recordlink,0.0439401265930671,574913,sampled,0.23066388900042512,FPgrowth_Gen_Borgelt,2500,2.71,0.0086
recordlink,0.0439401265930671,574913,sampled,0.23066388900042512,FPgrowth_Gen_Borgelt,10000,5.55,0.0082
recordlink,0.0439401265930671,574913,sampled,0.23066388900042512,FPgrowth_Gen_Borgelt,40000,8.39,0.0222
recordlink,0.0439401265930671,574913,sampled,0.23066388900042512,Gr_growth,2500,13.98,0.0098
recordlink,0.0439401265930671,574913,sampled,0.23066388900042512,Gr_growth,10000,13.96,0.0146
recordlink,0.0439401265930671,574913,sampled,0.23066388900042512,Gr_growth,40000,13.98,0.0167
recordlink,0.7772354251860716,574913,sampled,0.19929131600656547,Apriori_Gen_Borgelt,2500,0.7,0.0106
recordlink,0.7772354251860716,574913,sampled,0.19929131600656547,Apriori_Gen_Borgelt,10000,3.55,0.0076
recordlink,0.7772354251860716,574913,sampled,0.19929131600656547,Apriori_Gen_Borgelt,40000,5.91,0.0137
recordlink,0.7772354251860716,574913,sampled,0.19929131600656547,Eclat_Gen_Borgelt,2500,0.8,0.0076
recordlink,0.7772354251860716,574913,sampled,0.19929131600656547,Eclat_Gen_Borgelt,10000,1.46,0.0068
recordlink,0.7772354251860716,574913,sampled,0.19929131600656547,Eclat_Gen_Borgelt,40000,5.87,0.0125
recordlink,0.7772354251860716,574913,sampled,0.19929131600656547,FPgrowth_Gen_Borgelt,2500,1.97,0.007
recordlink,0.7772354251860716,574913,sampled,0.19929131600656547,FPgrowth_Gen_Borgelt,10000,1.4,0.0063
recordlink,0.7772354251860716,574913,sampled,0.19929131600656547,FPgrowth_Gen_Borgelt,40000,6.05,0.0134
recordlink,0.7772354251860716,574913,sampled,0.19929131600656547,Gr_growth,2500,13.41,0.0098
recordlink,0.7772354251860716,574913,sampled,0.19929131600656547,Gr_growth,10000,13.95,0.0096
recordlink,0.7772354251860716,574913,sampled,0.19929131600656547,Gr_growth,40000,13.96,0.0131
retail,0.0005,88162,direct,0.6197688170068432,Apriori_Gen_Borgelt,88162,47.18,0.1573
retail,0.0005,88162,direct,0.6197688170068432,Eclat_Gen_Borgelt,88162,32.19,0.114
retail,0.0005,88162,direct,0.6197688170068432,FPgrowth_Gen_Borgelt,88162,41.76,0.1408
retail,0.0005,88162,direct,0.6197688170068432,Gr_growth,88162,35.67,0.1912
retail,0.001,88162,direct,0.4647625390061876,Apriori_Gen_Borgelt,88162,24.44,0.1028
retail,0.001,88162,direct,0.4647625390061876,Eclat_Gen_Borgelt,88162,28.3,0.0911
retail,0.001,88162,direct,0.4647625390061876,FPgrowth_Gen_Borgelt,88162,34.75,0.1151
retail,0.001,88162,direct,0.4647625390061876,Gr_growth,88162,30.91,0.1423
retail,0.002,88162,direct,0.3811032689991407,Apriori_Gen_Borgelt,88162,16.01,0.0783
retail,0.002,88162,direct,0.3811032689991407,Eclat_Gen_Borgelt,88162,22.83,0.0857
retail,0.002,88162,direct,0.3811032689991407,FPgrowth_Gen_Borgelt,88162,25.88,0.0905
retail,0.002,88162,direct,0.3811032689991407,Gr_growth,88162,25.38,0.1141
retail,0.005,88162,sampled,0.24984749499708414,Apriori_Gen_Borgelt,2500,3.82,0.0098
retail,0.005,88162,sampled,0.24984749499708414,Apriori_Gen_Borgelt,10000,4.9,0.0182
retail,0.005,88162,sampled,0.24984749499708414,Apriori_Gen_Borgelt,40000,7.73,0.0319
retail,0.005,88162,sampled,0.24984749499708414,Eclat_Gen_Borgelt,2500,4.19,0.0078
retail,0.005,88162,sampled,0.24984749499708414,Eclat_Gen_Borgelt,10000,5.55,0.0109
retail,0.005,88162,sampled,0.24984749499708414,Eclat_Gen_Borgelt,40000,10.78,0.0311
retail,0.005,88162,sampled,0.24984749499708414,FPgrowth_Gen_Borgelt,2500,1.11,0.0065
retail,0.005,88162,sampled,0.24984749499708414,FPgrowth_Gen_Borgelt,10000,5.97,0.0147
retail,0.005,88162,sampled,0.24984749499708414,FPgrowth_Gen_Borgelt,40000,10.52,0.0305
retail,0.005,88162,sampled,0.24984749499708414,Gr_growth,2500,14.19,0.0105
retail,0.005,88162,sampled,0.24984749499708414,Gr_growth,10000,14.59,0.0144
retail,0.005,88162,sampled,0.24984749499708414,Gr_growth,40000,16.11,0.0287
retail,0.01,88162,sampled,0.21989323099842295,Apriori_Gen_Borgelt,2500,1.34,0.0084
retail,0.01,88162,sampled,0.21989323099842295,Apriori_Gen_Borgelt,10000,4.85,0.0141
retail,0.01,88162,sampled,0.21989323099842295,Apriori_Gen_Borgelt,40000,7.65,0.0257
retail,0.01,88162,sampled,0.21989323099842295,Eclat_Gen_Borgelt,2500,1.43,0.0064
retail,0.01,88162,sampled,0.21989323099842295,Eclat_Gen_Borgelt,10000,4.66,0.0115
retail,0.01,88162,sampled,0.21989323099842295,Eclat_Gen_Borgelt,40000,9.05,0.0274
retail,0.01,88162,sampled,0.21989323099842295,FPgrowth_Gen_Borgelt,2500,0.72,0.007
retail,0.01,88162,sampled,0.21989323099842295,FPgrowth_Gen_Borgelt,10000,5.04,0.0134
retail,0.01,88162,sampled,0.21989323099842295,FPgrowth_Gen_Borgelt,40000,8.44,0.0265
retail,0.01,88162,sampled,0.21989323099842295,Gr_growth,2500,14.11,0.0103
retail,0.01,88162,sampled,0.21989323099842295,Gr_growth,10000,14.28,0.0109
retail,0.01,88162,sampled,0.21989323099842295,Gr_growth,40000,14.68,0.0253
retail,0.02,88162,sampled,0.2087367250060197,Apriori_Gen_Borgelt,2500,1.35,0.009
retail,0.02,88162,sampled,0.2087367250060197,Apriori_Gen_Borgelt,10000,4.6,0.0093
retail,0.02,88162,sampled,0.2087367250060197,Apriori_Gen_Borgelt,40000,7.75,0.024
retail,0.02,88162,sampled,0.2087367250060197,Eclat_Gen_Borgelt,2500,0.86,0.0072
retail,0.02,88162,sampled,0.2087367250060197,Eclat_Gen_Borgelt,10000,4.66,0.0089
retail,0.02,88162,sampled,0.2087367250060197,Eclat_Gen_Borgelt,40000,7.55,0.0285
retail,0.02,88162,sampled,0.2087367250060197,FPgrowth_Gen_Borgelt,2500,2.53,0.0101
retail,0.02,88162,sampled,0.2087367250060197,FPgrowth_Gen_Borgelt,10000,4.73,0.0102
retail,0.02,88162,sampled,0.2087367250060197,FPgrowth_Gen_Borgelt,40000,7.59,0.0266
retail,0.02,88162,sampled,0.2087367250060197,Gr_growth,2500,14.07,0.0109
retail,0.02,88162,sampled,0.2087367250060197,Gr_growth,10000,14.08,0.0116
retail,0.02,88162,sampled,0.2087367250060197,Gr_growth,40000,14.13,0.0196
retail,0.2,88162,sampled,0.1943268120085122,Apriori_Gen_Borgelt,2500,1.34,0.0076
retail,0.2,88162,sampled,0.1943268120085122,Apriori_Gen_Borgelt,10000,4.91,0.0097
retail,0.2,88162,sampled,0.1943268120085122,Apriori_Gen_Borgelt,40000,7.28,0.0234
retail,0.2,88162,sampled,0.1943268120085122,Eclat_Gen_Borgelt,2500,1.39,0.0071
retail,0.2,88162,sampled,0.1943268120085122,Eclat_Gen_Borgelt,10000,4.75,0.012
retail,0.2,88162,sampled,0.1943268120085122,Eclat_Gen_Borgelt,40000,7.17,0.0219
retail,0.2,88162,sampled,0.1943268120085122,FPgrowth_Gen_Borgelt,2500,1.41,0.006
retail,0.2,88162,sampled,0.1943268120085122,FPgrowth_Gen_Borgelt,10000,4.72,0.0121
retail,0.2,88162,sampled,0.1943268120085122,FPgrowth_Gen_Borgelt,40000,7.65,0.0209
retail,0.2,88162,sampled,0.1943268120085122,Gr_growth,2500,14.12,0.007
retail,0.2,88162,sampled,0.1943268120085122,Gr_growth,10000,14.08,0.0135
retail,0.2,88162,sampled,0.1943268120085122,Gr_growth,40000,14.09,0.0202
retail,0.3,88162,sampled,0.1976974659919506,Apriori_Gen_Borgelt,2500,1.24,0.0086
retail,0.3,88162,sampled,0.1976974659919506,Apriori_Gen_Borgelt,10000,4.63,0.0099
retail,0.3,88162,sampled,0.1976974659919506,Apriori_Gen_Borgelt,40000,7.52,0.0288
retail,0.3,88162,sampled,0.1976974659919506,Eclat_Gen_Borgelt,2500,1.3,0.0069
retail,0.3,88162,sampled,0.1976974659919506,Eclat_Gen_Borgelt,10000,4.71,0.0122
retail,0.3,88162,sampled,0.1976974659919506,Eclat_Gen_Borgelt,40000,7.19,0.0228
retail,0.3,88162,sampled,0.1976974659919506,FPgrowth_Gen_Borgelt,2500,0.84,0.0065
retail,0.3,88162,sampled,0.1976974659919506,FPgrowth_Gen_Borgelt,10000,4.73,0.0125
retail,0.3,88162,sampled,0.1976974659919506,FPgrowth_Gen_Borgelt,40000,7.68,0.021
retail,0.3,88162,sampled,0.1976974659919506,Gr_growth,2500,14.08,0.0095
retail,0.3,88162,sampled,0.1976974659919506,Gr_growth,10000,14.09,0.0099
retail,0.3,88162,sampled,0.1976974659919506,Gr_growth,40000,14.07,0.0167
retail,0.5,88162,sampled,0.18415871199977119,Apriori_Gen_Borgelt,2500,1.87,0.008
retail,0.5,88162,sampled,0.18415871199977119,Apriori_Gen_Borgelt,10000,4.56,0.0088
retail,0.5,88162,sampled,0.18415871199977119,Apriori_Gen_Borgelt,40000,7.21,0.0227
retail,0.5,88162,sampled,0.18415871199977119,Eclat_Gen_Borgelt,2500,2.36,0.0073
retail,0.5,88162,sampled,0.18415871199977119,Eclat_Gen_Borgelt,10000,4.65,0.0128
retail,0.5,88162,sampled,0.18415871199977119,Eclat_Gen_Borgelt,40000,7.36,0.0239
retail,0.5,88162,sampled,0.18415871199977119,FPgrowth_Gen_Borgelt,2500,1.86,0.009
retail,0.5,88162,sampled,0.18415871199977119,FPgrowth_Gen_Borgelt,10000,4.96,0.0091
retail,0.5,88162,sampled,0.18415871199977119,FPgrowth_Gen_Borgelt,40000,7.59,0.0224
retail,0.5,88162,sampled,0.18415871199977119,Gr_growth,2500,0.6,0.0085
retail,0.5,88162,sampled,0.18415871199977119,Gr_growth,10000,0.61,0.0067
retail,0.5,88162,sampled,0.18415871199977119,Gr_growth,40000,4.13,0.0122
retail,0.7,88162,sampled,0.16936552998959087,Apriori_Gen_Borgelt,2500,0.69,0.0087
retail,0.7,88162,sampled,0.16936552998959087,Apriori_Gen_Borgelt,10000,4.55,0.0075
retail,0.7,88162,sampled,0.16936552998959087,Apriori_Gen_Borgelt,40000,7.17,0.0203
retail,0.7,88162,sampled,0.16936552998959087,Eclat_Gen_Borgelt,2500,0.78,0.0067
retail,0.7,88162,sampled,0.16936552998959087,Eclat_Gen_Borgelt,10000,4.59,0.011
retail,0.7,88162,sampled,0.16936552998959087,Eclat_Gen_Borgelt,40000,7.24,0.0206
retail,0.7,88162,sampled,0.16936552998959087,FPgrowth_Gen_Borgelt,2500,2.76,0.0066
retail,0.7,88162,sampled,0.16936552998959087,FPgrowth_Gen_Borgelt,10000,4.66,0.0072
retail,0.7,88162,sampled,0.16936552998959087,FPgrowth_Gen_Borgelt,40000,7.31,0.0221
retail,0.7,88162,sampled,0.16936552998959087,Gr_growth,2500,0.6,0.0068
retail,0.7,88162,sampled,0.16936552998959087,Gr_growth,10000,0.62,0.0064
retail,0.7,88162,sampled,0.16936552998959087,Gr_growth,40000,4.01,0.0116
t10i4d100k,0.001,100000,direct,0.4879380759957712,Apriori_Gen_Borgelt,100000,18.93,0.0616
t10i4d100k,0.001,100000,direct,0.4879380759957712,Eclat_Gen_Borgelt,100000,25.72,0.0725
t10i4d100k,0.001,100000,direct,0.4879380759957712,FPgrowth_Gen_Borgelt,100000,41.08,0.1059
t10i4d100k,0.001,100000,direct,0.4879380759957712,Gr_growth,100000,44.34,0.2058
t10i4d100k,0.002,100000,direct,0.4513632769958349,Apriori_Gen_Borgelt,100000,18.88,0.0623
t10i4d100k,0.002,100000,direct,0.4513632769958349,Eclat_Gen_Borgelt,100000,25.82,0.0732
t10i4d100k,0.002,100000,direct,0.4513632769958349,FPgrowth_Gen_Borgelt,100000,41.08,0.1051
t10i4d100k,0.002,100000,direct,0.4513632769958349,Gr_growth,100000,44.34,0.1983
t10i4d100k,0.005,100000,sampled,0.2902817709982628,Apriori_Gen_Borgelt,2500,2.46,0.0081
t10i4d100k,0.005,100000,sampled,0.2902817709982628,Apriori_Gen_Borgelt,10000,6.13,0.014
t10i4d100k,0.005,100000,sampled,0.2902817709982628,Apriori_Gen_Borgelt,40000,10.36,0.0274
t10i4d100k,0.005,100000,sampled,0.2902817709982628,Eclat_Gen_Borgelt,2500,0.79,0.0087
t10i4d100k,0.005,100000,sampled,0.2902817709982628,Eclat_Gen_Borgelt,10000,5.59,0.0152
t10i4d100k,0.005,100000,sampled,0.2902817709982628,Eclat_Gen_Borgelt,40000,12.07,0.032
t10i4d100k,0.005,100000,sampled,0.2902817709982628,FPgrowth_Gen_Borgelt,2500,1.36,0.0078
t10i4d100k,0.005,100000,sampled,0.2902817709982628,FPgrowth_Gen_Borgelt,10000,7.35,0.012
t10i4d100k,0.005,100000,sampled,0.2902817709982628,FPgrowth_Gen_Borgelt,40000,18.84,0.0393
t10i4d100k,0.005,100000,sampled,0.2902817709982628,Gr_growth,2500,14.82,0.0132
t10i4d100k,0.005,100000,sampled,0.2902817709982628,Gr_growth,10000,17.24,0.0193
t10i4d100k,0.005,100000,sampled,0.2902817709982628,Gr_growth,40000,26.45,0.0567
t10i4d100k,0.01,100000,sampled,0.2811099239916075,Apriori_Gen_Borgelt,2500,4.23,0.0099
t10i4d100k,0.01,100000,sampled,0.2811099239916075,Apriori_Gen_Borgelt,10000,5.64,0.012
t10i4d100k,0.01,100000,sampled,0.2811099239916075,Apriori_Gen_Borgelt,40000,10.33,0.0298
t10i4d100k,0.01,100000,sampled,0.2811099239916075,Eclat_Gen_Borgelt,2500,0.89,0.0065
t10i4d100k,0.01,100000,sampled,0.2811099239916075,Eclat_Gen_Borgelt,10000,5.41,0.0094
t10i4d100k,0.01,100000,sampled,0.2811099239916075,Eclat_Gen_Borgelt,40000,11.95,0.0303
t10i4d100k,0.01,100000,sampled,0.2811099239916075,FPgrowth_Gen_Borgelt,2500,0.86,0.0069
t10i4d100k,0.01,100000,sampled,0.2811099239916075,FPgrowth_Gen_Borgelt,10000,6.74,0.0139
t10i4d100k,0.01,100000,sampled,0.2811099239916075,FPgrowth_Gen_Borgelt,40000,18.68,0.0372
t10i4d100k,0.01,100000,sampled,0.2811099239916075,Gr_growth,2500,14.6,0.0089
t10i4d100k,0.01,100000,sampled,0.2811099239916075,Gr_growth,10000,16.66,0.0173
t10i4d100k,0.01,100000,sampled,0.2811099239916075,Gr_growth,40000,26.2,0.0655
t10i4d100k,0.02,100000,sampled,0.1384792749886401,Apriori_Gen_Borgelt,2500,1.15,0.0088
t10i4d100k,0.02,100000,sampled,0.1384792749886401,Apriori_Gen_Borgelt,10000,1.87,0.0065
t10i4d100k,0.02,100000,sampled,0.1384792749886401,Apriori_Gen_Borgelt,40000,5.67,0.0126
t10i4d100k,0.02,100000,sampled,0.1384792749886401,Eclat_Gen_Borgelt,2500,0.66,0.0067
t10i4d100k,0.02,100000,sampled,0.1384792749886401,Eclat_Gen_Borgelt,10000,1.66,0.006
t10i4d100k,0.02,100000,sampled,0.1384792749886401,Eclat_Gen_Borgelt,40000,5.91,0.0139
t10i4d100k,0.02,100000,sampled,0.1384792749886401,FPgrowth_Gen_Borgelt,2500,1.5,0.0061
t10i4d100k,0.02,100000,sampled,0.1384792749886401,FPgrowth_Gen_Borgelt,10000,3.45,0.0068
t10i4d100k,0.02,100000,sampled,0.1384792749886401,FPgrowth_Gen_Borgelt,40000,5.61,0.014
t10i4d100k,0.02,100000,sampled,0.1384792749886401,Gr_growth,2500,0.62,0.0066
t10i4d100k,0.02,100000,sampled,0.1384792749886401,Gr_growth,10000,0.62,0.0063
t10i4d100k,0.02,100000,sampled,0.1384792749886401,Gr_growth,40000,3.9,0.0088
t10i4d100k,0.05,100000,sampled,0.13391874500666745,Apriori_Gen_Borgelt,2500,1.38,0.0078
t10i4d100k,0.05,100000,sampled,0.13391874500666745,Apriori_Gen_Borgelt,10000,1.82,0.0057
t10i4d100k,0.05,100000,sampled,0.13391874500666745,Apriori_Gen_Borgelt,40000,5.87,0.0131
t10i4d100k,0.05,100000,sampled,0.13391874500666745,Eclat_Gen_Borgelt,2500,1.4,0.0063
t10i4d100k,0.05,100000,sampled,0.13391874500666745,Eclat_Gen_Borgelt,10000,3.7,0.0061
t10i4d100k,0.05,100000,sampled,0.13391874500666745,Eclat_Gen_Borgelt,40000,5.89,0.0153
t10i4d100k,0.05,100000,sampled,0.13391874500666745,FPgrowth_Gen_Borgelt,2500,1.36,0.0068
t10i4d100k,0.05,100000,sampled,0.13391874500666745,FPgrowth_Gen_Borgelt,10000,1.1,0.0058
t10i4d100k,0.05,100000,sampled,0.13391874500666745,FPgrowth_Gen_Borgelt,40000,5.77,0.0111
t10i4d100k,0.05,100000,sampled,0.13391874500666745,Gr_growth,2500,0.9,0.0063
t10i4d100k,0.05,100000,sampled,0.13391874500666745,Gr_growth,10000,0.58,0.0062
t10i4d100k,0.05,100000,sampled,0.13391874500666745,Gr_growth,40000,4.18,0.0107
t10i4d100k,0.2,100000,sampled,0.13636272499570623,Apriori_Gen_Borgelt,2500,0.69,0.0086
t10i4d100k,0.2,100000,sampled,0.13636272499570623,Apriori_Gen_Borgelt,10000,3.53,0.0065
t10i4d100k,0.2,100000,sampled,0.13636272499570623,Apriori_Gen_Borgelt,40000,5.52,0.0137
t10i4d100k,0.2,100000,sampled,0.13636272499570623,Eclat_Gen_Borgelt,2500,0.79,0.0064
t10i4d100k,0.2,100000,sampled,0.13636272499570623,Eclat_Gen_Borgelt,10000,3.34,0.0069
t10i4d100k,0.2,100000,sampled,0.13636272499570623,Eclat_Gen_Borgelt,40000,5.88,0.0129
t10i4d100k,0.2,100000,sampled,0.13636272499570623,FPgrowth_Gen_Borgelt,2500,0.71,0.0067
t10i4d100k,0.2,100000,sampled,0.13636272499570623,FPgrowth_Gen_Borgelt,10000,1.54,0.0055
t10i4d100k,0.2,100000,sampled,0.13636272499570623,FPgrowth_Gen_Borgelt,40000,5.95,0.0139
t10i4d100k,0.2,100000,sampled,0.13636272499570623,Gr_growth,2500,0.79,0.006
t10i4d100k,0.2,100000,sampled,0.13636272499570623,Gr_growth,10000,0.62,0.0061
t10i4d100k,0.2,100000,sampled,0.13636272499570623,Gr_growth,40000,3.85,0.0102
t10i4d100k,0.3,100000,sampled,0.12818237699684687,Apriori_Gen_Borgelt,2500,1.65,0.0078
t10i4d100k,0.3,100000,sampled,0.12818237699684687,Apriori_Gen_Borgelt,10000,2.72,0.0058
t10i4d100k,0.3,100000,sampled,0.12818237699684687,Apriori_Gen_Borgelt,40000,5.57,0.0134
t10i4d100k,0.3,100000,sampled,0.12818237699684687,Eclat_Gen_Borgelt,2500,1.49,0.006
t10i4d100k,0.3,100000,sampled,0.12818237699684687,Eclat_Gen_Borgelt,10000,3.42,0.0069
t10i4d100k,0.3,100000,sampled,0.12818237699684687,Eclat_Gen_Borgelt,40000,5.89,0.0117
t10i4d100k,0.3,100000,sampled,0.12818237699684687,FPgrowth_Gen_Borgelt,2500,0.82,0.0065
t10i4d100k,0.3,100000,sampled,0.12818237699684687,FPgrowth_Gen_Borgelt,10000,3.39,0.007
t10i4d100k,0.3,100000,sampled,0.12818237699684687,FPgrowth_Gen_Borgelt,40000,5.7,0.0114
t10i4d100k,0.3,100000,sampled,0.12818237699684687,Gr_growth,2500,0.78,0.0064
t10i4d100k,0.3,100000,sampled,0.12818237699684687,Gr_growth,10000,1.01,0.0061
t10i4d100k,0.3,100000,sampled,0.12818237699684687,Gr_growth,40000,3.89,0.0069
t10i4d100k,0.5,100000,sampled,0.1470777549984632,Apriori_Gen_Borgelt,2500,2.39,0.0079
t10i4d100k,0.5,100000,sampled,0.1470777549984632,Apriori_Gen_Borgelt,10000,1.84,0.0071
t10i4d100k,0.5,100000,sampled,0.1470777549984632,Apriori_Gen_Borgelt,40000,5.71,0.0132
t10i4d100k,0.5,100000,sampled,0.1470777549984632,Eclat_Gen_Borgelt,2500,0.79,0.0082
t10i4d100k,0.5,100000,sampled,0.1470777549984632,Eclat_Gen_Borgelt,10000,2.45,0.009
t10i4d100k,0.5,100000,sampled,0.1470777549984632,Eclat_Gen_Borgelt,40000,5.89,0.0191
t10i4d100k,0.5,100000,sampled,0.1470777549984632,FPgrowth_Gen_Borgelt,2500,1.48,0.0081
t10i4d100k,0.5,100000,sampled,0.1470777549984632,FPgrowth_Gen_Borgelt,10000,1.39,0.006
t10i4d100k,0.5,100000,sampled,0.1470777549984632,FPgrowth_Gen_Borgelt,40000,5.97,0.0113
t10i4d100k,0.5,100000,sampled,0.1470777549984632,Gr_growth,2500,0.62,0.0065
t10i4d100k,0.5,100000,sampled,0.1470777549984632,Gr_growth,10000,0.77,0.0065
t10i4d100k,0.5,100000,sampled,0.1470777549984632,Gr_growth,40000,3.91,0.0107
t10i4d100k,0.7,100000,sampled,0.13346827399800532,Apriori_Gen_Borgelt,2500,2.67,0.0078
t10i4d100k,0.7,100000,sampled,0.13346827399800532,Apriori_Gen_Borgelt,10000,0.7,0.0067
t10i4d100k,0.7,100000,sampled,0.13346827399800532,Apriori_Gen_Borgelt,40000,5.88,0.0116
t10i4d100k,0.7,100000,sampled,0.13346827399800532,Eclat_Gen_Borgelt,2500,0.61,0.0065
t10i4d100k,0.7,100000,sampled,0.13346827399800532,Eclat_Gen_Borgelt,10000,3.43,0.0069
t10i4d100k,0.7,100000,sampled,0.13346827399800532,Eclat_Gen_Borgelt,40000,5.95,0.0118
t10i4d100k,0.7,100000,sampled,0.13346827399800532,FPgrowth_Gen_Borgelt,2500,0.81,0.0066
t10i4d100k,0.7,100000,sampled,0.13346827399800532,FPgrowth_Gen_Borgelt,10000,0.79,0.0061
t10i4d100k,0.7,100000,sampled,0.13346827399800532,FPgrowth_Gen_Borgelt,40000,5.73,0.0144
t10i4d100k,0.7,100000,sampled,0.13346827399800532,Gr_growth,2500,0.92,0.0065
t10i4d100k,0.7,100000,sampled,0.13346827399800532,Gr_growth,10000,1.0,0.0061
t10i4d100k,0.7,100000,sampled,0.13346827399800532,Gr_growth,40000,4.03,0.0096
