algorithm,category,dataset,param_name,param_value,runtime_s,peak_memory_mb,generator_count,timed_out,error,runtime_s_recorded,peak_memory_mb_recorded,generator_count_recorded,timed_out_recorded,error_recorded,count_matches,peak_source,machine,timestamp
Eclat_Gen_Borgelt,1,chess,minsup,0.9,0.0084,,498,False,,0.0334,1.97,498.0,False,,True,vmhwm,Linux x86_64,20260925_094737
FGC_Stream,5,mushroom,minsup,0.7,0.4118,22.89,13,False,,0.7726,24.43,13.0,False,,True,vmhwm,Linux x86_64,20260925_094738
FGC_Stream,5,t10i4d100k,minsup,0.7,0.6667,98.11,1,False,,0.9011,100.36,1.0,False,,True,vmhwm,Linux x86_64,20260925_094738
FGC_Stream,5,t10i4d100k,minsup,0.5,0.6987,98.13,1,False,,0.9543,100.55,1.0,False,,True,vmhwm,Linux x86_64,20260925_094739
FGC_Stream,5,t10i4d100k,minsup,0.3,0.7099,98.11,1,False,,0.9902,100.55,1.0,False,,True,vmhwm,Linux x86_64,20260925_094739
FGC_Stream,5,retail,minsup,0.7,0.8061,96.22,1,False,,1.0065,99.07,1.0,False,,True,vmhwm,Linux x86_64,20260925_094740
FGC_Stream,5,retail,minsup,0.5,0.8554,96.25,2,False,,1.0799,99.4,2.0,False,,True,vmhwm,Linux x86_64,20260925_094740
FGC_Stream,5,t10i4d100k,minsup,0.05,0.7413,98.11,1,False,,1.1257,100.08,1.0,False,,True,vmhwm,Linux x86_64,20260925_094741
FGC_Stream,5,t10i4d100k,minsup,0.02,0.7699,98.11,1,False,,1.1386,100.06,1.0,False,,True,vmhwm,Linux x86_64,20260925_094741
FGC_Stream,5,t10i4d100k,minsup,0.2,0.6982,98.11,1,False,,2.8963,100.51,1.0,False,,True,vmhwm,Linux x86_64,20260925_094742
HUCI_Miner_Generators,3,chainstore,min_utility,5000.0,1.6632,256.22,,False,SPMF error: java.lang.IndexOutOfBoundsException: Index 0 out of bounds for length 0,1.3382,254.66,,False,SPMF error: java.lang.IndexOutOfBoundsException: Index 0 out of bounds for length 0 (exit 0),,vmhwm,Linux x86_64,20260925_094743
FGC_Stream,5,mushroom,minsup,0.6,1.755,23.25,21,False,,2.9337,24.85,21.0,False,,True,vmhwm,Linux x86_64,20260925_094744
FGC_Stream,5,chess,minsup,0.9,9.7388,16.28,504,False,,17.385,16.99,504.0,False,,True,vmhwm,Linux x86_64,20260925_094753
FGC_Stream,5,mushroom,minsup,0.5,8.3822,23.27,53,False,,18.2721,26.77,53.0,False,,True,vmhwm,Linux x86_64,20260925_094753
DefMe,1,pumsb,minsup,0.6,22.3843,1121.7,2853042,False,,30.4356,1250.42,2853042.0,False,,True,vmhwm,Linux x86_64,20260925_094816
FPgrowth_Gen_Borgelt,1,chess,minsup,0.2,21.8235,2223.58,25031185,False,,32.3714,2230.12,25031185.0,False,,True,vmhwm,Linux x86_64,20260925_094839
Arima,5,chess,maxsup,0.1,67.1115,8230.62,,False,java.lang.OutOfMemoryError: Java heap space,32.1055,4142.8,,False,java.lang.OutOfMemoryError: Java heap space,,vmhwm,Linux x86_64,20260925_094901
Eclat_Gen_Borgelt,1,chess,minsup,0.2,28.9072,2216.16,25031185,False,,35.1677,2231.18,25031185.0,False,,True,vmhwm,Linux x86_64,20260925_094910
Apriori_Gen_Borgelt,1,connect,minsup,0.3,26.3211,27.52,460356,False,,36.6982,39.27,460356.0,False,,True,vmhwm,Linux x86_64,20260925_094927
FGC_Stream,5,mushroom,minsup,0.4,23.4236,23.26,153,False,,37.8483,26.12,153.0,False,,True,vmhwm,Linux x86_64,20260925_094934
Gr_growth,1,chess,minsup,0.2,19.8408,1209.13,25155785,False,,38.465,1204.89,25155785.0,False,,True,vmhwm,Linux x86_64,20260925_094955
Apriori_Gen_Borgelt,1,chess,minsup,0.4,14.8769,49.36,1396842,False,,38.7158,49.52,1396842.0,False,,True,vmhwm,Linux x86_64,20260925_095011
Arima,5,chess,maxsup,0.2,70.5496,8265.13,,False,java.lang.OutOfMemoryError: Java heap space,37.8689,4158.67,,False,java.lang.OutOfMemoryError: Java heap space,,vmhwm,Linux x86_64,20260925_095038
FGC_Stream,5,retail,minsup,0.2,34.3437,96.29,4,False,,39.3975,107.03,4.0,False,,True,vmhwm,Linux x86_64,20260925_095045
FEAT,2,sign,minsup,0.02,34.4259,447.8,56952,False,,41.1021,292.39,56952,False,,True,vmhwm,Linux x86_64,20260925_095120
Pascal,1,retail,minsup,0.005,53.7008,129.27,580,False,,39.7559,122.5,580.0,False,,True,vmhwm,Linux x86_64,20260925_095132
Apriori_Gen_Borgelt,1,pumsb,minsup,0.6,19.2979,92.9,2853041,False,,42.499,107.32,2853041.0,False,,True,vmhwm,Linux x86_64,20260925_095140
FGC_Stream,5,t10i4d100k,minsup,0.01,34.6795,98.96,870,False,,43.3517,104.2,870.0,False,,True,vmhwm,Linux x86_64,20260925_095207
TalkyG_Diffset,1,connect,minsup,0.2,39.8986,877.66,1482862,False,,43.4927,894.25,1482862.0,False,,True,vmhwm,Linux x86_64,20260925_095220
Pascal,1,accidents,minsup,0.6,47.193,408.71,2074,False,,45.6015,442.16,2074.0,False,,True,vmhwm,Linux x86_64,20260925_095255
TalkyG_Diffset,1,chess,minsup,0.4,51.5933,490.89,1396843,False,,47.5354,301.06,1396843.0,False,,True,vmhwm,Linux x86_64,20260925_095312
Zart,1,accidents,minsup,0.6,45.8235,619.23,2075,False,,47.6552,1099.95,2075.0,False,,True,vmhwm,Linux x86_64,20260925_095341
Apriori_Gen_Borgelt,1,accidents,minsup,0.3,32.0856,63.95,149529,False,,50.6374,85.68,149529.0,False,,True,vmhwm,Linux x86_64,20260925_095344
Zart,1,chess,minsup,0.7,44.1872,399.76,23893,False,,50.7196,232.36,23893.0,False,,True,vmhwm,Linux x86_64,20260925_095425
Talky_G,1,chess,minsup,0.4,49.3159,511.64,1396843,False,,55.0255,302.29,1396843.0,False,,True,vmhwm,Linux x86_64,20260925_095434
DefMe,1,chess,minsup,0.2,33.3844,742.77,25031186,False,,56.6424,575.52,25031186.0,False,,True,vmhwm,Linux x86_64,20260925_095509
FEAT,2,sign,minsup,0.015,44.3638,453.19,69710,False,,55.8119,295.89,69710,False,,True,vmhwm,Linux x86_64,20260925_095510
Talky_G,1,connect,minsup,0.2,36.2326,732.58,1482862,False,,60.0091,737.82,1482862.0,False,,True,vmhwm,Linux x86_64,20260925_095546
Zart,1,mushroom,minsup,0.2,44.2896,384.95,1704,False,,59.3,225.14,1704.0,False,,True,vmhwm,Linux x86_64,20260925_095554
Pascal,1,pumsb,minsup,0.85,63.5295,363.17,13789,False,,73.9365,232.33,13789.0,False,,True,vmhwm,Linux x86_64,20260925_095658
DefMe,1,connect,minsup,0.2,39.339,1074.08,1482862,False,,74.2699,792.62,1482862.0,False,,True,vmhwm,Linux x86_64,20260925_095737
Pascal,1,mushroom,minsup,0.1,57.691,273.36,7584,False,,80.3058,217.44,7584.0,False,,True,vmhwm,Linux x86_64,20260925_095756
FGC_Stream,5,retail,minsup,0.3,53.2454,96.27,4,False,,100.6131,114.4,4.0,False,,True,vmhwm,Linux x86_64,20260925_095849
TalkyG_Diffset,1,pumsb,minsup,0.6,122.1556,1076.15,2853042,False,,113.5917,1055.95,2853042.0,False,,True,vmhwm,Linux x86_64,20260925_100052
Arima,5,connect,maxsup,0.3,209.9342,8270.09,,False,java.lang.OutOfMemoryError: Java heap space,90.0621,4160.74,,False,java.lang.OutOfMemoryError: Java heap space,,vmhwm,Linux x86_64,20260925_100107
FGC_Stream,5,mushroom,minsup,0.3,69.8936,23.66,544,False,,113.8872,27.91,544.0,False,,True,vmhwm,Linux x86_64,20260925_100202
Talky_G,1,pumsb,minsup,0.6,129.5294,1400.69,2853042,False,,118.7432,1054.15,2853042.0,False,,True,vmhwm,Linux x86_64,20260925_100317
Pascal,1,accidents,minsup,0.5,138.517,410.84,8057,False,,125.2706,422.26,8057.0,False,,True,vmhwm,Linux x86_64,20260925_100421
Zart,1,pumsb,minsup,0.85,107.8816,842.21,13790,False,,128.6659,630.79,13790.0,False,,True,vmhwm,Linux x86_64,20260925_100506
Arima,5,accidents,maxsup,0.2,134.2372,560.31,19187,False,,129.6717,455.89,19187.0,False,,True,vmhwm,Linux x86_64,20260925_100635
Zart,1,connect,minsup,0.9,130.6938,418.37,3487,False,,149.7569,368.34,3487.0,False,,True,vmhwm,Linux x86_64,20260925_100717
Apriori_Gen_Borgelt,1,chess,minsup,0.3,55.4055,188.48,5601828,False,,160.1858,185.14,5601828.0,False,,True,vmhwm,Linux x86_64,20260925_100731
Pascal,1,connect,minsup,0.8,124.7782,347.39,15107,False,,170.0494,235.79,15107.0,False,,True,vmhwm,Linux x86_64,20260925_100922
Zart,1,accidents,minsup,0.5,212.8178,859.54,8058,False,,202.0631,1013.59,8058.0,False,,True,vmhwm,Linux x86_64,20260925_101105
Zart,1,mushroom,minsup,0.15,126.5752,418.91,3083,False,,205.5136,247.87,3083.0,False,,True,vmhwm,Linux x86_64,20260925_101128
FGC_Stream,5,retail,minsup,0.02,98.5938,101.11,56,False,,228.2839,138.22,56.0,False,,True,vmhwm,Linux x86_64,20260925_101243
FGC_Stream,5,t10i4d100k,minsup,0.005,169.6082,98.98,871,False,,228.9117,112.44,871.0,False,,True,vmhwm,Linux x86_64,20260925_101418
Apriori_Gen_Borgelt,1,connect,minsup,0.2,145.698,73.83,1482861,False,,245.6209,79.59,1482861.0,False,,True,vmhwm,Linux x86_64,20260925_101510
FGC_Stream,5,mushroom,minsup,0.2,134.1415,24.63,1704,False,,277.3621,31.2,1704.0,False,,True,vmhwm,Linux x86_64,20260925_101724
FGC_Stream,5,t10i4d100k,minsup,0.002,201.3183,98.96,871,False,,275.5646,112.42,871.0,False,,True,vmhwm,Linux x86_64,20260925_101740
FGC_Stream,5,t10i4d100k,minsup,0.001,218.4696,98.96,871,False,,282.4585,112.42,871.0,False,,True,vmhwm,Linux x86_64,20260925_102103
Pascal,1,pumsb,minsup,0.8,247.1454,363.95,67835,False,,343.882,233.84,67835.0,False,,True,vmhwm,Linux x86_64,20260925_102147
FGC_Stream,5,chess,minsup,0.8,187.0577,23.67,5084,False,,346.2335,23.79,5084.0,False,,True,vmhwm,Linux x86_64,20260925_102410
FGC_Stream,5,mushroom,minsup,0.15,233.2462,26.47,3084,False,,369.2222,31.43,3084.0,False,,True,vmhwm,Linux x86_64,20260925_102541
FGC_Stream,5,retail,minsup,0.01,179.3822,101.72,160,False,,412.253,132.14,160.0,False,,True,vmhwm,Linux x86_64,20260925_102710
Arima,5,connect,maxsup,0.2,394.5635,8258.57,,False,java.lang.OutOfMemoryError: Java heap space,416.5369,4147.82,,False,java.lang.OutOfMemoryError: Java heap space,,vmhwm,Linux x86_64,20260925_103216
FGC_Stream,5,mushroom,minsup,0.1,413.828,30.93,7585,False,,664.7174,38.54,7585.0,False,,True,vmhwm,Linux x86_64,20260925_104050
Apriori_Gen_Borgelt,1,chess,minsup,0.2,233.4849,848.81,25031185,False,,725.3446,866.41,25031185.0,False,,True,vmhwm,Linux x86_64,20260925_104739
Zart,1,t10i4d100k,minsup,0.005,550.0992,1307.9,871,False,,679.5518,1187.03,871.0,False,,True,vmhwm,Linux x86_64,20260925_105001
Zart,1,t10i4d100k,minsup,0.01,554.432,1311.42,870,False,,738.5711,1138.68,870.0,False,,True,vmhwm,Linux x86_64,20260925_105916
Pascal,1,t10i4d100k,minsup,0.01,969.3234,165.66,869,False,,726.2323,153.86,869.0,False,,True,vmhwm,Linux x86_64,20260925_110349
Zart,1,t10i4d100k,minsup,0.001,719.7062,1291.53,871,False,,748.0323,1233.13,871.0,False,,True,vmhwm,Linux x86_64,20260925_111116
Zart,1,t10i4d100k,minsup,0.002,545.852,1450.12,871,False,,760.5744,1231.21,871.0,False,,True,vmhwm,Linux x86_64,20260925_111255
Zart,1,retail,minsup,0.002,579.5006,1661.21,2692,False,,778.5503,1237.74,2692.0,False,,True,vmhwm,Linux x86_64,20260925_112055
Pascal,1,t10i4d100k,minsup,0.005,995.6832,155.71,870,False,,788.3122,154.07,870.0,False,,True,vmhwm,Linux x86_64,20260925_112931
Talky_G,1,chess,minsup,0.3,994.1657,871.21,5601874,False,,831.0637,823.38,5601874.0,False,,True,vmhwm,Linux x86_64,20260925_113730
TalkyG_Diffset,1,chess,minsup,0.3,946.3379,912.7,5601874,False,,833.9739,884.35,5601874.0,False,,True,vmhwm,Linux x86_64,20260925_114518
Pascal,1,t10i4d100k,minsup,0.002,975.784,159.95,870,False,,864.2449,154.89,870.0,False,,True,vmhwm,Linux x86_64,20260925_115346
Zart,1,accidents,minsup,0.4,908.8655,864.61,32529,False,,929.1072,1011.62,32529.0,False,,True,vmhwm,Linux x86_64,20260925_120027
FGC_Stream,5,retail,minsup,0.005,452.5109,103.0,581,False,,1236.6719,139.99,581.0,False,,True,vmhwm,Linux x86_64,20260925_122008
FGC_Stream,5,mushroom,minsup,0.05,884.4065,44.75,21391,False,,1319.0059,54.23,21391.0,False,,True,vmhwm,Linux x86_64,20260925_123526
FGC_Stream,5,chess,minsup,0.7,911.3875,56.66,23992,False,,1466.8597,56.39,23992.0,False,,True,vmhwm,Linux x86_64,20260925_125045
Zart,1,pumsb,minsup,0.8,1079.0713,964.1,67836,False,,1350.3785,648.07,67836.0,False,,True,vmhwm,Linux x86_64,20260925_125326
FGC_Stream,5,pumsb,minsup,0.95,936.4791,346.87,142,False,,1819.4529,381.1,142.0,False,,True,vmhwm,Linux x86_64,20260925_130902
Zart,1,chess,minsup,0.6,1330.0085,515.32,98419,False,,1991.7023,304.95,98419.0,False,,True,vmhwm,Linux x86_64,20260925_133113
Zart,1,connect,minsup,0.8,3600.1262,485.34,,True,,1741.4468,380.66,,False,"non-zero exit code -1 (4294967295 unsigned), no error text",,vmhwm,Linux x86_64,20260925_135046
FGC_Stream,5,retail,minsup,0.002,998.0178,105.67,2716,False,,2708.7112,153.53,2716.0,False,,True,vmhwm,Linux x86_64,20260925_140724
Arima,5,chess,maxsup,0.3,67.7226,7234.66,180161,False,,66.5203,4141.83,nan,False,java.lang.OutOfMemoryError: Java heap space,,vmhwm,Linux x86_64,20260925_144846
Pascal,1,chess,minsup,0.5,441.1246,419.19,372603,False,,532.7063,285.55,372603.0,False,,True,vmhwm,Linux x86_64,20260925_145459
Pascal,1,accidents,minsup,0.4,701.2038,425.86,32528,False,,578.7154,436.0,32528.0,False,,True,vmhwm,Linux x86_64,20260925_150027
Pascal,1,retail,minsup,0.002,1162.8797,194.34,2691,False,,975.9776,182.52,2691.0,False,,True,vmhwm,Linux x86_64,20260925_151423
Pascal,1,pumsb,minsup,0.75,1237.6079,389.08,248298,False,,1236.6243,236.86,248298.0,False,,True,vmhwm,Linux x86_64,20260925_152105
Pascal,1,t10i4d100k,minsup,0.001,954.0731,155.15,870,False,,1250.9229,155.35,870.0,False,,True,vmhwm,Linux x86_64,20260925_153017
Pascal,1,accidents,minsup,0.3,2867.3672,465.76,149529,False,,2285.2093,440.48,149529.0,False,,True,vmhwm,Linux x86_64,20260925_160853
Pascal,1,retail,minsup,0.001,3519.7285,442.03,7572,False,,3201.5593,332.64,7572.0,False,,True,vmhwm,Linux x86_64,20260925_162857
Zart,1,connect,minsup,0.2,3600.1313,551.76,,True,,3600.0292,386.79,0.0,True,,,vmhwm,Linux x86_64,20260925_170854
Zart,1,chess,minsup,0.4,3600.1294,519.06,,True,,3600.0305,296.23,0.0,True,,,vmhwm,Linux x86_64,20260925_172857
TalkyG_Diffset,1,chess,minsup,0.2,3600.1187,1581.16,,True,,3600.0308,1565.85,9971749.0,True,,,vmhwm,Linux x86_64,20260925_180855
Zart,1,connect,minsup,0.5,3600.1279,481.43,,True,,3600.0311,291.21,0.0,True,,,vmhwm,Linux x86_64,20260925_182858
Zart,1,connect,minsup,0.3,3600.1297,548.79,,True,,3600.0313,528.1,0.0,True,,,vmhwm,Linux x86_64,20260925_190855
Zart,1,connect,minsup,0.7,3600.131,501.77,,True,,3600.0315,410.3,0.0,True,,,vmhwm,Linux x86_64,20260925_192858
Zart,1,chess,minsup,0.3,3600.1341,617.25,,True,,3600.0318,421.39,0.0,True,,,vmhwm,Linux x86_64,20260925_200855
Zart,1,connect,minsup,0.6,3600.1337,675.45,,True,,3600.0335,390.67,0.0,True,,,vmhwm,Linux x86_64,20260925_202859
Arima,5,connect,maxsup,0.1,3600.2003,2858.83,,True,,3600.0336,2696.6,32591.0,True,,,vmhwm,Linux x86_64,20260925_210856
Zart,1,mushroom,minsup,0.05,3600.0642,581.59,,True,,3600.0341,308.48,0.0,True,,,vmhwm,Linux x86_64,20260925_212859
Pascal,1,chess,minsup,0.3,3600.0519,768.73,,True,,3600.0345,620.0,1555523.0,True,,,vmhwm,Linux x86_64,20260925_220856
Pascal,1,connect,minsup,0.2,3600.0901,1050.15,,True,,3600.0352,960.12,821318.0,True,,,vmhwm,Linux x86_64,20260925_222900
Pascal,1,connect,minsup,0.4,3600.1424,691.35,,True,,3600.036,507.23,175958.0,True,,,vmhwm,Linux x86_64,20260925_230857
Pascal,1,connect,minsup,0.5,3600.1394,733.87,,True,,3600.0373,789.32,128159.0,True,,,vmhwm,Linux x86_64,20260925_232900
Zart,1,retail,minsup,0.001,3600.1833,2215.16,,True,,3600.0393,1781.17,0.0,True,,,vmhwm,Linux x86_64,20260926_000857
Pascal,1,pumsb,minsup,0.6,3600.0766,599.46,,True,,3600.0394,411.3,713581.0,True,,,vmhwm,Linux x86_64,20260926_002901
Zart,1,connect,minsup,0.4,3600.1323,515.62,,True,,3600.0397,457.18,0.0,True,,,vmhwm,Linux x86_64,20260926_010858
Pascal,1,connect,minsup,0.3,3600.1463,818.22,,True,,3600.0398,585.13,303721.0,True,,,vmhwm,Linux x86_64,20260926_012901
Zart,1,pumsb,minsup,0.6,3600.1417,1475.64,,True,,3600.0399,844.18,0.0,True,,,vmhwm,Linux x86_64,20260926_020858
Zart,1,retail,minsup,0.0005,3600.2428,4262.69,,True,,3600.0399,4102.85,0.0,True,,,vmhwm,Linux x86_64,20260926_022902
Zart,1,chess,minsup,0.2,3600.1367,546.62,,True,,3600.04,411.03,0.0,True,,,vmhwm,Linux x86_64,20260926_030859
Pascal,1,chess,minsup,0.2,3600.1119,731.03,,True,,3600.04,638.04,1459438.0,True,,,vmhwm,Linux x86_64,20260926_032903
Pascal,1,pumsb,minsup,0.7,3600.1416,827.57,,True,,3600.0408,467.75,514996.0,True,,,vmhwm,Linux x86_64,20260926_040859
Zart,1,chess,minsup,0.5,3600.0631,565.08,,True,,3600.0415,309.16,0.0,True,,,vmhwm,Linux x86_64,20260926_042903
Arima,5,pumsb,maxsup,0.3,3600.2003,2905.93,,True,,3600.0423,2782.0,70112.0,True,,,vmhwm,Linux x86_64,20260926_050900
Zart,1,accidents,minsup,0.3,3600.1433,914.04,,True,,3600.0426,1029.57,0.0,True,,,vmhwm,Linux x86_64,20260926_052903
Pascal,1,retail,minsup,0.0005,3600.0824,690.33,,True,,3600.0427,683.35,3610.0,True,,,vmhwm,Linux x86_64,20260926_060900
Pascal,1,chess,minsup,0.4,3600.1363,550.2,,True,,3600.0438,512.48,920370.0,True,,,vmhwm,Linux x86_64,20260926_062904
Pascal,1,mushroom,minsup,0.05,3600.0837,545.44,,True,,3600.0442,477.62,21390.0,True,,,vmhwm,Linux x86_64,20260926_070901
Zart,1,pumsb,minsup,0.7,3600.1603,1088.16,,True,,3600.0448,846.96,0.0,True,,,vmhwm,Linux x86_64,20260926_072904
Pascal,1,connect,minsup,0.7,3600.1371,566.24,,True,,3600.0453,712.48,35875.0,True,,,vmhwm,Linux x86_64,20260926_080901
Pascal,1,connect,minsup,0.6,3600.1418,785.24,,True,,3600.0455,785.89,68343.0,True,,,vmhwm,Linux x86_64,20260926_082905
Arima,5,pumsb,maxsup,0.2,3600.1685,1561.83,,True,,3600.0458,1517.08,38277.0,True,,,vmhwm,Linux x86_64,20260926_090902
Zart,1,pumsb,minsup,0.75,3600.0987,1090.66,,True,,3600.0465,790.06,0.0,True,,,vmhwm,Linux x86_64,20260928_103155
Talky_G,1,chess,minsup,0.2,3600.1471,1351.99,,True,,3600.0473,1443.57,9744841.0,True,,,vmhwm,Linux x86_64,20260928_103155
Arima,5,accidents,maxsup,0.1,3600.0368,707.79,,True,,3600.048,699.35,46658.0,True,,,vmhwm,Linux x86_64,20260928_113155
Arima,5,pumsb,maxsup,0.1,3600.1832,3367.45,,True,,3600.0489,3376.21,73241.0,True,,,vmhwm,Linux x86_64,20260928_113156
Zart,1,mushroom,minsup,0.1,3600.1033,550.93,,True,,3600.0511,285.1,0.0,True,,,vmhwm,Linux x86_64,20260928_123155
FGC_Stream,5,connect,minsup,0.4,3600.0409,124.68,,True,,3600.052,129.23,0.0,True,,,vmhwm,Linux x86_64,20260928_123156
FGC_Stream,5,retail,minsup,0.0005,2925.0589,124.59,19699,False,,3600.055,140.53,0.0,True,,,vmhwm,Linux x86_64,20260928_132041
FGC_Stream,5,connect,minsup,0.2,3600.1129,72.45,,True,,3600.0534,74.14,0.0,True,,,vmhwm,Linux x86_64,20260928_133156
FGC_Stream,5,chess,minsup,0.4,3600.0345,329.84,,True,,3600.0588,265.94,0.0,True,,,vmhwm,Linux x86_64,20260928_142042
FGC_Stream,5,connect,minsup,0.6,3600.0899,180.25,,True,,3600.0617,188.03,0.0,True,,,vmhwm,Linux x86_64,20260928_143156
FGC_Stream,5,connect,minsup,0.8,3600.0217,236.2,,True,,3600.0637,246.66,0.0,True,,,vmhwm,Linux x86_64,20260928_152042
FGC_Stream,5,connect,minsup,0.9,3600.0689,265.21,,True,,3600.0643,277.25,0.0,True,,,vmhwm,Linux x86_64,20260928_153156
FGC_Stream,5,pumsb,minsup,0.6,3600.1182,230.55,,True,,3600.0675,248.88,0.0,True,,,vmhwm,Linux x86_64,20260928_162043
FGC_Stream,5,pumsb,minsup,0.75,3600.0542,283.45,,True,,3600.0695,307.68,0.0,True,,,vmhwm,Linux x86_64,20260928_163157
FGC_Stream,5,pumsb,minsup,0.8,3600.09,300.81,,True,,3600.0699,326.27,0.0,True,,,vmhwm,Linux x86_64,20260928_172043
FGC_Stream,5,pumsb,minsup,0.9,3600.0245,335.96,,True,,3600.0821,364.42,0.0,True,,,vmhwm,Linux x86_64,20260928_173157
FGC_Stream,5,accidents,minsup,0.3,3600.0357,410.36,,True,,3600.086,431.31,0.0,True,,,vmhwm,Linux x86_64,20260928_182043
FGC_Stream,5,pumsb,minsup,0.85,3600.0751,318.5,,True,,3600.0879,345.75,0.0,True,,,vmhwm,Linux x86_64,20260928_183158
FGC_Stream,5,retail,minsup,0.001,1663.3835,111.25,7696,False,,3600.0983,98.16,0.0,True,,,vmhwm,Linux x86_64,20260928_185941
FGC_Stream,5,accidents,minsup,0.5,3600.0846,656.46,,True,,3600.0897,694.3,0.0,True,,,vmhwm,Linux x86_64,20260928_192044
FGC_Stream,5,accidents,minsup,0.4,3600.041,534.01,,True,,3600.1012,564.42,0.0,True,,,vmhwm,Linux x86_64,20260928_195942
FGC_Stream,5,chess,minsup,0.6,3503.2678,195.66,98419,False,,3600.1108,119.54,0.0,True,,,vmhwm,Linux x86_64,20260928_201907
FGC_Stream,5,accidents,minsup,0.6,3600.0602,778.32,,True,,3600.1153,822.18,0.0,True,,,vmhwm,Linux x86_64,20260928_205942
FGC_Stream,5,connect,minsup,0.3,3600.0319,98.11,,True,,3601.9887,101.34,0.0,True,,,vmhwm,Linux x86_64,20260928_211908
FGC_Stream,5,connect,minsup,0.5,3600.0802,152.23,,True,,3602.0551,159.03,0.0,True,,,vmhwm,Linux x86_64,20260928_215942
FGC_Stream,5,chess,minsup,0.5,3600.0493,389.12,,True,,3602.3178,259.65,0.0,True,,,vmhwm,Linux x86_64,20260928_221908
FGC_Stream,5,connect,minsup,0.7,3600.0995,208.75,,True,,3604.8342,217.53,0.0,True,,,vmhwm,Linux x86_64,20260928_225943
FGC_Stream,5,pumsb,minsup,0.7,3600.1208,265.99,,True,,3605.3658,288.67,0.0,True,,,vmhwm,Linux x86_64,20260928_231908
FGC_Stream,5,accidents,minsup,0.7,3600.0361,899.75,,True,,3605.695,953.23,0.0,True,,,vmhwm,Linux x86_64,20260928_235943
FGC_Stream,5,accidents,minsup,0.8,3600.1078,1021.07,,True,,3605.7864,1045.43,0.0,True,,,vmhwm,Linux x86_64,20260929_001909
FGC_Stream,5,chess,minsup,0.2,3600.1218,651.84,,True,,3606.6339,594.97,0.0,True,,,vmhwm,Linux x86_64,20260929_005943
FGC_Stream,5,chess,minsup,0.3,3600.126,459.46,,True,,3622.0171,382.45,0.0,True,,,vmhwm,Linux x86_64,20260929_011909
