algorithm,category,dataset,param_name,param_value,runtime_s,peak_memory_mb,generator_count,timed_out,error,timestamp,n_tx,n_items,target_pairs,role,machine
Eclat_Gen_Borgelt,1,mushroom,minsup,0.2,0.0191,3.43,1703,False,,20260923_104347,8416,119,,calibration,Linux x86_64
Apriori_Gen_Borgelt,1,mushroom,minsup,0.2,0.029,3.4,1703,False,,20260923_104347,8416,119,,calibration,Linux x86_64
FPgrowth_Gen_Borgelt,1,mushroom,minsup,0.2,0.0133,3.68,1703,False,,20260923_104347,8416,119,,calibration,Linux x86_64
Gr_growth,1,mushroom,minsup,0.2,0.0239,0.01,1704,False,,20260923_104347,8416,119,,calibration,Linux x86_64
DefMe,1,mushroom,minsup,0.2,0.4357,133.41,1704,False,,20260923_104348,8416,119,,calibration,Linux x86_64
TalkyG_Diffset,1,mushroom,minsup,0.2,0.3282,89.1,1852,False,,20260923_104348,8416,119,,calibration,Linux x86_64
Talky_G,1,mushroom,minsup,0.2,0.3739,93.45,1852,False,,20260923_104348,8416,119,,calibration,Linux x86_64
Apriori_Gen_Borgelt,1,mushroom,minsup,0.3,0.0092,3.57,543,False,,20260923_104348,8416,119,,calibration,Linux x86_64
DefMe,1,mushroom,minsup,0.3,0.2292,97.45,544,False,,20260923_104349,8416,119,,calibration,Linux x86_64
Eclat_Gen_Borgelt,1,mushroom,minsup,0.3,0.0097,3.66,543,False,,20260923_104349,8416,119,,calibration,Linux x86_64
Pascal,1,mushroom,minsup,0.2,1.2499,102.18,1703,False,,20260923_104349,8416,119,,calibration,Linux x86_64
FPgrowth_Gen_Borgelt,1,mushroom,minsup,0.3,0.0096,0.19,543,False,,20260923_104349,8416,119,,calibration,Linux x86_64
Gr_growth,1,mushroom,minsup,0.3,0.0223,3.8,544,False,,20260923_104349,8416,119,,calibration,Linux x86_64
TalkyG_Diffset,1,mushroom,minsup,0.3,0.2836,87.22,551,False,,20260923_104349,8416,119,,calibration,Linux x86_64
Pascal,1,mushroom,minsup,0.3,0.5063,97.87,543,False,,20260923_104349,8416,119,,calibration,Linux x86_64
Talky_G,1,mushroom,minsup,0.3,0.3002,90.58,551,False,,20260923_104350,8416,119,,calibration,Linux x86_64
Apriori_Gen_Borgelt,1,mushroom,minsup,0.5,0.0143,0.02,52,False,,20260923_104350,8416,119,,calibration,Linux x86_64
DefMe,1,mushroom,minsup,0.5,0.2374,90.29,53,False,,20260923_104350,8416,119,,calibration,Linux x86_64
Eclat_Gen_Borgelt,1,mushroom,minsup,0.5,0.0197,3.8,52,False,,20260923_104350,8416,119,,calibration,Linux x86_64
FPgrowth_Gen_Borgelt,1,mushroom,minsup,0.5,0.0124,0.24,52,False,,20260923_104350,8416,119,,calibration,Linux x86_64
Gr_growth,1,mushroom,minsup,0.5,0.0103,8.93,52,False,,20260923_104351,8416,119,,calibration,Linux x86_64
Pascal,1,mushroom,minsup,0.5,0.2436,94.57,52,False,,20260923_104351,8416,119,,calibration,Linux x86_64
Zart,1,mushroom,minsup,0.3,1.5854,217.8,544,False,,20260923_104351,8416,119,,calibration,Linux x86_64
TalkyG_Diffset,1,mushroom,minsup,0.5,0.3063,93.32,52,False,,20260923_104351,8416,119,,calibration,Linux x86_64
Talky_G,1,mushroom,minsup,0.5,0.3431,95.43,52,False,,20260923_104352,8416,119,,calibration,Linux x86_64
Apriori_Gen_Borgelt,1,chess,minsup,0.8,0.0155,3.2,5083,False,,20260923_104352,3196,75,,calibration,Linux x86_64
Zart,1,mushroom,minsup,0.5,0.3417,107.28,53,False,,20260923_104352,8416,119,,calibration,Linux x86_64
Eclat_Gen_Borgelt,1,chess,minsup,0.8,0.0097,0.24,5083,False,,20260923_104352,3196,75,,calibration,Linux x86_64
FPgrowth_Gen_Borgelt,1,chess,minsup,0.8,0.0098,0.27,5083,False,,20260923_104352,3196,75,,calibration,Linux x86_64
Gr_growth,1,chess,minsup,0.8,0.0139,7.72,5084,False,,20260923_104352,3196,75,,calibration,Linux x86_64
DefMe,1,chess,minsup,0.8,0.3059,95.52,5084,False,,20260923_104352,3196,75,,calibration,Linux x86_64
TalkyG_Diffset,1,chess,minsup,0.8,0.289,92.43,5084,False,,20260923_104353,3196,75,,calibration,Linux x86_64
Talky_G,1,chess,minsup,0.8,0.2689,86.38,5084,False,,20260923_104353,3196,75,,calibration,Linux x86_64
Pascal,1,chess,minsup,0.8,1.0253,96.52,5083,False,,20260923_104353,3196,75,,calibration,Linux x86_64
Apriori_Gen_Borgelt,1,connect,minsup,0.9,0.0938,3.14,3486,False,,20260923_104353,67557,129,,calibration,Linux x86_64
DefMe,1,connect,minsup,0.9,0.467,329.39,3487,False,,20260923_104354,67557,129,,calibration,Linux x86_64
Eclat_Gen_Borgelt,1,connect,minsup,0.9,0.0965,3.54,3486,False,,20260923_104354,67557,129,,calibration,Linux x86_64
FPgrowth_Gen_Borgelt,1,connect,minsup,0.9,0.0917,3.7,3486,False,,20260923_104354,67557,129,,calibration,Linux x86_64
Gr_growth,1,connect,minsup,0.9,0.0822,3.75,3487,False,,20260923_104355,67557,129,,calibration,Linux x86_64
Zart,1,chess,minsup,0.8,3.4289,391.06,5084,False,,20260923_104356,3196,75,,calibration,Linux x86_64
TalkyG_Diffset,1,connect,minsup,0.9,0.5553,278.36,3487,False,,20260923_104357,67557,129,,calibration,Linux x86_64
Talky_G,1,connect,minsup,0.9,0.5487,280.96,3487,False,,20260923_104358,67557,129,,calibration,Linux x86_64
Pascal,1,connect,minsup,0.9,16.883,305.04,3486,False,,20260923_104412,67557,129,,calibration,Linux x86_64
Apriori_Gen_Borgelt,1,connect,minsup,0.8,0.105,3.71,15107,False,,20260923_104412,67557,129,,calibration,Linux x86_64
DefMe,1,connect,minsup,0.8,0.7527,533.4,15108,False,,20260923_104413,67557,129,,calibration,Linux x86_64
Eclat_Gen_Borgelt,1,connect,minsup,0.8,0.1087,3.57,15107,False,,20260923_104413,67557,129,,calibration,Linux x86_64
FPgrowth_Gen_Borgelt,1,connect,minsup,0.8,0.1015,3.59,15107,False,,20260923_104413,67557,129,,calibration,Linux x86_64
Gr_growth,1,connect,minsup,0.8,0.0866,3.8,15108,False,,20260923_104413,67557,129,,calibration,Linux x86_64
Zart,1,mushroom,minsup,0.2,45.996,405.33,1704,False,,20260923_104434,8416,119,,calibration,Linux x86_64
TalkyG_Diffset,1,connect,minsup,0.8,0.6084,317.52,15108,False,,20260923_104435,67557,129,,calibration,Linux x86_64
Talky_G,1,connect,minsup,0.8,0.5665,284.99,15108,False,,20260923_104435,67557,129,,calibration,Linux x86_64
Pascal,1,connect,minsup,0.8,117.2745,354.99,15107,False,,20260923_104611,67557,129,,calibration,Linux x86_64
Apriori_Gen_Borgelt,1,retail,minsup,0.01,0.0911,3.56,159,False,,20260923_104611,88162,16470,,calibration,Linux x86_64
DefMe,1,retail,minsup,0.01,0.5121,482.36,160,False,,20260923_104611,88162,16470,,calibration,Linux x86_64
Eclat_Gen_Borgelt,1,retail,minsup,0.01,0.0857,4.14,159,False,,20260923_104612,88162,16470,,calibration,Linux x86_64
FPgrowth_Gen_Borgelt,1,retail,minsup,0.01,0.0807,4.16,159,False,,20260923_104612,88162,16470,,calibration,Linux x86_64
Gr_growth,1,retail,minsup,0.01,0.0706,3.91,160,False,,20260923_104612,88162,16470,,calibration,Linux x86_64
Zart,1,connect,minsup,0.9,135.8854,427.57,3487,False,,20260923_104614,67557,129,,calibration,Linux x86_64
TalkyG_Diffset,1,retail,minsup,0.01,0.7195,1158.87,160,False,,20260923_104615,88162,16470,,calibration,Linux x86_64
Talky_G,1,retail,minsup,0.01,0.7298,1147.38,160,False,,20260923_104615,88162,16470,,calibration,Linux x86_64
Pascal,1,retail,minsup,0.01,6.1388,118.25,159,False,,20260923_104618,88162,16470,,calibration,Linux x86_64
Zart,1,retail,minsup,0.01,2.874,388.45,160,False,,20260923_104618,88162,16470,,calibration,Linux x86_64
Apriori_Gen_Borgelt,1,t10i4d100k,minsup,0.01,0.0955,3.58,869,False,,20260923_104619,100000,870,,calibration,Linux x86_64
Eclat_Gen_Borgelt,1,t10i4d100k,minsup,0.01,0.1128,3.84,869,False,,20260923_104619,100000,870,,calibration,Linux x86_64
FPgrowth_Gen_Borgelt,1,t10i4d100k,minsup,0.01,0.1787,40.9,869,False,,20260923_104619,100000,870,,calibration,Linux x86_64
Gr_growth,1,t10i4d100k,minsup,0.01,0.334,44.2,870,False,,20260923_104620,100000,870,,calibration,Linux x86_64
DefMe,1,t10i4d100k,minsup,0.01,1.4335,896.4,870,False,,20260923_104620,100000,870,,calibration,Linux x86_64
TalkyG_Diffset,1,t10i4d100k,minsup,0.01,0.4427,157.98,870,False,,20260923_104621,100000,870,,calibration,Linux x86_64
Talky_G,1,t10i4d100k,minsup,0.01,0.4522,155.88,870,False,,20260923_104621,100000,870,,calibration,Linux x86_64
Zart,1,t10i4d100k,minsup,0.01,603.1733,1304.86,870,False,,20260923_105624,100000,870,,calibration,Linux x86_64
Pascal,1,t10i4d100k,minsup,0.01,957.5109,158.97,869,False,,20260923_110217,100000,870,,calibration,Linux x86_64
Apriori_Gen_Borgelt,1,bms1,minsup,0.009894802187846,0.0323,3.66,79,False,,20260923_124200,59602,497,10.0,extension,Linux x86_64
Eclat_Gen_Borgelt,1,bms1,minsup,0.009894802187846,0.0194,3.6,79,False,,20260923_124200,59602,497,10.0,extension,Linux x86_64
DefMe,1,bms1,minsup,0.009894802187846,0.3444,117.18,80,False,,20260923_124200,59602,497,10.0,extension,Linux x86_64
FPgrowth_Gen_Borgelt,1,bms1,minsup,0.009894802187846,0.0173,4.47,79,False,,20260923_124200,59602,497,10.0,extension,Linux x86_64
Gr_growth,1,bms1,minsup,0.009894802187846,0.0219,4.28,80,False,,20260923_124200,59602,497,10.0,extension,Linux x86_64
TalkyG_Diffset,1,bms1,minsup,0.009894802187846,1.7675,7945.73,80,False,,20260923_124202,59602,497,10.0,extension,Linux x86_64
Pascal,1,bms1,minsup,0.009894802187846,2.0055,101.05,79,False,,20260923_124202,59602,497,10.0,extension,Linux x86_64
Talky_G,1,bms1,minsup,0.009894802187846,1.8774,7938.1,80,False,,20260923_124204,59602,497,10.0,extension,Linux x86_64
Apriori_Gen_Borgelt,1,bms1,minsup,0.0038547364182409,0.0179,3.75,304,False,,20260923_124205,59602,497,100.0,extension,Linux x86_64
Zart,1,bms1,minsup,0.009894802187846,1.8868,473.42,80,False,,20260923_124205,59602,497,10.0,extension,Linux x86_64
Eclat_Gen_Borgelt,1,bms1,minsup,0.0038547364182409,0.0197,4.28,304,False,,20260923_124205,59602,497,100.0,extension,Linux x86_64
FPgrowth_Gen_Borgelt,1,bms1,minsup,0.0038547364182409,0.0154,6.0,304,False,,20260923_124205,59602,497,100.0,extension,Linux x86_64
DefMe,1,bms1,minsup,0.0038547364182409,0.3177,135.29,305,False,,20260923_124205,59602,497,100.0,extension,Linux x86_64
TalkyG_Diffset,1,bms1,minsup,0.0038547364182409,1.7948,7941.68,305,False,,20260923_124207,59602,497,100.0,extension,Linux x86_64
Talky_G,1,bms1,minsup,0.0038547364182409,1.7659,7942.26,305,False,,20260923_124209,59602,497,100.0,extension,Linux x86_64
Pascal,1,bms1,minsup,0.0038547364182409,12.1523,98.69,304,False,,20260923_124217,59602,497,100.0,extension,Linux x86_64
Apriori_Gen_Borgelt,1,bms1,minsup,0.0012709305056877,0.0219,4.52,2077,False,,20260923_124218,59602,497,1000.0,extension,Linux x86_64
DefMe,1,bms1,minsup,0.0012709305056877,0.4143,377.39,2078,False,,20260923_124218,59602,497,1000.0,extension,Linux x86_64
Eclat_Gen_Borgelt,1,bms1,minsup,0.0012709305056877,0.0205,4.61,2077,False,,20260923_124219,59602,497,1000.0,extension,Linux x86_64
FPgrowth_Gen_Borgelt,1,bms1,minsup,0.0012709305056877,0.0275,3.84,2077,False,,20260923_124219,59602,497,1000.0,extension,Linux x86_64
Zart,1,bms1,minsup,0.0038547364182409,10.9244,622.32,305,False,,20260923_124220,59602,497,100.0,extension,Linux x86_64
TalkyG_Diffset,1,bms1,minsup,0.0012709305056877,1.7989,7944.3,2079,False,,20260923_124222,59602,497,1000.0,extension,Linux x86_64
Talky_G,1,bms1,minsup,0.0012709305056877,1.7784,7941.38,2079,False,,20260923_124225,59602,497,1000.0,extension,Linux x86_64
Pascal,1,bms1,minsup,0.0012709305056877,32.0492,106.71,2077,False,,20260923_124251,59602,497,1000.0,extension,Linux x86_64
Apriori_Gen_Borgelt,1,bms1,minsup,0.0005662561659004,0.3635,25.12,159224,False,,20260923_124252,59602,497,5000.0,extension,Linux x86_64
Gr_growth,1,bms1,minsup,0.003854736418240999,0.0249,4.27,305,False,,20260923_124401,59602,497,100,extension,Linux x86_64
Gr_growth,1,bms1,minsup,0.0012709305056877286,0.0302,11.08,2078,False,,20260923_124401,59602,497,1000,extension,Linux x86_64
DefMe,1,bms1,minsup,0.0005662561659004732,4.6728,678.13,159225,False,,20260923_124406,59602,497,5000,extension,Linux x86_64
Eclat_Gen_Borgelt,1,bms1,minsup,0.0005662561659004732,0.1071,3.89,159224,False,,20260923_124406,59602,497,5000,extension,Linux x86_64
FPgrowth_Gen_Borgelt,1,bms1,minsup,0.0005662561659004732,0.0825,4.67,159224,False,,20260923_124407,59602,497,5000,extension,Linux x86_64
Gr_growth,1,bms1,minsup,0.0005662561659004732,0.1316,20.68,159225,False,,20260923_124407,59602,497,5000,extension,Linux x86_64
Zart,1,bms1,minsup,0.0012709305056877286,39.8572,629.61,2078,False,,20260923_124441,59602,497,1000,extension,Linux x86_64
TalkyG_Diffset,1,bms1,minsup,0.0005662561659004732,58.7362,7971.97,246441,False,,20260923_124540,59602,497,5000,extension,Linux x86_64
Talky_G,1,bms1,minsup,0.0005662561659004732,60.9755,7967.99,246441,False,,20260923_124642,59602,497,5000,extension,Linux x86_64
Zart,1,connect,minsup,0.8,3600.1279,476.31,0,True,,20260923_134740,67557,129,,calibration,Linux x86_64
Pascal,1,bms1,minsup,0.0005662561659004732,3600.1096,598.29,159224,True,,20260923_134740,59602,497,5000,extension,Linux x86_64
Apriori_Gen_Borgelt,1,bms1,minsup,0.00018036307506459515,33.0664,7835.55,0,False,non-zero exit code 1,20260923_134814,59602,497,20000,extension,Linux x86_64
DefMe,1,bms1,minsup,0.00018036307506459515,254.9194,836.25,2915744,False,,20260923_135229,59602,497,20000,extension,Linux x86_64
Eclat_Gen_Borgelt,1,bms1,minsup,0.00018036307506459515,2.0514,229.58,2915743,False,,20260923_135231,59602,497,20000,extension,Linux x86_64
FPgrowth_Gen_Borgelt,1,bms1,minsup,0.00018036307506459515,1.8038,243.48,2915743,False,,20260923_135234,59602,497,20000,extension,Linux x86_64
Gr_growth,1,bms1,minsup,0.00018036307506459515,4.5285,132.46,2915744,False,,20260923_135239,59602,497,20000,extension,Linux x86_64
Zart,1,bms1,minsup,0.0005662561659004732,3600.1476,986.59,0,True,,20260923_144740,59602,497,5000,extension,Linux x86_64
Pascal,1,bms1,minsup,0.00018036307506459515,3600.208,2797.2,1684158,True,,20260923_145240,59602,497,20000,extension,Linux x86_64
Apriori_Gen_Borgelt,1,bms2,minsup,0.012381953761998143,0.0236,4.48,51,False,,20260923_150940,77512,3340,10,extension,Linux x86_64
Eclat_Gen_Borgelt,1,bms2,minsup,0.012381953761998143,0.0295,3.59,51,False,,20260923_150941,77512,3340,10,extension,Linux x86_64
DefMe,1,bms2,minsup,0.012381953761998143,0.3223,161.16,52,False,,20260923_150941,77512,3340,10,extension,Linux x86_64
Gr_growth,1,bms2,minsup,0.012381953761998143,0.0233,5.06,52,False,,20260923_150941,77512,3340,10,extension,Linux x86_64
FPgrowth_Gen_Borgelt,1,bms2,minsup,0.012381953761998143,0.0375,4.1,51,False,,20260923_150941,77512,3340,10,extension,Linux x86_64
Pascal,1,bms2,minsup,0.012381953761998143,1.2747,109.45,51,False,,20260923_150943,77512,3340,10,extension,Linux x86_64
TalkyG_Diffset,1,bms2,minsup,0.012381953761998143,1.9027,7590.8,,False,java.lang.OutOfMemoryError: Java heap space,20260923_150943,77512,3340,10,extension,Linux x86_64
Zart,1,bms2,minsup,0.012381953761998143,0.9866,727.53,52,False,,20260923_150944,77512,3340,10,extension,Linux x86_64
Apriori_Gen_Borgelt,1,c20d10k,minsup,0.946075,0.0118,1.79,8,False,,20260923_150945,10000,192,10,extension,Linux x86_64
Talky_G,1,bms2,minsup,0.012381953761998143,1.8906,7598.84,,False,java.lang.OutOfMemoryError: Java heap space,20260923_150945,77512,3340,10,extension,Linux x86_64
Eclat_Gen_Borgelt,1,c20d10k,minsup,0.946075,0.0217,2.78,8,False,,20260923_150945,10000,192,10,extension,Linux x86_64
DefMe,1,c20d10k,minsup,0.946075,0.2391,96.55,9,False,,20260923_150945,10000,192,10,extension,Linux x86_64
FPgrowth_Gen_Borgelt,1,c20d10k,minsup,0.946075,0.0118,3.8,8,False,,20260923_150945,10000,192,10,extension,Linux x86_64
Gr_growth,1,c20d10k,minsup,0.946075,0.0126,3.84,9,False,,20260923_150945,10000,192,10,extension,Linux x86_64
Pascal,1,c20d10k,minsup,0.946075,0.318,96.98,8,False,,20260923_150946,10000,192,10,extension,Linux x86_64
TalkyG_Diffset,1,c20d10k,minsup,0.946075,0.2403,98.88,8,False,,20260923_150946,10000,192,10,extension,Linux x86_64
Talky_G,1,c20d10k,minsup,0.946075,0.3011,92.04,8,False,,20260923_150946,10000,192,10,extension,Linux x86_64
Zart,1,c20d10k,minsup,0.946075,0.2848,92.98,9,False,,20260923_150946,10000,192,10,extension,Linux x86_64
Apriori_Gen_Borgelt,1,kosarak,minsup,0.06002475059905748,0.478,72.89,24,False,,20260923_150947,989471,41265,10,extension,Linux x86_64
Eclat_Gen_Borgelt,1,kosarak,minsup,0.06002475059905748,0.5085,72.93,24,False,,20260923_150948,989471,41265,10,extension,Linux x86_64
FPgrowth_Gen_Borgelt,1,kosarak,minsup,0.06002475059905748,0.4765,73.01,24,False,,20260923_150949,989471,41265,10,extension,Linux x86_64
Gr_growth,1,kosarak,minsup,0.06002475059905748,0.2381,14.14,24,False,,20260923_150949,989471,41265,10,extension,Linux x86_64
DefMe,1,kosarak,minsup,0.06002475059905748,3.3042,7907.05,25,False,,20260923_150950,989471,41265,10,extension,Linux x86_64
Pascal,1,kosarak,minsup,0.06002475059905748,1.5701,477.22,24,False,,20260923_150951,989471,41265,10,extension,Linux x86_64
TalkyG_Diffset,1,kosarak,minsup,0.06002475059905748,3.199,7926.61,,False,java.lang.OutOfMemoryError: Java heap space,20260923_150953,989471,41265,10,extension,Linux x86_64
Talky_G,1,kosarak,minsup,0.06002475059905748,4.6089,8031.39,,False,java.lang.OutOfMemoryError: Java heap space,20260923_150956,989471,41265,10,extension,Linux x86_64
Apriori_Gen_Borgelt,1,c73d10k,minsup,0.979375,0.0208,3.46,6,False,,20260923_150956,10000,1592,10,extension,Linux x86_64
Zart,1,kosarak,minsup,0.06002475059905748,2.3451,1076.12,25,False,,20260923_150956,989471,41265,10,extension,Linux x86_64
Eclat_Gen_Borgelt,1,c73d10k,minsup,0.979375,0.0238,3.56,6,False,,20260923_150956,10000,1592,10,extension,Linux x86_64
DefMe,1,c73d10k,minsup,0.979375,0.2679,118.57,7,False,,20260923_150956,10000,1592,10,extension,Linux x86_64
FPgrowth_Gen_Borgelt,1,c73d10k,minsup,0.979375,0.0252,3.28,6,False,,20260923_150957,10000,1592,10,extension,Linux x86_64
Gr_growth,1,c73d10k,minsup,0.979375,0.0171,3.87,6,False,,20260923_150957,10000,1592,10,extension,Linux x86_64
Pascal,1,c73d10k,minsup,0.979375,0.3183,113.1,6,False,,20260923_150957,10000,1592,10,extension,Linux x86_64
TalkyG_Diffset,1,c73d10k,minsup,0.979375,0.4297,127.64,6,False,,20260923_150957,10000,1592,10,extension,Linux x86_64
Talky_G,1,c73d10k,minsup,0.979375,0.4063,129.48,6,False,,20260923_150958,10000,1592,10,extension,Linux x86_64
Zart,1,c73d10k,minsup,0.979375,0.3495,141.61,7,False,,20260923_150958,10000,1592,10,extension,Linux x86_64
Apriori_Gen_Borgelt,1,bms2,minsup,0.005286278253689752,0.0286,4.04,345,False,,20260923_150958,77512,3340,100,extension,Linux x86_64
Eclat_Gen_Borgelt,1,bms2,minsup,0.005286278253689752,0.0351,3.92,345,False,,20260923_150958,77512,3340,100,extension,Linux x86_64
FPgrowth_Gen_Borgelt,1,bms2,minsup,0.005286278253689752,0.0247,4.28,345,False,,20260923_150959,77512,3340,100,extension,Linux x86_64
DefMe,1,bms2,minsup,0.005286278253689752,0.3407,218.71,346,False,,20260923_150959,77512,3340,100,extension,Linux x86_64
Gr_growth,1,bms2,minsup,0.005286278253689752,0.0468,5.1,346,False,,20260923_150959,77512,3340,100,extension,Linux x86_64
TalkyG_Diffset,1,bms2,minsup,0.005286278253689752,1.8227,7592.71,,False,java.lang.OutOfMemoryError: Java heap space,20260923_151001,77512,3340,100,extension,Linux x86_64
Talky_G,1,bms2,minsup,0.005286278253689752,1.8376,7590.3,,False,java.lang.OutOfMemoryError: Java heap space,20260923_151003,77512,3340,100,extension,Linux x86_64
Zart,1,bms2,minsup,0.005286278253689752,7.2682,686.34,346,False,,20260923_151010,77512,3340,100,extension,Linux x86_64
Apriori_Gen_Borgelt,1,c20d10k,minsup,0.337575,0.0134,0.84,659,False,,20260923_151011,10000,192,100,extension,Linux x86_64
DefMe,1,c20d10k,minsup,0.337575,0.2431,106.39,660,False,,20260923_151011,10000,192,100,extension,Linux x86_64
Eclat_Gen_Borgelt,1,c20d10k,minsup,0.337575,0.0124,1.4,659,False,,20260923_151011,10000,192,100,extension,Linux x86_64
FPgrowth_Gen_Borgelt,1,c20d10k,minsup,0.337575,0.0108,1.54,659,False,,20260923_151012,10000,192,100,extension,Linux x86_64
Gr_growth,1,c20d10k,minsup,0.337575,0.0117,5.51,660,False,,20260923_151012,10000,192,100,extension,Linux x86_64
Pascal,1,c20d10k,minsup,0.337575,0.4246,93.63,659,False,,20260923_151013,10000,192,100,extension,Linux x86_64
Pascal,1,bms2,minsup,0.005286278253689752,14.0866,108.04,345,False,,20260923_151013,77512,3340,100,extension,Linux x86_64
TalkyG_Diffset,1,c20d10k,minsup,0.337575,0.323,95.02,659,False,,20260923_151013,10000,192,100,extension,Linux x86_64
Talky_G,1,c20d10k,minsup,0.337575,0.2526,98.22,659,False,,20260923_151013,10000,192,100,extension,Linux x86_64
Apriori_Gen_Borgelt,1,kosarak,minsup,0.012677228539290186,0.5105,72.82,251,False,,20260923_151014,989471,41265,100,extension,Linux x86_64
Zart,1,c20d10k,minsup,0.337575,2.2742,394.05,660,False,,20260923_151016,10000,192,100,extension,Linux x86_64
Eclat_Gen_Borgelt,1,kosarak,minsup,0.012677228539290186,0.5745,81.49,251,False,,20260923_151017,989471,41265,100,extension,Linux x86_64
FPgrowth_Gen_Borgelt,1,kosarak,minsup,0.012677228539290186,0.5933,80.53,251,False,,20260923_151017,989471,41265,100,extension,Linux x86_64
DefMe,1,kosarak,minsup,0.012677228539290186,3.3132,7916.68,252,False,,20260923_151018,989471,41265,100,extension,Linux x86_64
Gr_growth,1,kosarak,minsup,0.012677228539290186,0.3354,21.89,252,False,,20260923_151018,989471,41265,100,extension,Linux x86_64
TalkyG_Diffset,1,kosarak,minsup,0.012677228539290186,3.1047,7936.34,,False,java.lang.OutOfMemoryError: Java heap space,20260923_151021,989471,41265,100,extension,Linux x86_64
Talky_G,1,kosarak,minsup,0.012677228539290186,4.0978,8030.91,,False,java.lang.OutOfMemoryError: Java heap space,20260923_151026,989471,41265,100,extension,Linux x86_64
Pascal,1,kosarak,minsup,0.012677228539290186,17.0601,475.8,251,False,,20260923_151035,989471,41265,100,extension,Linux x86_64
Apriori_Gen_Borgelt,1,c73d10k,minsup,0.919975,0.0237,3.32,600,False,,20260923_151035,10000,1592,100,extension,Linux x86_64
DefMe,1,c73d10k,minsup,0.919975,0.2757,135.13,601,False,,20260923_151036,10000,1592,100,extension,Linux x86_64
Eclat_Gen_Borgelt,1,c73d10k,minsup,0.919975,0.0208,3.51,600,False,,20260923_151036,10000,1592,100,extension,Linux x86_64
FPgrowth_Gen_Borgelt,1,c73d10k,minsup,0.919975,0.0211,3.39,600,False,,20260923_151036,10000,1592,100,extension,Linux x86_64
Gr_growth,1,c73d10k,minsup,0.919975,0.0174,3.86,596,False,,20260923_151036,10000,1592,100,extension,Linux x86_64
Pascal,1,c73d10k,minsup,0.919975,0.7386,119.76,600,False,,20260923_151037,10000,1592,100,extension,Linux x86_64
TalkyG_Diffset,1,c73d10k,minsup,0.919975,0.3322,139.84,600,False,,20260923_151038,10000,1592,100,extension,Linux x86_64
Zart,1,kosarak,minsup,0.012677228539290186,12.2491,1717.42,252,False,,20260923_151038,989471,41265,100,extension,Linux x86_64
Talky_G,1,c73d10k,minsup,0.919975,0.3976,131.21,600,False,,20260923_151039,10000,1592,100,extension,Linux x86_64
Apriori_Gen_Borgelt,1,bms2,minsup,0.0012094901434616576,0.0685,3.65,13848,False,,20260923_151039,77512,3340,1000,extension,Linux x86_64
DefMe,1,bms2,minsup,0.0012094901434616576,1.1293,730.98,13849,False,,20260923_151040,77512,3340,1000,extension,Linux x86_64
Eclat_Gen_Borgelt,1,bms2,minsup,0.0012094901434616576,0.0571,3.66,13848,False,,20260923_151040,77512,3340,1000,extension,Linux x86_64
FPgrowth_Gen_Borgelt,1,bms2,minsup,0.0012094901434616576,0.0448,4.22,13848,False,,20260923_151041,77512,3340,1000,extension,Linux x86_64
Gr_growth,1,bms2,minsup,0.0012094901434616576,0.0688,5.1,13849,False,,20260923_151041,77512,3340,1000,extension,Linux x86_64
Zart,1,c73d10k,minsup,0.919975,4.2575,493.05,601,False,,20260923_151043,10000,1592,100,extension,Linux x86_64
TalkyG_Diffset,1,bms2,minsup,0.0012094901434616576,1.7312,7592.77,,False,java.lang.OutOfMemoryError: Java heap space,20260923_151045,77512,3340,1000,extension,Linux x86_64
Talky_G,1,bms2,minsup,0.0012094901434616576,1.781,7592.48,,False,java.lang.OutOfMemoryError: Java heap space,20260923_151047,77512,3340,1000,extension,Linux x86_64
Zart,1,bms2,minsup,0.0012094901434616576,367.5665,1304.33,13849,False,,20260923_151654,77512,3340,1000,extension,Linux x86_64
Apriori_Gen_Borgelt,1,c20d10k,minsup,0.034375,0.096,3.43,34690,False,,20260923_151655,10000,192,1000,extension,Linux x86_64
DefMe,1,c20d10k,minsup,0.034375,0.4247,377.77,34691,False,,20260923_151655,10000,192,1000,extension,Linux x86_64
Eclat_Gen_Borgelt,1,c20d10k,minsup,0.034375,0.0358,3.36,34690,False,,20260923_151656,10000,192,1000,extension,Linux x86_64
FPgrowth_Gen_Borgelt,1,c20d10k,minsup,0.034375,0.0218,4.08,34690,False,,20260923_151656,10000,192,1000,extension,Linux x86_64
Gr_growth,1,c20d10k,minsup,0.034375,0.0344,3.84,34691,False,,20260923_151656,10000,192,1000,extension,Linux x86_64
Pascal,1,c20d10k,minsup,0.034375,83.7692,328.51,34690,False,,20260923_151820,10000,192,1000,extension,Linux x86_64
TalkyG_Diffset,1,c20d10k,minsup,0.034375,0.3174,116.64,34764,False,,20260923_151821,10000,192,1000,extension,Linux x86_64
Talky_G,1,c20d10k,minsup,0.034375,0.3053,117.46,34764,False,,20260923_151821,10000,192,1000,extension,Linux x86_64
Pascal,1,bms2,minsup,0.0012094901434616576,478.7567,152.21,13848,False,,20260923_151840,77512,3340,1000,extension,Linux x86_64
Apriori_Gen_Borgelt,1,kosarak,minsup,0.003275234948775659,0.8635,81.57,4001,False,,20260923_151841,989471,41265,1000,extension,Linux x86_64
DefMe,1,kosarak,minsup,0.003275234948775659,4.3816,8001.25,4002,False,,20260923_151846,989471,41265,1000,extension,Linux x86_64
Eclat_Gen_Borgelt,1,kosarak,minsup,0.003275234948775659,0.6783,124.84,4001,False,,20260923_151847,989471,41265,1000,extension,Linux x86_64
FPgrowth_Gen_Borgelt,1,kosarak,minsup,0.003275234948775659,0.9033,135.98,4001,False,,20260923_151848,989471,41265,1000,extension,Linux x86_64
Gr_growth,1,kosarak,minsup,0.003275234948775659,0.9369,64.18,4002,False,,20260923_151849,989471,41265,1000,extension,Linux x86_64
Pascal,1,kosarak,minsup,0.003275234948775659,686.1005,492.09,4001,False,,20260923_153015,989471,41265,1000,extension,Linux x86_64
TalkyG_Diffset,1,kosarak,minsup,0.003275234948775659,3.0924,7930.08,,False,java.lang.OutOfMemoryError: Java heap space,20260923_153018,989471,41265,1000,extension,Linux x86_64
Talky_G,1,kosarak,minsup,0.003275234948775659,4.1195,8035.33,,False,java.lang.OutOfMemoryError: Java heap space,20260923_153023,989471,41265,1000,extension,Linux x86_64
Zart,1,kosarak,minsup,0.003275234948775659,550.9333,1732.37,4002,False,,20260923_153934,989471,41265,1000,extension,Linux x86_64
Apriori_Gen_Borgelt,1,c73d10k,minsup,0.446675,20.9821,63.36,1807687,False,,20260923_153955,10000,1592,1000,extension,Linux x86_64
DefMe,1,c73d10k,minsup,0.446675,10.1829,774.39,1807688,False,,20260923_154006,10000,1592,1000,extension,Linux x86_64
Eclat_Gen_Borgelt,1,c73d10k,minsup,0.446675,0.9654,170.02,1807687,False,,20260923_154007,10000,1592,1000,extension,Linux x86_64
FPgrowth_Gen_Borgelt,1,c73d10k,minsup,0.446675,0.8252,158.73,1807687,False,,20260923_154008,10000,1592,1000,extension,Linux x86_64
Gr_growth,1,c73d10k,minsup,0.446675,1.0828,97.54,1806480,False,,20260923_154010,10000,1592,1000,extension,Linux x86_64
Zart,1,c20d10k,minsup,0.034375,3600.1483,963.83,0,True,,20260923_161822,10000,192,1000,extension,Linux x86_64
TalkyG_Diffset,1,c73d10k,minsup,0.446675,58.1968,559.34,1810556,False,,20260923_161920,10000,1592,1000,extension,Linux x86_64
Talky_G,1,c73d10k,minsup,0.446675,58.2635,572.93,1810556,False,,20260923_162019,10000,1592,1000,extension,Linux x86_64
Pascal,1,c73d10k,minsup,0.446675,3600.0643,917.91,684563,True,,20260923_164010,10000,1592,1000,extension,Linux x86_64
Apriori_Gen_Borgelt,1,bms2,minsup,0.0004354164516461967,0.1611,20.67,100911,False,,20260923_164011,77512,3340,5000,extension,Linux x86_64
DefMe,1,bms2,minsup,0.0004354164516461967,5.0359,726.7,100912,False,,20260923_164016,77512,3340,5000,extension,Linux x86_64
Eclat_Gen_Borgelt,1,bms2,minsup,0.0004354164516461967,0.1039,4.2,100911,False,,20260923_164016,77512,3340,5000,extension,Linux x86_64
FPgrowth_Gen_Borgelt,1,bms2,minsup,0.0004354164516461967,0.0983,4.26,100911,False,,20260923_164017,77512,3340,5000,extension,Linux x86_64
Gr_growth,1,bms2,minsup,0.0004354164516461967,0.1649,25.79,100912,False,,20260923_164017,77512,3340,5000,extension,Linux x86_64
Pascal,1,bms2,minsup,0.0004354164516461967,2035.6853,399.44,100911,False,,20260923_171413,77512,3340,5000,extension,Linux x86_64
TalkyG_Diffset,1,bms2,minsup,0.0004354164516461967,1.7428,7586.2,,False,java.lang.OutOfMemoryError: Java heap space,20260923_171415,77512,3340,5000,extension,Linux x86_64
Talky_G,1,bms2,minsup,0.0004354164516461967,1.8746,7591.22,,False,java.lang.OutOfMemoryError: Java heap space,20260923_171417,77512,3340,5000,extension,Linux x86_64
Zart,1,c73d10k,minsup,0.446675,3600.0692,1090.62,0,True,,20260923_172019,10000,1592,1000,extension,Linux x86_64
Apriori_Gen_Borgelt,1,c20d10k,minsup,0.001275,0.3985,21.6,386701,False,,20260923_172020,10000,192,5000,extension,Linux x86_64
DefMe,1,c20d10k,minsup,0.001275,2.6059,750.49,386702,False,,20260923_172023,10000,192,5000,extension,Linux x86_64
Eclat_Gen_Borgelt,1,c20d10k,minsup,0.001275,0.1722,31.14,386701,False,,20260923_172023,10000,192,5000,extension,Linux x86_64
FPgrowth_Gen_Borgelt,1,c20d10k,minsup,0.001275,0.1464,35.92,386701,False,,20260923_172023,10000,192,5000,extension,Linux x86_64
Gr_growth,1,c20d10k,minsup,0.001275,0.2013,22.34,386702,False,,20260923_172024,10000,192,5000,extension,Linux x86_64
Zart,1,bms2,minsup,0.0004354164516461967,3479.1071,1883.97,100912,False,,20260923_181217,77512,3340,5000,extension,Linux x86_64
TalkyG_Diffset,1,c20d10k,minsup,0.001275,12.5032,405.64,394806,False,,20260923_181229,10000,192,5000,extension,Linux x86_64
Talky_G,1,c20d10k,minsup,0.001275,12.7513,406.13,394806,False,,20260923_181242,10000,192,5000,extension,Linux x86_64
Pascal,1,c20d10k,minsup,0.001275,3600.0509,643.75,253643,True,,20260923_182024,10000,192,5000,extension,Linux x86_64
Apriori_Gen_Borgelt,1,kosarak,minsup,0.00132469774253111,10.8181,93.28,202882,False,,20260923_182035,989471,41265,5000,extension,Linux x86_64
DefMe,1,kosarak,minsup,0.00132469774253111,206.058,8031.17,202883,False,,20260923_182402,989471,41265,5000,extension,Linux x86_64
Eclat_Gen_Borgelt,1,kosarak,minsup,0.00132469774253111,1.2067,154.98,202882,False,,20260923_182403,989471,41265,5000,extension,Linux x86_64
FPgrowth_Gen_Borgelt,1,kosarak,minsup,0.00132469774253111,1.9742,213.57,202882,False,,20260923_182405,989471,41265,5000,extension,Linux x86_64
Gr_growth,1,kosarak,minsup,0.00132469774253111,2.9051,120.8,202882,False,,20260923_182408,989471,41265,5000,extension,Linux x86_64
Zart,1,c20d10k,minsup,0.001275,3600.1552,1144.04,0,True,,20260923_191243,10000,192,5000,extension,Linux x86_64
TalkyG_Diffset,1,kosarak,minsup,0.00132469774253111,3.0123,7931.48,,False,java.lang.OutOfMemoryError: Java heap space,20260923_191246,989471,41265,5000,extension,Linux x86_64
Talky_G,1,kosarak,minsup,0.00132469774253111,4.0715,8030.71,,False,java.lang.OutOfMemoryError: Java heap space,20260923_191250,989471,41265,5000,extension,Linux x86_64
Pascal,1,kosarak,minsup,0.00132469774253111,3600.1365,505.62,677,True,,20260923_192409,989471,41265,5000,extension,Linux x86_64
Apriori_Gen_Borgelt,1,c73d10k,minsup,0.124675,1800.7562,7835.69,0,False,non-zero exit code 1,20260923_195410,10000,1592,5000,extension,Linux x86_64
Zart,1,kosarak,minsup,0.00132469774253111,3600.1806,1791.38,0,True,,20260923_201251,989471,41265,5000,extension,Linux x86_64
Eclat_Gen_Borgelt,1,c73d10k,minsup,0.124675,244.8376,7834.46,82036521,False,non-zero exit code 1,20260923_201701,10000,1592,5000,extension,Linux x86_64
FPgrowth_Gen_Borgelt,1,c73d10k,minsup,0.124675,237.0021,7834.51,82018035,False,non-zero exit code 1,20260923_202104,10000,1592,5000,extension,Linux x86_64
Gr_growth,1,c73d10k,minsup,0.124675,351.593,7834.22,164364300,False,killed by signal 6,20260923_202722,10000,1592,5000,extension,Linux x86_64
DefMe,1,c73d10k,minsup,0.124675,3600.1501,951.8,426915793,True,,20260923_205447,10000,1592,5000,extension,Linux x86_64
Pascal,1,c73d10k,minsup,0.124675,3600.1687,1245.84,745089,True,,20260923_212722,10000,1592,5000,extension,Linux x86_64
TalkyG_Diffset,1,c73d10k,minsup,0.124675,3600.1636,1593.89,9464304,True,,20260923_215448,10000,1592,5000,extension,Linux x86_64
Talky_G,1,c73d10k,minsup,0.124675,3600.1142,1627.34,9790483,True,,20260923_222723,10000,1592,5000,extension,Linux x86_64
Zart,1,c73d10k,minsup,0.124675,3600.1641,1182.39,0,True,,20260923_225448,10000,1592,5000,extension,Linux x86_64
TalkyG_Diffset,1,bms1,minsup,0.00018036307506459515,3600.3483,7970.2,1652741,True,,20260923_232724,59602,497,20000,extension,Linux x86_64
Talky_G,1,bms1,minsup,0.00018036307506459515,3600.3175,7981.06,1663800,True,,20260923_235449,59602,497,20000,extension,Linux x86_64
Apriori_Gen_Borgelt,1,bms2,minsup,0.00015158943131386108,0.669,58.23,524757,False,,20260923_235450,77512,3340,20000,extension,Linux x86_64
DefMe,1,bms2,minsup,0.00015158943131386108,24.1012,727.39,524758,False,,20260923_235514,77512,3340,20000,extension,Linux x86_64
Eclat_Gen_Borgelt,1,bms2,minsup,0.00015158943131386108,0.3445,58.32,524757,False,,20260923_235515,77512,3340,20000,extension,Linux x86_64
FPgrowth_Gen_Borgelt,1,bms2,minsup,0.00015158943131386108,0.3056,60.03,524757,False,,20260923_235516,77512,3340,20000,extension,Linux x86_64
Gr_growth,1,bms2,minsup,0.00015158943131386108,0.4422,42.61,524758,False,,20260923_235516,77512,3340,20000,extension,Linux x86_64
Zart,1,bms1,minsup,0.00018036307506459515,3600.2197,2594.45,0,True,,20260924_002725,59602,497,20000,extension,Linux x86_64
TalkyG_Diffset,1,bms2,minsup,0.00015158943131386108,1.7157,7588.92,,False,java.lang.OutOfMemoryError: Java heap space,20260924_002726,77512,3340,20000,extension,Linux x86_64
Talky_G,1,bms2,minsup,0.00015158943131386108,1.8217,7591.55,,False,java.lang.OutOfMemoryError: Java heap space,20260924_002728,77512,3340,20000,extension,Linux x86_64
Pascal,1,bms2,minsup,0.00015158943131386108,3600.1379,511.46,2458,True,,20260924_005517,77512,3340,20000,extension,Linux x86_64
Apriori_Gen_Borgelt,1,kosarak,minsup,0.0006425150408652704,1701.4612,7832.91,0,False,non-zero exit code 1,20260924_012338,989471,41265,20000,extension,Linux x86_64
Zart,1,bms2,minsup,0.00015158943131386108,3600.2143,2305.97,0,True,,20260924_012729,77512,3340,20000,extension,Linux x86_64
Eclat_Gen_Borgelt,1,kosarak,minsup,0.0006425150408652704,317.6957,7831.64,80375420,False,non-zero exit code 1,20260924_013252,989471,41265,20000,extension,Linux x86_64
FPgrowth_Gen_Borgelt,1,kosarak,minsup,0.0006425150408652704,293.4879,7830.41,77733661,False,non-zero exit code 1,20260924_013752,989471,41265,20000,extension,Linux x86_64
Gr_growth,1,kosarak,minsup,0.0006425150408652704,497.3721,7833.66,159581220,False,killed by signal 6,20260924_014639,989471,41265,20000,extension,Linux x86_64
DefMe,1,kosarak,minsup,0.0006425150408652704,3600.3263,8001.69,189920,True,,20260924_022339,989471,41265,20000,extension,Linux x86_64
TalkyG_Diffset,1,kosarak,minsup,0.0006425150408652704,2.9669,7927.38,,False,java.lang.OutOfMemoryError: Java heap space,20260924_022343,989471,41265,20000,extension,Linux x86_64
Talky_G,1,kosarak,minsup,0.0006425150408652704,4.1167,8033.11,,False,java.lang.OutOfMemoryError: Java heap space,20260924_022347,989471,41265,20000,extension,Linux x86_64
Pascal,1,kosarak,minsup,0.0006425150408652704,3600.148,669.32,1579,True,,20260924_024640,989471,41265,20000,extension,Linux x86_64
Apriori_Gen_Borgelt,1,c73d10k,minsup,0.015375,507.3927,7835.66,0,False,non-zero exit code 1,20260924_025507,10000,1592,20000,extension,Linux x86_64
Zart,1,kosarak,minsup,0.0006425150408652704,3600.1334,2204.73,0,True,,20260924_032347,989471,41265,20000,extension,Linux x86_64
Eclat_Gen_Borgelt,1,c73d10k,minsup,0.015375,243.4157,7833.36,81504774,False,non-zero exit code 1,20260924_032756,10000,1592,20000,extension,Linux x86_64
FPgrowth_Gen_Borgelt,1,c73d10k,minsup,0.015375,234.12,7834.09,81472379,False,non-zero exit code 1,20260924_033156,10000,1592,20000,extension,Linux x86_64
Gr_growth,1,c73d10k,minsup,0.015375,428.3709,7834.13,161793128,False,killed by signal 6,20260924_033928,10000,1592,20000,extension,Linux x86_64
DefMe,1,c73d10k,minsup,0.015375,3600.0789,939.6,371037846,True,,20260924_035539,10000,1592,20000,extension,Linux x86_64
Pascal,1,c73d10k,minsup,0.015375,3600.1802,1529.62,6446509,True,,20260924_043930,10000,1592,20000,extension,Linux x86_64
TalkyG_Diffset,1,c73d10k,minsup,0.015375,3600.1538,787.26,4250488,True,,20260924_045539,10000,1592,20000,extension,Linux x86_64
Talky_G,1,c73d10k,minsup,0.015375,3600.1539,735.38,4091388,True,,20260924_053930,10000,1592,20000,extension,Linux x86_64
Zart,1,c73d10k,minsup,0.015375,3600.2109,1994.02,0,True,,20260924_055540,10000,1592,20000,extension,Linux x86_64
