algorithm,category,dataset,param_name,param_value,runtime_s,peak_memory_mb,generator_count,timed_out,error,timestamp,source,machine
DefMe,1,connect,minsup,0.2,39.339,1074.08,1482862,False,,20260604_215741,rerun,Linux x86_64
DefMe,1,connect,minsup,0.3,12.4079,1168.03,460357.0,False,,20260604_215741,remeasured,Linux x86_64
DefMe,1,connect,minsup,0.5,3.4386,1137.27,130102.0,False,,20260604_215741,remeasured,Linux x86_64
DefMe,1,connect,minsup,0.7,1.2143,926.57,35876.0,False,,20260604_215741,remeasured,Linux x86_64
DefMe,1,chess,minsup,0.2,33.3844,742.77,25031186,False,,20260604_215741,rerun,Linux x86_64
DefMe,1,chess,minsup,0.3,6.4614,758.67,5601829.0,False,,20260604_215741,remeasured,Linux x86_64
DefMe,1,chess,minsup,0.5,0.6254,469.82,372604.0,False,,20260604_215741,remeasured,Linux x86_64
DefMe,1,chess,minsup,0.7,0.2326,158.02,23893.0,False,,20260604_215741,remeasured,Linux x86_64
DefMe,1,t10i4d100k,minsup,0.2,0.2793,150.65,1.0,False,,20260604_215741,remeasured,Linux x86_64
DefMe,1,t10i4d100k,minsup,0.3,0.2721,150.3,1.0,False,,20260604_215741,remeasured,Linux x86_64
DefMe,1,t10i4d100k,minsup,0.5,0.2807,150.09,1.0,False,,20260604_215741,remeasured,Linux x86_64
DefMe,1,t10i4d100k,minsup,0.7,0.2792,149.34,1.0,False,,20260604_215741,remeasured,Linux x86_64
DefMe,1,retail,minsup,0.2,0.378,480.78,4.0,False,,20260604_215741,remeasured,Linux x86_64
DefMe,1,retail,minsup,0.3,0.3836,481.32,4.0,False,,20260604_215741,remeasured,Linux x86_64
DefMe,1,retail,minsup,0.5,0.3782,481.75,2.0,False,,20260604_215741,remeasured,Linux x86_64
DefMe,1,retail,minsup,0.7,0.3754,484.17,1.0,False,,20260604_215741,remeasured,Linux x86_64
Talky_G,1,connect,minsup,0.2,36.2326,732.58,1482862,False,,20260604_215741,rerun,Linux x86_64
Talky_G,1,connect,minsup,0.3,2.9281,652.76,460357.0,False,,20260604_215741,remeasured,Linux x86_64
Talky_G,1,connect,minsup,0.5,0.877,508.84,130102.0,False,,20260604_215741,remeasured,Linux x86_64
Talky_G,1,connect,minsup,0.7,0.5948,342.76,35876.0,False,,20260604_215741,remeasured,Linux x86_64
Talky_G,1,chess,minsup,0.3,994.1657,871.21,5601874,False,,20260604_215741,rerun,Linux x86_64
Talky_G,1,chess,minsup,0.5,3.0274,378.37,372604.0,False,,20260604_215741,remeasured,Linux x86_64
Talky_G,1,chess,minsup,0.7,0.2556,115.79,23893.0,False,,20260604_215741,remeasured,Linux x86_64
Talky_G,1,t10i4d100k,minsup,0.2,0.3068,144.77,1.0,False,,20260604_215741,remeasured,Linux x86_64
Talky_G,1,t10i4d100k,minsup,0.3,0.3159,143.71,1.0,False,,20260604_215741,remeasured,Linux x86_64
Talky_G,1,t10i4d100k,minsup,0.5,0.3144,146.52,1.0,False,,20260604_215741,remeasured,Linux x86_64
Talky_G,1,t10i4d100k,minsup,0.7,0.3118,146.02,1.0,False,,20260604_215741,remeasured,Linux x86_64
Talky_G,1,retail,minsup,0.2,0.6051,1153.61,4.0,False,,20260604_215741,remeasured,Linux x86_64
Talky_G,1,retail,minsup,0.3,0.6143,1154.89,4.0,False,,20260604_215741,remeasured,Linux x86_64
Talky_G,1,retail,minsup,0.5,0.6138,1152.29,2.0,False,,20260604_215741,remeasured,Linux x86_64
Talky_G,1,retail,minsup,0.7,0.6108,1153.19,1.0,False,,20260604_215741,remeasured,Linux x86_64
Pascal,1,connect,minsup,0.2,3600.0901,1050.15,,True,,20260605_080337,rerun,Linux x86_64
Pascal,1,connect,minsup,0.3,3600.1463,818.22,,True,,20260605_080337,rerun,Linux x86_64
Pascal,1,connect,minsup,0.5,3600.1394,733.87,,True,,20260605_080337,rerun,Linux x86_64
Pascal,1,connect,minsup,0.7,3600.1371,566.24,,True,,20260605_080337,rerun,Linux x86_64
Pascal,1,chess,minsup,0.2,3600.1119,731.03,,True,,20260605_080337,rerun,Linux x86_64
Pascal,1,chess,minsup,0.3,3600.0519,768.73,,True,,20260605_080337,rerun,Linux x86_64
Pascal,1,chess,minsup,0.5,441.1246,419.19,372603,False,,20260605_080337,rerun,Linux x86_64
Pascal,1,chess,minsup,0.7,3.0817,96.81,23892.0,False,,20260605_080337,remeasured,Linux x86_64
Pascal,1,t10i4d100k,minsup,0.2,0.2441,129.15,0.0,False,,20260605_080337,remeasured,Linux x86_64
Pascal,1,t10i4d100k,minsup,0.3,0.2513,128.52,0.0,False,,20260605_080337,remeasured,Linux x86_64
Pascal,1,t10i4d100k,minsup,0.5,0.2453,130.39,0.0,False,,20260605_080337,remeasured,Linux x86_64
Pascal,1,t10i4d100k,minsup,0.7,0.2551,128.49,0.0,False,,20260605_080337,remeasured,Linux x86_64
Pascal,1,retail,minsup,0.2,0.271,125.69,3.0,False,,20260605_080337,remeasured,Linux x86_64
Pascal,1,retail,minsup,0.3,0.2713,120.96,3.0,False,,20260605_080337,remeasured,Linux x86_64
Pascal,1,retail,minsup,0.5,0.2582,125.97,1.0,False,,20260605_080337,remeasured,Linux x86_64
Pascal,1,retail,minsup,0.7,0.2531,124.21,0.0,False,,20260605_080337,remeasured,Linux x86_64
Zart,1,connect,minsup,0.2,3600.1313,551.76,,True,,20260605_080337,rerun,Linux x86_64
Zart,1,connect,minsup,0.3,3600.1297,548.79,,True,,20260605_080337,rerun,Linux x86_64
Zart,1,connect,minsup,0.5,3600.1279,481.43,,True,,20260605_080337,rerun,Linux x86_64
Zart,1,connect,minsup,0.7,3600.131,501.77,,True,,20260605_080337,rerun,Linux x86_64
Zart,1,chess,minsup,0.2,3600.1367,546.62,,True,,20260605_080337,rerun,Linux x86_64
Zart,1,chess,minsup,0.3,3600.1341,617.25,,True,,20260605_080337,rerun,Linux x86_64
Zart,1,chess,minsup,0.5,3600.0631,565.08,,True,,20260605_080337,rerun,Linux x86_64
Zart,1,chess,minsup,0.7,44.1872,399.76,23893,False,,20260605_080337,rerun,Linux x86_64
Zart,1,t10i4d100k,minsup,0.2,0.3054,149.47,0.0,False,,20260605_080337,remeasured,Linux x86_64
Zart,1,t10i4d100k,minsup,0.3,0.2949,149.95,0.0,False,,20260605_080337,remeasured,Linux x86_64
Zart,1,t10i4d100k,minsup,0.5,0.306,147.57,0.0,False,,20260605_080337,remeasured,Linux x86_64
Zart,1,t10i4d100k,minsup,0.7,0.2976,145.89,0.0,False,,20260605_080337,remeasured,Linux x86_64
Zart,1,retail,minsup,0.2,0.3404,145.31,4.0,False,,20260605_080337,remeasured,Linux x86_64
Zart,1,retail,minsup,0.3,0.3292,147.05,4.0,False,,20260605_080337,remeasured,Linux x86_64
Zart,1,retail,minsup,0.5,0.3163,145.61,2.0,False,,20260605_080337,remeasured,Linux x86_64
Zart,1,retail,minsup,0.7,0.3161,145.67,0.0,False,,20260605_080337,remeasured,Linux x86_64
TalkyG_Diffset,1,connect,minsup,0.2,39.8986,877.66,1482862,False,,20260605_080337,rerun,Linux x86_64
TalkyG_Diffset,1,connect,minsup,0.3,3.5146,1002.9,460357.0,False,,20260605_080337,remeasured,Linux x86_64
TalkyG_Diffset,1,connect,minsup,0.5,1.0608,652.16,130102.0,False,,20260605_080337,remeasured,Linux x86_64
TalkyG_Diffset,1,connect,minsup,0.7,0.6369,349.13,35876.0,False,,20260605_080337,remeasured,Linux x86_64
TalkyG_Diffset,1,chess,minsup,0.2,3600.1187,1581.16,,True,,20260605_080337,rerun,Linux x86_64
TalkyG_Diffset,1,chess,minsup,0.3,946.3379,912.7,5601874,False,,20260605_080337,rerun,Linux x86_64
TalkyG_Diffset,1,chess,minsup,0.5,2.9883,410.52,372604.0,False,,20260605_080337,remeasured,Linux x86_64
TalkyG_Diffset,1,chess,minsup,0.7,0.2685,128.51,23893.0,False,,20260605_080337,remeasured,Linux x86_64
TalkyG_Diffset,1,t10i4d100k,minsup,0.2,0.3045,143.7,1.0,False,,20260605_080337,remeasured,Linux x86_64
TalkyG_Diffset,1,t10i4d100k,minsup,0.3,0.3083,146.74,1.0,False,,20260605_080337,remeasured,Linux x86_64
TalkyG_Diffset,1,t10i4d100k,minsup,0.5,0.3079,146.32,1.0,False,,20260605_080337,remeasured,Linux x86_64
TalkyG_Diffset,1,t10i4d100k,minsup,0.7,0.3031,145.75,1.0,False,,20260605_080337,remeasured,Linux x86_64
TalkyG_Diffset,1,retail,minsup,0.2,0.5924,1155.82,4.0,False,,20260605_080337,remeasured,Linux x86_64
TalkyG_Diffset,1,retail,minsup,0.3,0.6091,1162.74,4.0,False,,20260605_080337,remeasured,Linux x86_64
TalkyG_Diffset,1,retail,minsup,0.5,0.5985,1156.26,2.0,False,,20260605_080337,remeasured,Linux x86_64
TalkyG_Diffset,1,retail,minsup,0.7,0.5905,1155.38,1.0,False,,20260605_080337,remeasured,Linux x86_64
FGC_Stream,5,connect,minsup,0.2,3600.1129,72.45,,True,,20260605_080337,rerun,Linux x86_64
FGC_Stream,5,connect,minsup,0.3,3600.0319,98.11,,True,,20260605_080337,rerun,Linux x86_64
FGC_Stream,5,connect,minsup,0.5,3600.0802,152.23,,True,,20260605_080337,rerun,Linux x86_64
FGC_Stream,5,connect,minsup,0.7,3600.0995,208.75,,True,,20260605_080337,rerun,Linux x86_64
FGC_Stream,5,chess,minsup,0.2,3600.1218,651.84,,True,,20260605_080337,rerun,Linux x86_64
FGC_Stream,5,chess,minsup,0.3,3600.126,459.46,,True,,20260605_080337,rerun,Linux x86_64
FGC_Stream,5,chess,minsup,0.5,3600.0493,389.12,,True,,20260605_080337,rerun,Linux x86_64
FGC_Stream,5,chess,minsup,0.7,911.3875,56.66,23992,False,,20260605_080337,rerun,Linux x86_64
FGC_Stream,5,t10i4d100k,minsup,0.2,0.6982,98.11,1,False,,20260605_080337,rerun,Linux x86_64
FGC_Stream,5,t10i4d100k,minsup,0.3,0.7099,98.11,1,False,,20260605_080337,rerun,Linux x86_64
FGC_Stream,5,t10i4d100k,minsup,0.5,0.6987,98.13,1,False,,20260605_080337,rerun,Linux x86_64
FGC_Stream,5,t10i4d100k,minsup,0.7,0.6667,98.11,1,False,,20260605_080337,rerun,Linux x86_64
FGC_Stream,5,retail,minsup,0.2,34.3437,96.29,4,False,,20260605_080337,rerun,Linux x86_64
FGC_Stream,5,retail,minsup,0.3,53.2454,96.27,4,False,,20260605_080337,rerun,Linux x86_64
FGC_Stream,5,retail,minsup,0.5,0.8554,96.25,2,False,,20260605_080337,rerun,Linux x86_64
FGC_Stream,5,retail,minsup,0.7,0.8061,96.22,1,False,,20260605_080337,rerun,Linux x86_64
Arima,5,connect,maxsup,0.1,3600.2003,2858.83,,True,,20260605_080337,rerun,Linux x86_64
Arima,5,connect,maxsup,0.2,394.5635,8258.57,,False,java.lang.OutOfMemoryError: Java heap space,20260605_080337,rerun,Linux x86_64
Arima,5,connect,maxsup,0.3,209.9342,8270.09,,False,java.lang.OutOfMemoryError: Java heap space,20260605_080337,rerun,Linux x86_64
Arima,5,chess,maxsup,0.1,67.1115,8230.62,,False,java.lang.OutOfMemoryError: Java heap space,20260605_080337,rerun,Linux x86_64
Arima,5,chess,maxsup,0.2,70.5496,8265.13,,False,java.lang.OutOfMemoryError: Java heap space,20260605_080337,rerun,Linux x86_64
Arima,5,chess,maxsup,0.3,67.7226,7234.66,180161,False,,20260605_080337,rerun,Linux x86_64
Arima,5,t10i4d100k,maxsup,0.1,0.217,98.96,870.0,False,,20260605_080337,remeasured,Linux x86_64
Arima,5,t10i4d100k,maxsup,0.2,0.2249,98.24,870.0,False,,20260605_080337,remeasured,Linux x86_64
Arima,5,t10i4d100k,maxsup,0.3,0.2133,95.73,870.0,False,,20260605_080337,remeasured,Linux x86_64
Arima,5,retail,maxsup,0.1,0.2727,106.91,16472.0,False,,20260605_080337,remeasured,Linux x86_64
Arima,5,retail,maxsup,0.2,0.2617,107.32,16468.0,False,,20260605_080337,remeasured,Linux x86_64
Arima,5,retail,maxsup,0.3,0.2557,107.41,16468.0,False,,20260605_080337,remeasured,Linux x86_64
DefMe,1,mushroom,minsup,0.2,0.2205,125.58,1704.0,False,,20260722_121411,remeasured,Linux x86_64
DefMe,1,mushroom,minsup,0.3,0.2045,96.62,544.0,False,,20260722_121411,remeasured,Linux x86_64
DefMe,1,mushroom,minsup,0.5,0.2096,96.76,53.0,False,,20260722_121411,remeasured,Linux x86_64
DefMe,1,mushroom,minsup,0.7,0.2074,99.45,13.0,False,,20260722_121411,remeasured,Linux x86_64
Talky_G,1,mushroom,minsup,0.2,0.2252,98.2,1852.0,False,,20260722_121411,remeasured,Linux x86_64
Talky_G,1,mushroom,minsup,0.3,0.2265,100.84,551.0,False,,20260722_121411,remeasured,Linux x86_64
Talky_G,1,mushroom,minsup,0.5,0.2102,97.38,52.0,False,,20260722_121411,remeasured,Linux x86_64
Talky_G,1,mushroom,minsup,0.7,0.215,95.54,12.0,False,,20260722_121411,remeasured,Linux x86_64
Pascal,1,mushroom,minsup,0.2,0.9832,110.0,1703.0,False,,20260722_121411,remeasured,Linux x86_64
Pascal,1,mushroom,minsup,0.3,0.3789,97.03,543.0,False,,20260722_121411,remeasured,Linux x86_64
Pascal,1,mushroom,minsup,0.5,0.224,97.51,52.0,False,,20260722_121411,remeasured,Linux x86_64
Pascal,1,mushroom,minsup,0.7,0.1977,105.0,12.0,False,,20260722_121411,remeasured,Linux x86_64
Zart,1,mushroom,minsup,0.2,44.2896,384.95,1704,False,,20260722_121411,rerun,Linux x86_64
Zart,1,mushroom,minsup,0.3,1.2506,195.08,544.0,False,,20260722_121411,remeasured,Linux x86_64
Zart,1,mushroom,minsup,0.5,0.2785,99.1,53.0,False,,20260722_121411,remeasured,Linux x86_64
Zart,1,mushroom,minsup,0.7,0.2146,98.31,13.0,False,,20260722_121411,remeasured,Linux x86_64
TalkyG_Diffset,1,mushroom,minsup,0.2,0.2252,96.39,1852.0,False,,20260722_121411,remeasured,Linux x86_64
TalkyG_Diffset,1,mushroom,minsup,0.3,0.2251,99.91,551.0,False,,20260722_121411,remeasured,Linux x86_64
TalkyG_Diffset,1,mushroom,minsup,0.5,0.2134,97.75,52.0,False,,20260722_121411,remeasured,Linux x86_64
TalkyG_Diffset,1,mushroom,minsup,0.7,0.2185,96.37,12.0,False,,20260722_121411,remeasured,Linux x86_64
FGC_Stream,5,mushroom,minsup,0.2,134.1415,24.63,1704,False,,20260722_121411,rerun,Linux x86_64
FGC_Stream,5,mushroom,minsup,0.3,69.8936,23.66,544,False,,20260722_121411,rerun,Linux x86_64
FGC_Stream,5,mushroom,minsup,0.5,8.3822,23.27,53,False,,20260722_121411,rerun,Linux x86_64
FGC_Stream,5,mushroom,minsup,0.7,0.4118,22.89,13,False,,20260722_121411,rerun,Linux x86_64
Arima,5,mushroom,maxsup,0.1,1.343,329.59,3077.0,False,,20260722_121411,remeasured,Linux x86_64
Arima,5,mushroom,maxsup,0.2,0.27,108.01,1004.0,False,,20260722_121411,remeasured,Linux x86_64
Arima,5,mushroom,maxsup,0.3,0.2108,89.55,409.0,False,,20260722_121411,remeasured,Linux x86_64
Apriori_Gen_Borgelt,1,mushroom,minsup,0.1,0.1027,5.12,7584.0,False,,20260902_225814,remeasured,Linux x86_64
Apriori_Gen_Borgelt,1,mushroom,minsup,0.15,0.0356,4.22,3082.0,False,,20260902_225814,remeasured,Linux x86_64
Apriori_Gen_Borgelt,1,mushroom,minsup,0.2,0.0211,4.21,1703.0,False,,20260902_225814,remeasured,Linux x86_64
Apriori_Gen_Borgelt,1,mushroom,minsup,0.3,0.009,4.16,543.0,False,,20260902_225814,remeasured,Linux x86_64
Apriori_Gen_Borgelt,1,mushroom,minsup,0.4,0.0083,3.91,152.0,False,,20260902_225814,remeasured,Linux x86_64
Apriori_Gen_Borgelt,1,mushroom,minsup,0.5,0.008,3.92,52.0,False,,20260902_225814,remeasured,Linux x86_64
Apriori_Gen_Borgelt,1,mushroom,minsup,0.6,0.0088,3.79,20.0,False,,20260902_225814,remeasured,Linux x86_64
Apriori_Gen_Borgelt,1,mushroom,minsup,0.7,0.0062,2.72,12.0,False,,20260902_225814,remeasured,Linux x86_64
Eclat_Gen_Borgelt,1,mushroom,minsup,0.1,0.0215,11.63,7584.0,False,,20260902_225814,remeasured,Linux x86_64
Eclat_Gen_Borgelt,1,mushroom,minsup,0.15,0.0156,7.81,3082.0,False,,20260902_225814,remeasured,Linux x86_64
Eclat_Gen_Borgelt,1,mushroom,minsup,0.2,0.0116,6.41,1703.0,False,,20260902_225814,remeasured,Linux x86_64
Eclat_Gen_Borgelt,1,mushroom,minsup,0.3,0.0084,4.53,543.0,False,,20260902_225814,remeasured,Linux x86_64
Eclat_Gen_Borgelt,1,mushroom,minsup,0.4,0.0084,4.0,152.0,False,,20260902_225814,remeasured,Linux x86_64
Eclat_Gen_Borgelt,1,mushroom,minsup,0.5,0.0082,3.96,52.0,False,,20260902_225814,remeasured,Linux x86_64
Eclat_Gen_Borgelt,1,mushroom,minsup,0.6,0.007,2.8,20.0,False,,20260902_225814,remeasured,Linux x86_64
Eclat_Gen_Borgelt,1,mushroom,minsup,0.7,0.0078,3.76,12.0,False,,20260902_225814,remeasured,Linux x86_64
FPgrowth_Gen_Borgelt,1,mushroom,minsup,0.1,0.0144,10.73,7584.0,False,,20260902_225814,remeasured,Linux x86_64
FPgrowth_Gen_Borgelt,1,mushroom,minsup,0.15,0.0108,7.57,3082.0,False,,20260902_225814,remeasured,Linux x86_64
FPgrowth_Gen_Borgelt,1,mushroom,minsup,0.2,0.0131,6.12,1703.0,False,,20260902_225814,remeasured,Linux x86_64
FPgrowth_Gen_Borgelt,1,mushroom,minsup,0.3,0.0099,4.05,543.0,False,,20260902_225814,remeasured,Linux x86_64
FPgrowth_Gen_Borgelt,1,mushroom,minsup,0.4,0.009,4.04,152.0,False,,20260902_225814,remeasured,Linux x86_64
FPgrowth_Gen_Borgelt,1,mushroom,minsup,0.5,0.0073,2.8,52.0,False,,20260902_225814,remeasured,Linux x86_64
FPgrowth_Gen_Borgelt,1,mushroom,minsup,0.6,0.0074,2.86,20.0,False,,20260902_225814,remeasured,Linux x86_64
FPgrowth_Gen_Borgelt,1,mushroom,minsup,0.7,0.007,4.0,12.0,False,,20260902_225814,remeasured,Linux x86_64
FPgrowth_Gen_Borgelt,1,pumsb,minsup,0.6,1.4923,269.91,2853041.0,False,,20260902_232634,remeasured,Linux x86_64
FPgrowth_Gen_Borgelt,1,pumsb,minsup,0.7,0.3033,58.5,658379.0,False,,20260902_232634,remeasured,Linux x86_64
FPgrowth_Gen_Borgelt,1,pumsb,minsup,0.75,0.153,32.5,248298.0,False,,20260902_232634,remeasured,Linux x86_64
FPgrowth_Gen_Borgelt,1,pumsb,minsup,0.8,0.1041,27.07,67835.0,False,,20260902_232634,remeasured,Linux x86_64
FPgrowth_Gen_Borgelt,1,pumsb,minsup,0.85,0.0914,25.64,13789.0,False,,20260902_232634,remeasured,Linux x86_64
FPgrowth_Gen_Borgelt,1,pumsb,minsup,0.9,0.088,21.01,2030.0,False,,20260902_232634,remeasured,Linux x86_64
FPgrowth_Gen_Borgelt,1,pumsb,minsup,0.95,0.0801,18.76,141.0,False,,20260902_232634,remeasured,Linux x86_64
FPgrowth_Gen_Borgelt,1,accidents,minsup,0.3,0.593,100.82,149529.0,False,,20260902_232634,remeasured,Linux x86_64
FPgrowth_Gen_Borgelt,1,accidents,minsup,0.4,0.4903,87.43,32528.0,False,,20260902_232634,remeasured,Linux x86_64
FPgrowth_Gen_Borgelt,1,accidents,minsup,0.5,0.4175,61.69,8057.0,False,,20260902_232634,remeasured,Linux x86_64
FPgrowth_Gen_Borgelt,1,accidents,minsup,0.6,0.3781,61.58,2074.0,False,,20260902_232634,remeasured,Linux x86_64
FPgrowth_Gen_Borgelt,1,accidents,minsup,0.7,0.3313,61.66,529.0,False,,20260902_232634,remeasured,Linux x86_64
FPgrowth_Gen_Borgelt,1,accidents,minsup,0.8,0.2994,61.68,149.0,False,,20260902_232634,remeasured,Linux x86_64
DefMe,1,mushroom,minsup,0.05,0.3504,358.85,21391.0,False,,20260902_232659,remeasured,Linux x86_64
DefMe,1,mushroom,minsup,0.1,0.2642,230.85,7585.0,False,,20260902_232659,remeasured,Linux x86_64
DefMe,1,mushroom,minsup,0.15,0.2208,127.06,3083.0,False,,20260902_232659,remeasured,Linux x86_64
DefMe,1,mushroom,minsup,0.4,0.1954,97.61,153.0,False,,20260902_232659,remeasured,Linux x86_64
DefMe,1,mushroom,minsup,0.6,0.193,97.7,21.0,False,,20260902_232659,remeasured,Linux x86_64
DefMe,1,connect,minsup,0.4,6.2768,1121.28,239373.0,False,,20260902_232659,remeasured,Linux x86_64
DefMe,1,connect,minsup,0.6,1.9531,1027.34,68344.0,False,,20260902_232659,remeasured,Linux x86_64
DefMe,1,connect,minsup,0.8,0.686,548.12,15108.0,False,,20260902_232659,remeasured,Linux x86_64
DefMe,1,connect,minsup,0.9,0.4557,276.1,3487.0,False,,20260902_232659,remeasured,Linux x86_64
DefMe,1,chess,minsup,0.4,1.72,634.18,1396843.0,False,,20260902_232659,remeasured,Linux x86_64
DefMe,1,chess,minsup,0.6,0.3581,373.5,98419.0,False,,20260902_232659,remeasured,Linux x86_64
DefMe,1,chess,minsup,0.8,0.1958,107.57,5084.0,False,,20260902_232659,remeasured,Linux x86_64
DefMe,1,chess,minsup,0.9,0.1878,92.82,499.0,False,,20260902_232659,remeasured,Linux x86_64
DefMe,1,t10i4d100k,minsup,0.001,0.9844,796.8,871.0,False,,20260902_232659,remeasured,Linux x86_64
DefMe,1,t10i4d100k,minsup,0.002,0.9919,812.09,871.0,False,,20260902_232659,remeasured,Linux x86_64
DefMe,1,t10i4d100k,minsup,0.005,0.9871,774.32,871.0,False,,20260902_232659,remeasured,Linux x86_64
DefMe,1,t10i4d100k,minsup,0.01,0.9878,819.63,870.0,False,,20260902_232659,remeasured,Linux x86_64
DefMe,1,t10i4d100k,minsup,0.02,0.2763,151.66,1.0,False,,20260902_232659,remeasured,Linux x86_64
DefMe,1,t10i4d100k,minsup,0.05,0.2744,150.21,1.0,False,,20260902_232659,remeasured,Linux x86_64
DefMe,1,retail,minsup,0.0005,11.5215,1948.33,19115.0,False,,20260902_232659,remeasured,Linux x86_64
DefMe,1,retail,minsup,0.001,3.6265,1941.95,7573.0,False,,20260902_232659,remeasured,Linux x86_64
DefMe,1,retail,minsup,0.002,1.2698,1945.43,2692.0,False,,20260902_232659,remeasured,Linux x86_64
DefMe,1,retail,minsup,0.005,0.4591,582.42,581.0,False,,20260902_232659,remeasured,Linux x86_64
DefMe,1,retail,minsup,0.01,0.3992,490.02,160.0,False,,20260902_232659,remeasured,Linux x86_64
DefMe,1,retail,minsup,0.02,0.3888,480.7,56.0,False,,20260902_232659,remeasured,Linux x86_64
DefMe,1,accidents,minsup,0.3,6.6613,1008.61,149530.0,False,,20260902_232659,remeasured,Linux x86_64
DefMe,1,accidents,minsup,0.4,1.9654,1029.81,32529.0,False,,20260902_232659,remeasured,Linux x86_64
DefMe,1,accidents,minsup,0.5,1.0604,874.51,8058.0,False,,20260902_232659,remeasured,Linux x86_64
DefMe,1,accidents,minsup,0.6,0.8599,792.43,2075.0,False,,20260902_232659,remeasured,Linux x86_64
DefMe,1,accidents,minsup,0.7,0.7956,652.05,530.0,False,,20260902_232659,remeasured,Linux x86_64
DefMe,1,accidents,minsup,0.8,0.7786,657.42,150.0,False,,20260902_232659,remeasured,Linux x86_64
DefMe,1,pumsb,minsup,0.6,22.3843,1121.7,2853042,False,,20260902_232659,rerun,Linux x86_64
DefMe,1,pumsb,minsup,0.7,4.9336,871.64,658380.0,False,,20260902_232659,remeasured,Linux x86_64
DefMe,1,pumsb,minsup,0.75,2.0546,876.3,248299.0,False,,20260902_232659,remeasured,Linux x86_64
DefMe,1,pumsb,minsup,0.8,0.8963,862.24,67836.0,False,,20260902_232659,remeasured,Linux x86_64
DefMe,1,pumsb,minsup,0.85,0.5654,579.06,13790.0,False,,20260902_232659,remeasured,Linux x86_64
DefMe,1,pumsb,minsup,0.9,0.4463,338.44,2031.0,False,,20260902_232659,remeasured,Linux x86_64
DefMe,1,pumsb,minsup,0.95,0.4203,328.96,142.0,False,,20260902_232659,remeasured,Linux x86_64
Talky_G,1,mushroom,minsup,0.05,0.2879,123.65,24350.0,False,,20260902_232659,remeasured,Linux x86_64
Talky_G,1,mushroom,minsup,0.1,0.2402,118.99,8437.0,False,,20260902_232659,remeasured,Linux x86_64
Talky_G,1,mushroom,minsup,0.15,0.2217,96.0,3287.0,False,,20260902_232659,remeasured,Linux x86_64
Talky_G,1,mushroom,minsup,0.4,0.216,97.99,152.0,False,,20260902_232659,remeasured,Linux x86_64
Talky_G,1,mushroom,minsup,0.6,0.2097,100.21,20.0,False,,20260902_232659,remeasured,Linux x86_64
Talky_G,1,connect,minsup,0.4,1.2828,645.91,239373.0,False,,20260902_232659,remeasured,Linux x86_64
Talky_G,1,connect,minsup,0.6,0.6738,393.3,68344.0,False,,20260902_232659,remeasured,Linux x86_64
Talky_G,1,connect,minsup,0.8,0.539,272.6,15108.0,False,,20260902_232659,remeasured,Linux x86_64
Talky_G,1,connect,minsup,0.9,0.5064,274.98,3487.0,False,,20260902_232659,remeasured,Linux x86_64
Talky_G,1,chess,minsup,0.4,49.3159,511.64,1396843,False,,20260902_232659,rerun,Linux x86_64
Talky_G,1,chess,minsup,0.6,0.4304,158.84,98419.0,False,,20260902_232659,remeasured,Linux x86_64
Talky_G,1,chess,minsup,0.8,0.2161,94.04,5084.0,False,,20260902_232659,remeasured,Linux x86_64
Talky_G,1,chess,minsup,0.9,0.2059,92.54,499.0,False,,20260902_232659,remeasured,Linux x86_64
Talky_G,1,t10i4d100k,minsup,0.001,0.3167,145.54,871.0,False,,20260902_232659,remeasured,Linux x86_64
Talky_G,1,t10i4d100k,minsup,0.002,0.3233,148.18,871.0,False,,20260902_232659,remeasured,Linux x86_64
Talky_G,1,t10i4d100k,minsup,0.005,0.3183,143.82,871.0,False,,20260902_232659,remeasured,Linux x86_64
Talky_G,1,t10i4d100k,minsup,0.01,0.3107,146.54,870.0,False,,20260902_232659,remeasured,Linux x86_64
Talky_G,1,t10i4d100k,minsup,0.02,0.3147,147.76,1.0,False,,20260902_232659,remeasured,Linux x86_64
Talky_G,1,t10i4d100k,minsup,0.05,0.3067,143.84,1.0,False,,20260902_232659,remeasured,Linux x86_64
Talky_G,1,retail,minsup,0.0005,0.8334,1288.57,19122.0,False,,20260902_232659,remeasured,Linux x86_64
Talky_G,1,retail,minsup,0.001,0.6968,1152.33,7573.0,False,,20260902_232659,remeasured,Linux x86_64
Talky_G,1,retail,minsup,0.002,0.6294,1154.94,2692.0,False,,20260902_232659,remeasured,Linux x86_64
Talky_G,1,retail,minsup,0.005,0.6054,1153.38,581.0,False,,20260902_232659,remeasured,Linux x86_64
Talky_G,1,retail,minsup,0.01,0.6077,1158.4,160.0,False,,20260902_232659,remeasured,Linux x86_64
Talky_G,1,retail,minsup,0.02,0.6081,1154.58,56.0,False,,20260902_232659,remeasured,Linux x86_64
Talky_G,1,accidents,minsup,0.3,2.18,1016.26,149530.0,False,,20260902_232659,remeasured,Linux x86_64
Talky_G,1,accidents,minsup,0.4,1.3443,874.24,32529.0,False,,20260902_232659,remeasured,Linux x86_64
Talky_G,1,accidents,minsup,0.5,1.1971,796.82,8058.0,False,,20260902_232659,remeasured,Linux x86_64
Talky_G,1,accidents,minsup,0.6,1.1451,814.86,2075.0,False,,20260902_232659,remeasured,Linux x86_64
Talky_G,1,accidents,minsup,0.7,1.1149,727.72,530.0,False,,20260902_232659,remeasured,Linux x86_64
Talky_G,1,accidents,minsup,0.8,1.1148,714.51,150.0,False,,20260902_232659,remeasured,Linux x86_64
Talky_G,1,pumsb,minsup,0.6,129.5294,1400.69,2853042,False,,20260902_232659,rerun,Linux x86_64
Talky_G,1,pumsb,minsup,0.7,5.7824,966.71,658380.0,False,,20260902_232659,remeasured,Linux x86_64
Talky_G,1,pumsb,minsup,0.75,1.5897,963.18,248299.0,False,,20260902_232659,remeasured,Linux x86_64
Talky_G,1,pumsb,minsup,0.8,0.895,663.88,67836.0,False,,20260902_232659,remeasured,Linux x86_64
Talky_G,1,pumsb,minsup,0.85,0.7813,462.58,13790.0,False,,20260902_232659,remeasured,Linux x86_64
Talky_G,1,pumsb,minsup,0.9,0.7441,448.11,2031.0,False,,20260902_232659,remeasured,Linux x86_64
Talky_G,1,pumsb,minsup,0.95,0.7056,442.11,142.0,False,,20260902_232659,remeasured,Linux x86_64
Pascal,1,mushroom,minsup,0.05,3600.0837,545.44,,True,,20260902_232659,rerun,Linux x86_64
Pascal,1,mushroom,minsup,0.1,57.691,273.36,7584,False,,20260902_232659,rerun,Linux x86_64
Pascal,1,mushroom,minsup,0.15,2.1117,117.02,3082.0,False,,20260902_232659,remeasured,Linux x86_64
Pascal,1,mushroom,minsup,0.4,0.2905,95.8,152.0,False,,20260902_232659,remeasured,Linux x86_64
Pascal,1,mushroom,minsup,0.6,0.2098,108.78,20.0,False,,20260902_232659,remeasured,Linux x86_64
Pascal,1,connect,minsup,0.4,3600.1424,691.35,,True,,20260902_232659,rerun,Linux x86_64
Pascal,1,connect,minsup,0.6,3600.1418,785.24,,True,,20260902_232659,rerun,Linux x86_64
Pascal,1,connect,minsup,0.8,124.7782,347.39,15107,False,,20260902_232659,rerun,Linux x86_64
Pascal,1,connect,minsup,0.9,16.4821,304.18,3486.0,False,,20260902_232659,remeasured,Linux x86_64
Pascal,1,chess,minsup,0.4,3600.1363,550.2,,True,,20260902_232659,rerun,Linux x86_64
Pascal,1,chess,minsup,0.6,20.6284,169.45,98418.0,False,,20260902_232659,remeasured,Linux x86_64
Pascal,1,chess,minsup,0.8,0.8281,91.37,5083.0,False,,20260902_232659,remeasured,Linux x86_64
Pascal,1,chess,minsup,0.9,0.3224,86.98,498.0,False,,20260902_232659,remeasured,Linux x86_64
Pascal,1,t10i4d100k,minsup,0.001,954.0731,155.15,870,False,,20260902_232659,rerun,Linux x86_64
Pascal,1,t10i4d100k,minsup,0.002,975.784,159.95,870,False,,20260902_232659,rerun,Linux x86_64
Pascal,1,t10i4d100k,minsup,0.005,995.6832,155.71,870,False,,20260902_232659,rerun,Linux x86_64
Pascal,1,t10i4d100k,minsup,0.01,969.3234,165.66,869,False,,20260902_232659,rerun,Linux x86_64
Pascal,1,t10i4d100k,minsup,0.02,0.2401,128.79,0.0,False,,20260902_232659,remeasured,Linux x86_64
Pascal,1,t10i4d100k,minsup,0.05,0.2427,128.43,0.0,False,,20260902_232659,remeasured,Linux x86_64
Pascal,1,retail,minsup,0.0005,3600.0824,690.33,,True,,20260902_232659,rerun,Linux x86_64
Pascal,1,retail,minsup,0.001,3519.7285,442.03,7572,False,,20260902_232659,rerun,Linux x86_64
Pascal,1,retail,minsup,0.002,1162.8797,194.34,2691,False,,20260902_232659,rerun,Linux x86_64
Pascal,1,retail,minsup,0.005,53.7008,129.27,580,False,,20260902_232659,rerun,Linux x86_64
Pascal,1,retail,minsup,0.01,4.288,120.57,159.0,False,,20260902_232659,remeasured,Linux x86_64
Pascal,1,retail,minsup,0.02,0.5707,124.45,55.0,False,,20260902_232659,remeasured,Linux x86_64
Pascal,1,accidents,minsup,0.3,2867.3672,465.76,149529,False,,20260902_232659,rerun,Linux x86_64
Pascal,1,accidents,minsup,0.4,701.2038,425.86,32528,False,,20260902_232659,rerun,Linux x86_64
Pascal,1,accidents,minsup,0.5,138.517,410.84,8057,False,,20260902_232659,rerun,Linux x86_64
Pascal,1,accidents,minsup,0.6,47.193,408.71,2074,False,,20260902_232659,rerun,Linux x86_64
Pascal,1,accidents,minsup,0.7,11.4804,408.96,529.0,False,,20260902_232659,remeasured,Linux x86_64
Pascal,1,accidents,minsup,0.8,3.5074,412.95,149.0,False,,20260902_232659,remeasured,Linux x86_64
Pascal,1,pumsb,minsup,0.6,3600.0766,599.46,,True,,20260902_232659,rerun,Linux x86_64
Pascal,1,pumsb,minsup,0.7,3600.1416,827.57,,True,,20260902_232659,rerun,Linux x86_64
Pascal,1,pumsb,minsup,0.75,1237.6079,389.08,248298,False,,20260902_232659,rerun,Linux x86_64
Pascal,1,pumsb,minsup,0.8,247.1454,363.95,67835,False,,20260902_232659,rerun,Linux x86_64
Pascal,1,pumsb,minsup,0.85,63.5295,363.17,13789,False,,20260902_232659,rerun,Linux x86_64
Pascal,1,pumsb,minsup,0.9,7.7666,360.7,2030.0,False,,20260902_232659,remeasured,Linux x86_64
Pascal,1,pumsb,minsup,0.95,1.0149,365.81,141.0,False,,20260902_232659,remeasured,Linux x86_64
Zart,1,mushroom,minsup,0.05,3600.0642,581.59,,True,,20260902_232659,rerun,Linux x86_64
Zart,1,mushroom,minsup,0.1,3600.1033,550.93,,True,,20260902_232659,rerun,Linux x86_64
Zart,1,mushroom,minsup,0.15,126.5752,418.91,3083,False,,20260902_232659,rerun,Linux x86_64
Zart,1,mushroom,minsup,0.4,0.3876,137.89,153.0,False,,20260902_232659,remeasured,Linux x86_64
Zart,1,mushroom,minsup,0.6,0.224,96.91,21.0,False,,20260902_232659,remeasured,Linux x86_64
Zart,1,connect,minsup,0.4,3600.1323,515.62,,True,,20260902_232659,rerun,Linux x86_64
Zart,1,connect,minsup,0.6,3600.1337,675.45,,True,,20260902_232659,rerun,Linux x86_64
Zart,1,connect,minsup,0.8,3600.1262,485.34,,True,,20260902_232659,rerun,Linux x86_64
Zart,1,connect,minsup,0.9,130.6938,418.37,3487,False,,20260904_214619,rerun,Linux x86_64
Zart,1,chess,minsup,0.4,3600.1294,519.06,,True,,20260904_214619,rerun,Linux x86_64
Zart,1,chess,minsup,0.6,1330.0085,515.32,98419,False,,20260904_214619,rerun,Linux x86_64
Zart,1,chess,minsup,0.8,3.0932,394.35,5084.0,False,,20260904_214619,remeasured,Linux x86_64
Zart,1,chess,minsup,0.9,0.3299,118.67,499.0,False,,20260904_214619,remeasured,Linux x86_64
Zart,1,t10i4d100k,minsup,0.001,719.7062,1291.53,871,False,,20260904_214619,rerun,Linux x86_64
Zart,1,t10i4d100k,minsup,0.002,545.852,1450.12,871,False,,20260904_214619,rerun,Linux x86_64
Zart,1,t10i4d100k,minsup,0.005,550.0992,1307.9,871,False,,20260904_214619,rerun,Linux x86_64
Zart,1,t10i4d100k,minsup,0.01,554.432,1311.42,870,False,,20260904_214619,rerun,Linux x86_64
Zart,1,t10i4d100k,minsup,0.02,0.2892,149.05,0.0,False,,20260904_214619,remeasured,Linux x86_64
Zart,1,t10i4d100k,minsup,0.05,0.2905,145.93,0.0,False,,20260904_214619,remeasured,Linux x86_64
Zart,1,retail,minsup,0.0005,3600.2428,4262.69,,True,,20260904_214619,rerun,Linux x86_64
Zart,1,retail,minsup,0.001,3600.1833,2215.16,,True,,20260904_214619,rerun,Linux x86_64
Zart,1,retail,minsup,0.002,579.5006,1661.21,2692,False,,20260904_214619,rerun,Linux x86_64
Zart,1,retail,minsup,0.005,24.7684,690.74,581.0,False,,20260904_214619,remeasured,Linux x86_64
Zart,1,retail,minsup,0.01,2.2642,613.49,160.0,False,,20260904_214619,remeasured,Linux x86_64
Zart,1,retail,minsup,0.02,0.5581,278.68,56.0,False,,20260904_214619,remeasured,Linux x86_64
Zart,1,accidents,minsup,0.3,3600.1433,914.04,,True,,20260904_214619,rerun,Linux x86_64
Zart,1,accidents,minsup,0.4,908.8655,864.61,32529,False,,20260904_214619,rerun,Linux x86_64
Zart,1,accidents,minsup,0.5,212.8178,859.54,8058,False,,20260904_214619,rerun,Linux x86_64
Zart,1,accidents,minsup,0.6,45.8235,619.23,2075,False,,20260904_214619,rerun,Linux x86_64
Zart,1,accidents,minsup,0.7,7.8675,802.37,530.0,False,,20260904_214619,remeasured,Linux x86_64
Zart,1,accidents,minsup,0.8,2.0683,803.81,150.0,False,,20260904_214619,remeasured,Linux x86_64
Zart,1,pumsb,minsup,0.6,3600.1417,1475.64,,True,,20260904_214619,rerun,Linux x86_64
Zart,1,pumsb,minsup,0.7,3600.1603,1088.16,,True,,20260904_214619,rerun,Linux x86_64
Zart,1,pumsb,minsup,0.75,3600.0987,1090.66,,True,,20260904_214619,rerun,Linux x86_64
Zart,1,pumsb,minsup,0.8,1079.0713,964.1,67836,False,,20260904_214619,rerun,Linux x86_64
Zart,1,pumsb,minsup,0.85,107.8816,842.21,13790,False,,20260904_214619,rerun,Linux x86_64
Zart,1,pumsb,minsup,0.9,8.3215,838.73,2031.0,False,,20260904_214619,remeasured,Linux x86_64
Zart,1,pumsb,minsup,0.95,0.9708,827.43,142.0,False,,20260904_214619,remeasured,Linux x86_64
TalkyG_Diffset,1,mushroom,minsup,0.05,0.3009,139.99,24350.0,False,,20260904_214619,remeasured,Linux x86_64
TalkyG_Diffset,1,mushroom,minsup,0.1,0.2424,129.99,8437.0,False,,20260904_214619,remeasured,Linux x86_64
TalkyG_Diffset,1,mushroom,minsup,0.15,0.2287,98.37,3287.0,False,,20260904_214619,remeasured,Linux x86_64
TalkyG_Diffset,1,mushroom,minsup,0.4,0.2201,99.45,152.0,False,,20260904_214619,remeasured,Linux x86_64
TalkyG_Diffset,1,mushroom,minsup,0.6,0.2129,98.41,20.0,False,,20260904_214619,remeasured,Linux x86_64
TalkyG_Diffset,1,connect,minsup,0.4,1.6257,789.34,239373.0,False,,20260904_214619,remeasured,Linux x86_64
TalkyG_Diffset,1,connect,minsup,0.6,0.7822,518.36,68344.0,False,,20260904_214619,remeasured,Linux x86_64
TalkyG_Diffset,1,connect,minsup,0.8,0.5556,275.88,15108.0,False,,20260904_214619,remeasured,Linux x86_64
TalkyG_Diffset,1,connect,minsup,0.9,0.5108,274.29,3487.0,False,,20260904_214619,remeasured,Linux x86_64
TalkyG_Diffset,1,chess,minsup,0.4,51.5933,490.89,1396843,False,,20260904_214619,rerun,Linux x86_64
TalkyG_Diffset,1,chess,minsup,0.6,0.4589,179.36,98419.0,False,,20260904_214619,remeasured,Linux x86_64
TalkyG_Diffset,1,chess,minsup,0.8,0.2159,93.96,5084.0,False,,20260904_214619,remeasured,Linux x86_64
TalkyG_Diffset,1,chess,minsup,0.9,0.2065,94.34,499.0,False,,20260904_214619,remeasured,Linux x86_64
TalkyG_Diffset,1,t10i4d100k,minsup,0.001,0.3115,145.84,871.0,False,,20260904_214619,remeasured,Linux x86_64
TalkyG_Diffset,1,t10i4d100k,minsup,0.002,0.3139,147.05,871.0,False,,20260904_214619,remeasured,Linux x86_64
TalkyG_Diffset,1,t10i4d100k,minsup,0.005,0.3134,147.87,871.0,False,,20260904_214619,remeasured,Linux x86_64
TalkyG_Diffset,1,t10i4d100k,minsup,0.01,0.3203,146.52,870.0,False,,20260904_214619,remeasured,Linux x86_64
TalkyG_Diffset,1,t10i4d100k,minsup,0.02,0.3076,145.98,1.0,False,,20260904_214619,remeasured,Linux x86_64
TalkyG_Diffset,1,t10i4d100k,minsup,0.05,0.3172,144.97,1.0,False,,20260904_214619,remeasured,Linux x86_64
TalkyG_Diffset,1,retail,minsup,0.0005,0.8796,1352.98,19122.0,False,,20260904_214619,remeasured,Linux x86_64
TalkyG_Diffset,1,retail,minsup,0.001,0.7099,1188.76,7573.0,False,,20260904_214619,remeasured,Linux x86_64
TalkyG_Diffset,1,retail,minsup,0.002,0.623,1160.84,2692.0,False,,20260904_214619,remeasured,Linux x86_64
TalkyG_Diffset,1,retail,minsup,0.005,0.6061,1163.3,581.0,False,,20260904_214619,remeasured,Linux x86_64
TalkyG_Diffset,1,retail,minsup,0.01,0.6031,1155.65,160.0,False,,20260904_214619,remeasured,Linux x86_64
TalkyG_Diffset,1,retail,minsup,0.02,0.6012,1160.41,56.0,False,,20260904_214619,remeasured,Linux x86_64
TalkyG_Diffset,1,accidents,minsup,0.3,3.1233,1151.95,149530.0,False,,20260904_214619,remeasured,Linux x86_64
TalkyG_Diffset,1,accidents,minsup,0.4,1.5555,848.88,32529.0,False,,20260904_214619,remeasured,Linux x86_64
TalkyG_Diffset,1,accidents,minsup,0.5,1.2459,824.22,8058.0,False,,20260904_214619,remeasured,Linux x86_64
TalkyG_Diffset,1,accidents,minsup,0.6,1.1479,790.38,2075.0,False,,20260904_214619,remeasured,Linux x86_64
TalkyG_Diffset,1,accidents,minsup,0.7,1.1223,726.36,530.0,False,,20260904_214619,remeasured,Linux x86_64
TalkyG_Diffset,1,accidents,minsup,0.8,1.0921,673.77,150.0,False,,20260904_214619,remeasured,Linux x86_64
TalkyG_Diffset,1,pumsb,minsup,0.6,122.1556,1076.15,2853042,False,,20260904_214619,rerun,Linux x86_64
TalkyG_Diffset,1,pumsb,minsup,0.7,6.6818,969.04,658380.0,False,,20260904_214619,remeasured,Linux x86_64
TalkyG_Diffset,1,pumsb,minsup,0.75,1.8205,957.79,248299.0,False,,20260904_214619,remeasured,Linux x86_64
TalkyG_Diffset,1,pumsb,minsup,0.8,1.026,958.17,67836.0,False,,20260904_214619,remeasured,Linux x86_64
TalkyG_Diffset,1,pumsb,minsup,0.85,0.7851,481.93,13790.0,False,,20260904_214619,remeasured,Linux x86_64
TalkyG_Diffset,1,pumsb,minsup,0.9,0.7378,455.48,2031.0,False,,20260904_214619,remeasured,Linux x86_64
TalkyG_Diffset,1,pumsb,minsup,0.95,0.7154,436.19,142.0,False,,20260904_214619,remeasured,Linux x86_64
Apriori_Gen_Borgelt,1,mushroom,minsup,0.05,0.212,6.57,21390.0,False,,20260904_214619,remeasured,Linux x86_64
Apriori_Gen_Borgelt,1,connect,minsup,0.2,145.698,73.83,1482861,False,,20260904_214619,rerun,Linux x86_64
Apriori_Gen_Borgelt,1,connect,minsup,0.3,26.3211,27.52,460356,False,,20260904_214619,rerun,Linux x86_64
Apriori_Gen_Borgelt,1,connect,minsup,0.4,6.4563,17.51,239372.0,False,,20260904_214619,remeasured,Linux x86_64
Apriori_Gen_Borgelt,1,connect,minsup,0.5,1.2209,17.21,130101.0,False,,20260904_214619,remeasured,Linux x86_64
Apriori_Gen_Borgelt,1,connect,minsup,0.6,0.4512,17.27,68343.0,False,,20260904_214619,remeasured,Linux x86_64
Apriori_Gen_Borgelt,1,connect,minsup,0.7,0.1273,17.22,35875.0,False,,20260904_214619,remeasured,Linux x86_64
Apriori_Gen_Borgelt,1,connect,minsup,0.8,0.0894,17.25,15107.0,False,,20260904_214619,remeasured,Linux x86_64
Apriori_Gen_Borgelt,1,connect,minsup,0.9,0.0699,17.21,3486.0,False,,20260904_214619,remeasured,Linux x86_64
Apriori_Gen_Borgelt,1,chess,minsup,0.2,233.4849,848.81,25031185,False,,20260904_214619,rerun,Linux x86_64
Apriori_Gen_Borgelt,1,chess,minsup,0.3,55.4055,188.48,5601828,False,,20260904_214619,rerun,Linux x86_64
Apriori_Gen_Borgelt,1,chess,minsup,0.4,14.8769,49.36,1396842,False,,20260904_214619,rerun,Linux x86_64
Apriori_Gen_Borgelt,1,chess,minsup,0.5,3.4445,15.5,372603.0,False,,20260904_214619,remeasured,Linux x86_64
Apriori_Gen_Borgelt,1,chess,minsup,0.6,0.5387,6.36,98418.0,False,,20260904_214619,remeasured,Linux x86_64
Apriori_Gen_Borgelt,1,chess,minsup,0.7,0.0475,3.95,23892.0,False,,20260904_214619,remeasured,Linux x86_64
Apriori_Gen_Borgelt,1,chess,minsup,0.8,0.0121,3.61,5083.0,False,,20260904_214619,remeasured,Linux x86_64
Apriori_Gen_Borgelt,1,chess,minsup,0.9,0.0071,2.42,498.0,False,,20260904_214619,remeasured,Linux x86_64
Apriori_Gen_Borgelt,1,t10i4d100k,minsup,0.001,0.0611,18.84,870.0,False,,20260904_214619,remeasured,Linux x86_64
Apriori_Gen_Borgelt,1,t10i4d100k,minsup,0.002,0.0635,18.86,870.0,False,,20260904_214619,remeasured,Linux x86_64
Apriori_Gen_Borgelt,1,t10i4d100k,minsup,0.005,0.065,18.86,870.0,False,,20260904_214619,remeasured,Linux x86_64
Apriori_Gen_Borgelt,1,t10i4d100k,minsup,0.01,0.0593,18.83,869.0,False,,20260904_214619,remeasured,Linux x86_64
Apriori_Gen_Borgelt,1,t10i4d100k,minsup,0.02,0.0315,10.14,0.0,False,,20260904_214619,remeasured,Linux x86_64
Apriori_Gen_Borgelt,1,t10i4d100k,minsup,0.05,0.0307,10.08,0.0,False,,20260904_214619,remeasured,Linux x86_64
Apriori_Gen_Borgelt,1,t10i4d100k,minsup,0.2,0.0317,10.14,0.0,False,,20260904_214619,remeasured,Linux x86_64
Apriori_Gen_Borgelt,1,t10i4d100k,minsup,0.3,0.0282,10.13,0.0,False,,20260904_214619,remeasured,Linux x86_64
Apriori_Gen_Borgelt,1,t10i4d100k,minsup,0.5,0.027,10.16,0.0,False,,20260904_214619,remeasured,Linux x86_64
Apriori_Gen_Borgelt,1,t10i4d100k,minsup,0.7,0.0271,10.12,0.0,False,,20260904_214619,remeasured,Linux x86_64
Apriori_Gen_Borgelt,1,retail,minsup,0.0005,0.158,47.1,19114.0,False,,20260904_214619,remeasured,Linux x86_64
Apriori_Gen_Borgelt,1,retail,minsup,0.001,0.1082,24.31,7572.0,False,,20260904_214619,remeasured,Linux x86_64
Apriori_Gen_Borgelt,1,retail,minsup,0.002,0.0749,15.98,2691.0,False,,20260904_214619,remeasured,Linux x86_64
Apriori_Gen_Borgelt,1,retail,minsup,0.005,0.0627,12.04,580.0,False,,20260904_214619,remeasured,Linux x86_64
Apriori_Gen_Borgelt,1,retail,minsup,0.01,0.0538,11.92,159.0,False,,20260904_214619,remeasured,Linux x86_64
Apriori_Gen_Borgelt,1,retail,minsup,0.02,0.0498,11.89,55.0,False,,20260904_214619,remeasured,Linux x86_64
Apriori_Gen_Borgelt,1,retail,minsup,0.2,0.047,11.68,3.0,False,,20260904_214619,remeasured,Linux x86_64
Apriori_Gen_Borgelt,1,retail,minsup,0.3,0.047,11.7,3.0,False,,20260904_214619,remeasured,Linux x86_64
Apriori_Gen_Borgelt,1,retail,minsup,0.5,0.0451,11.67,1.0,False,,20260904_214619,remeasured,Linux x86_64
Apriori_Gen_Borgelt,1,retail,minsup,0.7,0.0424,11.0,0.0,False,,20260904_214619,remeasured,Linux x86_64
Apriori_Gen_Borgelt,1,accidents,minsup,0.3,32.0856,63.95,149529,False,,20260904_214619,rerun,Linux x86_64
Apriori_Gen_Borgelt,1,accidents,minsup,0.4,8.26,62.16,32528.0,False,,20260904_214619,remeasured,Linux x86_64
Apriori_Gen_Borgelt,1,accidents,minsup,0.5,1.3671,61.69,8057.0,False,,20260904_214619,remeasured,Linux x86_64
Apriori_Gen_Borgelt,1,accidents,minsup,0.6,0.4831,61.22,2074.0,False,,20260904_214619,remeasured,Linux x86_64
Apriori_Gen_Borgelt,1,accidents,minsup,0.7,0.3345,59.03,529.0,False,,20260904_214619,remeasured,Linux x86_64
Apriori_Gen_Borgelt,1,accidents,minsup,0.8,0.3086,61.57,149.0,False,,20260904_214619,remeasured,Linux x86_64
Apriori_Gen_Borgelt,1,pumsb,minsup,0.6,19.2979,92.9,2853041,False,,20260904_214619,rerun,Linux x86_64
Apriori_Gen_Borgelt,1,pumsb,minsup,0.7,1.6765,24.4,658379.0,False,,20260904_214619,remeasured,Linux x86_64
Apriori_Gen_Borgelt,1,pumsb,minsup,0.75,0.484,18.71,248298.0,False,,20260904_214619,remeasured,Linux x86_64
Apriori_Gen_Borgelt,1,pumsb,minsup,0.8,0.2125,18.65,67835.0,False,,20260904_214619,remeasured,Linux x86_64
Apriori_Gen_Borgelt,1,pumsb,minsup,0.85,0.1226,18.7,13789.0,False,,20260904_214619,remeasured,Linux x86_64
Apriori_Gen_Borgelt,1,pumsb,minsup,0.9,0.0967,18.71,2030.0,False,,20260904_214619,remeasured,Linux x86_64
Apriori_Gen_Borgelt,1,pumsb,minsup,0.95,0.089,18.7,141.0,False,,20260904_214619,remeasured,Linux x86_64
Eclat_Gen_Borgelt,1,mushroom,minsup,0.05,0.0366,15.64,21390.0,False,,20260904_214619,remeasured,Linux x86_64
Eclat_Gen_Borgelt,1,connect,minsup,0.2,0.9549,148.02,1482861.0,False,,20260904_214619,remeasured,Linux x86_64
Eclat_Gen_Borgelt,1,connect,minsup,0.3,0.3196,46.51,460356.0,False,,20260904_214619,remeasured,Linux x86_64
Eclat_Gen_Borgelt,1,connect,minsup,0.4,0.1932,34.42,239372.0,False,,20260904_214619,remeasured,Linux x86_64
Eclat_Gen_Borgelt,1,connect,minsup,0.5,0.1403,25.71,130101.0,False,,20260904_214619,remeasured,Linux x86_64
Eclat_Gen_Borgelt,1,connect,minsup,0.6,0.1188,25.1,68343.0,False,,20260904_214619,remeasured,Linux x86_64
Eclat_Gen_Borgelt,1,connect,minsup,0.7,0.093,25.08,35875.0,False,,20260904_214619,remeasured,Linux x86_64
Eclat_Gen_Borgelt,1,connect,minsup,0.8,0.0852,24.72,15107.0,False,,20260904_214619,remeasured,Linux x86_64
Eclat_Gen_Borgelt,1,connect,minsup,0.9,0.0736,20.91,3486.0,False,,20260904_214619,remeasured,Linux x86_64
Eclat_Gen_Borgelt,1,chess,minsup,0.2,28.9072,2216.16,25031185,False,,20260904_214619,rerun,Linux x86_64
Eclat_Gen_Borgelt,1,chess,minsup,0.3,3.1402,500.23,5601828.0,False,,20260904_214619,remeasured,Linux x86_64
Eclat_Gen_Borgelt,1,chess,minsup,0.4,0.6688,117.62,1396842.0,False,,20260904_214619,remeasured,Linux x86_64
Eclat_Gen_Borgelt,1,chess,minsup,0.5,0.1569,42.34,372603.0,False,,20260904_214619,remeasured,Linux x86_64
Eclat_Gen_Borgelt,1,chess,minsup,0.6,0.0477,20.1,98418.0,False,,20260904_214619,remeasured,Linux x86_64
Eclat_Gen_Borgelt,1,chess,minsup,0.7,0.0184,13.25,23892.0,False,,20260904_214619,remeasured,Linux x86_64
Eclat_Gen_Borgelt,1,chess,minsup,0.8,0.0113,8.67,5083.0,False,,20260904_214619,remeasured,Linux x86_64
Eclat_Gen_Borgelt,1,chess,minsup,0.9,0.0084,,498,False,,20260904_214619,rerun,Linux x86_64
Eclat_Gen_Borgelt,1,t10i4d100k,minsup,0.001,0.0746,25.74,870.0,False,,20260904_214619,remeasured,Linux x86_64
Eclat_Gen_Borgelt,1,t10i4d100k,minsup,0.002,0.0743,25.78,870.0,False,,20260904_214619,remeasured,Linux x86_64
Eclat_Gen_Borgelt,1,t10i4d100k,minsup,0.005,0.075,25.77,870.0,False,,20260904_214619,remeasured,Linux x86_64
Eclat_Gen_Borgelt,1,t10i4d100k,minsup,0.01,0.0739,25.77,869.0,False,,20260904_214619,remeasured,Linux x86_64
Eclat_Gen_Borgelt,1,t10i4d100k,minsup,0.02,0.0259,10.19,0.0,False,,20260904_214619,remeasured,Linux x86_64
Eclat_Gen_Borgelt,1,t10i4d100k,minsup,0.05,0.0267,10.21,0.0,False,,20260904_214619,remeasured,Linux x86_64
Eclat_Gen_Borgelt,1,t10i4d100k,minsup,0.2,0.0288,10.2,0.0,False,,20260904_214619,remeasured,Linux x86_64
Eclat_Gen_Borgelt,1,t10i4d100k,minsup,0.3,0.0311,10.21,0.0,False,,20260904_214619,remeasured,Linux x86_64
Eclat_Gen_Borgelt,1,t10i4d100k,minsup,0.5,0.0278,10.18,0.0,False,,20260904_214619,remeasured,Linux x86_64
Eclat_Gen_Borgelt,1,t10i4d100k,minsup,0.7,0.0307,10.18,0.0,False,,20260904_214619,remeasured,Linux x86_64
Eclat_Gen_Borgelt,1,retail,minsup,0.0005,0.1091,32.11,19114.0,False,,20260904_214619,remeasured,Linux x86_64
Eclat_Gen_Borgelt,1,retail,minsup,0.001,0.0919,28.2,7572.0,False,,20260904_214619,remeasured,Linux x86_64
Eclat_Gen_Borgelt,1,retail,minsup,0.002,0.0784,22.86,2691.0,False,,20260904_214619,remeasured,Linux x86_64
Eclat_Gen_Borgelt,1,retail,minsup,0.005,0.0597,17.57,580.0,False,,20260904_214619,remeasured,Linux x86_64
Eclat_Gen_Borgelt,1,retail,minsup,0.01,0.0529,14.04,159.0,False,,20260904_214619,remeasured,Linux x86_64
Eclat_Gen_Borgelt,1,retail,minsup,0.02,0.0544,12.38,55.0,False,,20260904_214619,remeasured,Linux x86_64
Eclat_Gen_Borgelt,1,retail,minsup,0.2,0.0491,11.79,3.0,False,,20260904_214619,remeasured,Linux x86_64
Eclat_Gen_Borgelt,1,retail,minsup,0.3,0.0459,11.78,3.0,False,,20260904_214619,remeasured,Linux x86_64
Eclat_Gen_Borgelt,1,retail,minsup,0.5,0.0461,11.4,1.0,False,,20260904_214619,remeasured,Linux x86_64
Eclat_Gen_Borgelt,1,retail,minsup,0.7,0.0411,11.12,0.0,False,,20260904_214619,remeasured,Linux x86_64
Eclat_Gen_Borgelt,1,accidents,minsup,0.3,0.9889,119.39,149529.0,False,,20260904_214619,remeasured,Linux x86_64
Eclat_Gen_Borgelt,1,accidents,minsup,0.4,0.7314,110.62,32528.0,False,,20260904_214619,remeasured,Linux x86_64
Eclat_Gen_Borgelt,1,accidents,minsup,0.5,0.4974,79.4,8057.0,False,,20260904_214619,remeasured,Linux x86_64
Eclat_Gen_Borgelt,1,accidents,minsup,0.6,0.4086,61.43,2074.0,False,,20260904_214619,remeasured,Linux x86_64
Eclat_Gen_Borgelt,1,accidents,minsup,0.7,0.3524,61.64,529.0,False,,20260904_214619,remeasured,Linux x86_64
Eclat_Gen_Borgelt,1,accidents,minsup,0.8,0.3181,61.69,149.0,False,,20260904_214619,remeasured,Linux x86_64
Eclat_Gen_Borgelt,1,pumsb,minsup,0.6,1.8571,280.64,2853041.0,False,,20260904_214619,remeasured,Linux x86_64
Eclat_Gen_Borgelt,1,pumsb,minsup,0.7,0.3982,63.54,658379.0,False,,20260904_214619,remeasured,Linux x86_64
Eclat_Gen_Borgelt,1,pumsb,minsup,0.75,0.1957,32.29,248298.0,False,,20260904_214619,remeasured,Linux x86_64
Eclat_Gen_Borgelt,1,pumsb,minsup,0.8,0.1222,26.66,67835.0,False,,20260904_214619,remeasured,Linux x86_64
Eclat_Gen_Borgelt,1,pumsb,minsup,0.85,0.1082,25.7,13789.0,False,,20260904_214619,remeasured,Linux x86_64
Eclat_Gen_Borgelt,1,pumsb,minsup,0.9,0.0944,21.2,2030.0,False,,20260904_214619,remeasured,Linux x86_64
Eclat_Gen_Borgelt,1,pumsb,minsup,0.95,0.0878,18.75,141.0,False,,20260904_214619,remeasured,Linux x86_64
FPgrowth_Gen_Borgelt,1,mushroom,minsup,0.05,0.0212,15.09,21390.0,False,,20260904_214619,remeasured,Linux x86_64
FPgrowth_Gen_Borgelt,1,connect,minsup,0.2,0.6854,145.61,1482861.0,False,,20260904_214619,remeasured,Linux x86_64
FPgrowth_Gen_Borgelt,1,connect,minsup,0.3,0.2305,52.36,460356.0,False,,20260904_214619,remeasured,Linux x86_64
FPgrowth_Gen_Borgelt,1,connect,minsup,0.4,0.1523,32.42,239372.0,False,,20260904_214619,remeasured,Linux x86_64
FPgrowth_Gen_Borgelt,1,connect,minsup,0.5,0.1205,25.52,130101.0,False,,20260904_214619,remeasured,Linux x86_64
FPgrowth_Gen_Borgelt,1,connect,minsup,0.6,0.1046,25.28,68343.0,False,,20260904_214619,remeasured,Linux x86_64
FPgrowth_Gen_Borgelt,1,connect,minsup,0.7,0.0846,25.17,35875.0,False,,20260904_214619,remeasured,Linux x86_64
FPgrowth_Gen_Borgelt,1,connect,minsup,0.8,0.081,24.59,15107.0,False,,20260904_214619,remeasured,Linux x86_64
FPgrowth_Gen_Borgelt,1,connect,minsup,0.9,0.0677,19.64,3486.0,False,,20260904_214619,remeasured,Linux x86_64
FPgrowth_Gen_Borgelt,1,chess,minsup,0.2,21.8235,2223.58,25031185,False,,20260904_214619,rerun,Linux x86_64
FPgrowth_Gen_Borgelt,1,chess,minsup,0.3,2.6837,507.08,5601828.0,False,,20260904_214619,remeasured,Linux x86_64
FPgrowth_Gen_Borgelt,1,chess,minsup,0.4,0.5515,116.08,1396842.0,False,,20260904_214619,remeasured,Linux x86_64
FPgrowth_Gen_Borgelt,1,chess,minsup,0.5,0.1118,42.49,372603.0,False,,20260904_214619,remeasured,Linux x86_64
FPgrowth_Gen_Borgelt,1,chess,minsup,0.6,0.0345,19.88,98418.0,False,,20260904_214619,remeasured,Linux x86_64
FPgrowth_Gen_Borgelt,1,chess,minsup,0.7,0.0161,13.23,23892.0,False,,20260904_214619,remeasured,Linux x86_64
FPgrowth_Gen_Borgelt,1,chess,minsup,0.8,0.0121,8.58,5083.0,False,,20260904_214619,remeasured,Linux x86_64
FPgrowth_Gen_Borgelt,1,chess,minsup,0.9,0.0076,4.18,498.0,False,,20260904_214619,remeasured,Linux x86_64
FPgrowth_Gen_Borgelt,1,t10i4d100k,minsup,0.001,0.1084,41.01,870.0,False,,20260904_214619,remeasured,Linux x86_64
FPgrowth_Gen_Borgelt,1,t10i4d100k,minsup,0.002,0.1091,41.05,870.0,False,,20260904_214619,remeasured,Linux x86_64
FPgrowth_Gen_Borgelt,1,t10i4d100k,minsup,0.005,0.1086,41.01,870.0,False,,20260904_214619,remeasured,Linux x86_64
FPgrowth_Gen_Borgelt,1,t10i4d100k,minsup,0.01,0.1104,40.96,869.0,False,,20260904_214619,remeasured,Linux x86_64
FPgrowth_Gen_Borgelt,1,t10i4d100k,minsup,0.02,0.0258,10.25,0.0,False,,20260904_214619,remeasured,Linux x86_64
FPgrowth_Gen_Borgelt,1,t10i4d100k,minsup,0.05,0.0263,10.24,0.0,False,,20260904_214619,remeasured,Linux x86_64
FPgrowth_Gen_Borgelt,1,t10i4d100k,minsup,0.2,0.0249,10.22,0.0,False,,20260904_214619,remeasured,Linux x86_64
FPgrowth_Gen_Borgelt,1,t10i4d100k,minsup,0.3,0.0264,10.25,0.0,False,,20260904_214619,remeasured,Linux x86_64
FPgrowth_Gen_Borgelt,1,t10i4d100k,minsup,0.5,0.025,10.23,0.0,False,,20260904_214619,remeasured,Linux x86_64
FPgrowth_Gen_Borgelt,1,t10i4d100k,minsup,0.7,0.0258,10.29,0.0,False,,20260904_214619,remeasured,Linux x86_64
FPgrowth_Gen_Borgelt,1,retail,minsup,0.0005,0.1402,41.7,19114.0,False,,20260904_214619,remeasured,Linux x86_64
FPgrowth_Gen_Borgelt,1,retail,minsup,0.001,0.1095,34.68,7572.0,False,,20260904_214619,remeasured,Linux x86_64
FPgrowth_Gen_Borgelt,1,retail,minsup,0.002,0.084,25.72,2691.0,False,,20260904_214619,remeasured,Linux x86_64
FPgrowth_Gen_Borgelt,1,retail,minsup,0.005,0.0569,16.75,580.0,False,,20260904_214619,remeasured,Linux x86_64
FPgrowth_Gen_Borgelt,1,retail,minsup,0.01,0.0522,13.51,159.0,False,,20260904_214619,remeasured,Linux x86_64
FPgrowth_Gen_Borgelt,1,retail,minsup,0.02,0.0481,11.95,55.0,False,,20260904_214619,remeasured,Linux x86_64
FPgrowth_Gen_Borgelt,1,retail,minsup,0.2,0.0443,11.78,3.0,False,,20260904_214619,remeasured,Linux x86_64
FPgrowth_Gen_Borgelt,1,retail,minsup,0.3,0.0451,11.81,3.0,False,,20260904_214619,remeasured,Linux x86_64
FPgrowth_Gen_Borgelt,1,retail,minsup,0.5,0.0442,11.78,1.0,False,,20260904_214619,remeasured,Linux x86_64
FPgrowth_Gen_Borgelt,1,retail,minsup,0.7,0.0418,11.21,0.0,False,,20260904_214619,remeasured,Linux x86_64
HUG_Miner,3,chainstore,min_utility,1000.0,0.4832,273.84,1000.0,False,,20260904_214619,remeasured,Linux x86_64
HUG_Miner,3,chainstore,min_utility,2000.0,0.4947,272.2,1000.0,False,,20260904_214619,remeasured,Linux x86_64
HUG_Miner,3,chainstore,min_utility,5000.0,0.4722,271.7,0.0,False,,20260904_214619,remeasured,Linux x86_64
HUG_Miner,3,foodmart,min_utility,20.0,0.3618,140.01,13775.0,False,,20260904_214619,remeasured,Linux x86_64
HUG_Miner,3,foodmart,min_utility,50.0,0.2683,113.62,1475.0,False,,20260904_214619,remeasured,Linux x86_64
HUG_Miner,3,foodmart,min_utility,100.0,0.2534,112.32,687.0,False,,20260904_214619,remeasured,Linux x86_64
GHUI_Miner,3,chainstore,min_utility,1000.0,0.8165,434.67,1000.0,False,,20260904_214619,remeasured,Linux x86_64
GHUI_Miner,3,chainstore,min_utility,2000.0,0.7865,432.76,1000.0,False,,20260904_214619,remeasured,Linux x86_64
GHUI_Miner,3,chainstore,min_utility,5000.0,0.6135,408.71,0.0,False,,20260904_214619,remeasured,Linux x86_64
GHUI_Miner,3,foodmart,min_utility,20.0,0.9143,298.83,21978.0,False,,20260904_214619,remeasured,Linux x86_64
GHUI_Miner,3,foodmart,min_utility,50.0,0.6088,283.43,10069.0,False,,20260904_214619,remeasured,Linux x86_64
GHUI_Miner,3,foodmart,min_utility,100.0,0.3939,163.0,807.0,False,,20260904_214619,remeasured,Linux x86_64
HUCI_Miner_Generators,3,chainstore,min_utility,1000.0,1.4272,259.72,0.0,False,,20260904_214619,remeasured,Linux x86_64
HUCI_Miner_Generators,3,chainstore,min_utility,2000.0,1.444,258.69,0.0,False,,20260904_214619,remeasured,Linux x86_64
HUCI_Miner_Generators,3,chainstore,min_utility,5000.0,1.6632,256.22,,False,SPMF error: java.lang.IndexOutOfBoundsException: Index 0 out of bounds for length 0,20260904_214619,rerun,Linux x86_64
HUCI_Miner_Generators,3,foodmart,min_utility,20.0,11.1306,267.83,13146.0,False,,20260904_214619,remeasured,Linux x86_64
HUCI_Miner_Generators,3,foodmart,min_utility,50.0,0.7176,205.38,2002.0,False,,20260904_214619,remeasured,Linux x86_64
HUCI_Miner_Generators,3,foodmart,min_utility,100.0,0.394,162.5,2.0,False,,20260904_214619,remeasured,Linux x86_64
FGC_Stream,5,mushroom,minsup,0.05,884.4065,44.75,21391,False,,20260904_214619,rerun,Linux x86_64
FGC_Stream,5,mushroom,minsup,0.1,413.828,30.93,7585,False,,20260904_214619,rerun,Linux x86_64
FGC_Stream,5,mushroom,minsup,0.15,233.2462,26.47,3084,False,,20260904_214619,rerun,Linux x86_64
FGC_Stream,5,mushroom,minsup,0.4,23.4236,23.26,153,False,,20260904_214619,rerun,Linux x86_64
FGC_Stream,5,mushroom,minsup,0.6,1.755,23.25,21,False,,20260904_214619,rerun,Linux x86_64
FGC_Stream,5,connect,minsup,0.4,3600.0409,124.68,,True,,20260904_214619,rerun,Linux x86_64
FGC_Stream,5,connect,minsup,0.6,3600.0899,180.25,,True,,20260904_214619,rerun,Linux x86_64
FGC_Stream,5,connect,minsup,0.8,3600.0217,236.2,,True,,20260904_214619,rerun,Linux x86_64
FGC_Stream,5,connect,minsup,0.9,3600.0689,265.21,,True,,20260904_214619,rerun,Linux x86_64
FGC_Stream,5,chess,minsup,0.4,3600.0345,329.84,,True,,20260904_214619,rerun,Linux x86_64
FGC_Stream,5,chess,minsup,0.6,3503.2678,195.66,98419,False,,20260904_214619,rerun,Linux x86_64
FGC_Stream,5,chess,minsup,0.8,187.0577,23.67,5084,False,,20260904_214619,rerun,Linux x86_64
FGC_Stream,5,chess,minsup,0.9,9.7388,16.28,504,False,,20260904_214619,rerun,Linux x86_64
FGC_Stream,5,t10i4d100k,minsup,0.001,218.4696,98.96,871,False,,20260904_214619,rerun,Linux x86_64
FGC_Stream,5,t10i4d100k,minsup,0.002,201.3183,98.96,871,False,,20260904_214619,rerun,Linux x86_64
FGC_Stream,5,t10i4d100k,minsup,0.005,169.6082,98.98,871,False,,20260904_214619,rerun,Linux x86_64
FGC_Stream,5,t10i4d100k,minsup,0.01,34.6795,98.96,870,False,,20260904_214619,rerun,Linux x86_64
FGC_Stream,5,t10i4d100k,minsup,0.02,0.7699,98.11,1,False,,20260904_214619,rerun,Linux x86_64
FGC_Stream,5,t10i4d100k,minsup,0.05,0.7413,98.11,1,False,,20260904_214619,rerun,Linux x86_64
FGC_Stream,5,retail,minsup,0.0005,2925.0589,124.59,19699,False,,20260904_214619,rerun,Linux x86_64
FGC_Stream,5,retail,minsup,0.001,1663.3835,111.25,7696,False,,20260904_214619,rerun,Linux x86_64
FGC_Stream,5,retail,minsup,0.002,998.0178,105.67,2716,False,,20260904_214619,rerun,Linux x86_64
FGC_Stream,5,retail,minsup,0.005,452.5109,103.0,581,False,,20260904_214619,rerun,Linux x86_64
FGC_Stream,5,retail,minsup,0.01,179.3822,101.72,160,False,,20260904_214619,rerun,Linux x86_64
FGC_Stream,5,retail,minsup,0.02,98.5938,101.11,56,False,,20260904_214619,rerun,Linux x86_64
FGC_Stream,5,accidents,minsup,0.3,3600.0357,410.36,,True,,20260904_214619,rerun,Linux x86_64
FGC_Stream,5,accidents,minsup,0.4,3600.041,534.01,,True,,20260904_214619,rerun,Linux x86_64
FGC_Stream,5,accidents,minsup,0.5,3600.0846,656.46,,True,,20260904_214619,rerun,Linux x86_64
FGC_Stream,5,accidents,minsup,0.6,3600.0602,778.32,,True,,20260904_214619,rerun,Linux x86_64
FGC_Stream,5,accidents,minsup,0.7,3600.0361,899.75,,True,,20260904_214619,rerun,Linux x86_64
FGC_Stream,5,accidents,minsup,0.8,3600.1078,1021.07,,True,,20260904_214619,rerun,Linux x86_64
FGC_Stream,5,pumsb,minsup,0.6,3600.1182,230.55,,True,,20260904_214619,rerun,Linux x86_64
FGC_Stream,5,pumsb,minsup,0.7,3600.1208,265.99,,True,,20260904_214619,rerun,Linux x86_64
FGC_Stream,5,pumsb,minsup,0.75,3600.0542,283.45,,True,,20260904_214619,rerun,Linux x86_64
FGC_Stream,5,pumsb,minsup,0.8,3600.09,300.81,,True,,20260904_214619,rerun,Linux x86_64
FGC_Stream,5,pumsb,minsup,0.85,3600.0751,318.5,,True,,20260904_214619,rerun,Linux x86_64
FGC_Stream,5,pumsb,minsup,0.9,3600.0245,335.96,,True,,20260904_214619,rerun,Linux x86_64
FGC_Stream,5,pumsb,minsup,0.95,936.4791,346.87,142,False,,20260904_214619,rerun,Linux x86_64
Arima,5,accidents,maxsup,0.1,3600.0368,707.79,,True,,20260904_214619,rerun,Linux x86_64
Arima,5,accidents,maxsup,0.2,134.2372,560.31,19187,False,,20260904_214619,rerun,Linux x86_64
Arima,5,accidents,maxsup,0.3,13.7258,268.65,5096.0,False,,20260904_214619,remeasured,Linux x86_64
Arima,5,pumsb,maxsup,0.1,3600.1832,3367.45,,True,,20260904_214619,rerun,Linux x86_64
Arima,5,pumsb,maxsup,0.2,3600.1685,1561.83,,True,,20260904_214619,rerun,Linux x86_64
Arima,5,pumsb,maxsup,0.3,3600.2003,2905.93,,True,,20260904_214619,rerun,Linux x86_64
Talky_G,1,chess,minsup,0.2,3600.1471,1351.99,,True,,20260906_103451,rerun,Linux x86_64
Gr_growth,1,mushroom,minsup,0.05,0.0255,15.59,21391.0,False,,20260906_113511,remeasured,Linux x86_64
Gr_growth,1,mushroom,minsup,0.1,0.0168,14.74,7585.0,False,,20260906_113511,remeasured,Linux x86_64
Gr_growth,1,mushroom,minsup,0.15,0.0134,14.43,3084.0,False,,20260906_113511,remeasured,Linux x86_64
Gr_growth,1,mushroom,minsup,0.2,0.0147,14.25,1704.0,False,,20260906_113511,remeasured,Linux x86_64
Gr_growth,1,mushroom,minsup,0.3,0.0112,14.02,544.0,False,,20260906_113511,remeasured,Linux x86_64
Gr_growth,1,mushroom,minsup,0.4,0.0103,14.0,153.0,False,,20260906_113511,remeasured,Linux x86_64
Gr_growth,1,mushroom,minsup,0.5,0.0106,13.98,52.0,False,,20260906_113511,remeasured,Linux x86_64
Gr_growth,1,mushroom,minsup,0.6,0.0112,13.94,21.0,False,,20260906_113511,remeasured,Linux x86_64
Gr_growth,1,mushroom,minsup,0.7,0.0099,13.98,13.0,False,,20260906_113511,remeasured,Linux x86_64
Gr_growth,1,connect,minsup,0.2,0.8426,80.18,1483175.0,False,,20260906_113511,remeasured,Linux x86_64
Gr_growth,1,connect,minsup,0.3,0.2639,31.83,460402.0,False,,20260906_113511,remeasured,Linux x86_64
Gr_growth,1,connect,minsup,0.4,0.1446,23.12,239370.0,False,,20260906_113511,remeasured,Linux x86_64
Gr_growth,1,connect,minsup,0.5,0.1029,18.84,130110.0,False,,20260906_113511,remeasured,Linux x86_64
Gr_growth,1,connect,minsup,0.6,0.0788,16.52,68349.0,False,,20260906_113511,remeasured,Linux x86_64
Gr_growth,1,connect,minsup,0.7,0.0649,15.2,35875.0,False,,20260906_113511,remeasured,Linux x86_64
Gr_growth,1,connect,minsup,0.8,0.0564,14.46,15108.0,False,,20260906_113511,remeasured,Linux x86_64
Gr_growth,1,connect,minsup,0.9,0.055,14.07,3487.0,False,,20260906_113511,remeasured,Linux x86_64
Gr_growth,1,chess,minsup,0.2,19.8408,1209.13,25155785,False,,20260906_113511,rerun,Linux x86_64
Gr_growth,1,chess,minsup,0.3,3.4843,285.5,5601829.0,False,,20260906_113511,remeasured,Linux x86_64
Gr_growth,1,chess,minsup,0.4,0.736,66.47,1402786.0,False,,20260906_113511,remeasured,Linux x86_64
Gr_growth,1,chess,minsup,0.5,0.1798,29.02,372604.0,False,,20260906_113511,remeasured,Linux x86_64
Gr_growth,1,chess,minsup,0.6,0.0535,18.1,98419.0,False,,20260906_113511,remeasured,Linux x86_64
Gr_growth,1,chess,minsup,0.7,0.0184,14.9,23992.0,False,,20260906_113511,remeasured,Linux x86_64
Gr_growth,1,chess,minsup,0.8,0.0102,14.11,5084.0,False,,20260906_113511,remeasured,Linux x86_64
Gr_growth,1,chess,minsup,0.9,0.0093,13.98,504.0,False,,20260906_113511,remeasured,Linux x86_64
Gr_growth,1,t10i4d100k,minsup,0.001,0.2094,44.36,871.0,False,,20260906_113511,remeasured,Linux x86_64
Gr_growth,1,t10i4d100k,minsup,0.002,0.2092,44.36,871.0,False,,20260906_113511,remeasured,Linux x86_64
Gr_growth,1,t10i4d100k,minsup,0.005,0.2096,44.36,871.0,False,,20260906_113511,remeasured,Linux x86_64
Gr_growth,1,t10i4d100k,minsup,0.01,0.2049,44.32,870.0,False,,20260906_113511,remeasured,Linux x86_64
Gr_growth,1,t10i4d100k,minsup,0.02,0.0152,3.91,1.0,False,,20260906_113511,remeasured,Linux x86_64
Gr_growth,1,t10i4d100k,minsup,0.05,0.0141,3.91,1.0,False,,20260906_113511,remeasured,Linux x86_64
Gr_growth,1,t10i4d100k,minsup,0.2,0.0145,3.91,1.0,False,,20260906_113511,remeasured,Linux x86_64
Gr_growth,1,t10i4d100k,minsup,0.3,0.0138,3.91,1.0,False,,20260906_113511,remeasured,Linux x86_64
Gr_growth,1,t10i4d100k,minsup,0.5,0.0128,3.91,1.0,False,,20260906_113511,remeasured,Linux x86_64
Gr_growth,1,t10i4d100k,minsup,0.7,0.0149,3.91,1.0,False,,20260906_113511,remeasured,Linux x86_64
Gr_growth,1,retail,minsup,0.0005,0.2084,35.69,19699.0,False,,20260906_113511,remeasured,Linux x86_64
Gr_growth,1,retail,minsup,0.001,0.1571,30.92,7696.0,False,,20260906_113511,remeasured,Linux x86_64
Gr_growth,1,retail,minsup,0.002,0.1034,25.37,2716.0,False,,20260906_113511,remeasured,Linux x86_64
Gr_growth,1,retail,minsup,0.005,0.0602,18.14,581.0,False,,20260906_113511,remeasured,Linux x86_64
Gr_growth,1,retail,minsup,0.01,0.0427,15.24,160.0,False,,20260906_113511,remeasured,Linux x86_64
Gr_growth,1,retail,minsup,0.02,0.0365,14.18,56.0,False,,20260906_113511,remeasured,Linux x86_64
Gr_growth,1,retail,minsup,0.2,0.036,14.09,4.0,False,,20260906_113511,remeasured,Linux x86_64
Gr_growth,1,retail,minsup,0.3,0.0381,14.09,4.0,False,,20260906_113511,remeasured,Linux x86_64
Gr_growth,1,retail,minsup,0.5,0.0161,4.16,2.0,False,,20260906_113511,remeasured,Linux x86_64
Gr_growth,1,retail,minsup,0.7,0.0175,4.17,1.0,False,,20260906_113511,remeasured,Linux x86_64
Gr_growth,1,accidents,minsup,0.3,0.503,41.45,149530.0,False,,20260906_113511,remeasured,Linux x86_64
Gr_growth,1,accidents,minsup,0.4,0.3499,29.59,32530.0,False,,20260906_113511,remeasured,Linux x86_64
Gr_growth,1,accidents,minsup,0.5,0.2394,19.28,8058.0,False,,20260906_113511,remeasured,Linux x86_64
Gr_growth,1,accidents,minsup,0.6,0.2226,15.66,2075.0,False,,20260906_113511,remeasured,Linux x86_64
Gr_growth,1,accidents,minsup,0.7,0.192,14.18,530.0,False,,20260906_113511,remeasured,Linux x86_64
Gr_growth,1,accidents,minsup,0.8,0.1769,14.0,150.0,False,,20260906_113511,remeasured,Linux x86_64
Gr_growth,1,pumsb,minsup,0.6,2.0571,143.53,2853042.0,False,,20260906_113511,remeasured,Linux x86_64
Gr_growth,1,pumsb,minsup,0.7,0.4582,34.73,658565.0,False,,20260906_113511,remeasured,Linux x86_64
Gr_growth,1,pumsb,minsup,0.75,0.1984,24.02,248406.0,False,,20260906_113511,remeasured,Linux x86_64
Gr_growth,1,pumsb,minsup,0.8,0.0983,16.76,67836.0,False,,20260906_113511,remeasured,Linux x86_64
Gr_growth,1,pumsb,minsup,0.85,0.0689,14.67,13795.0,False,,20260906_113511,remeasured,Linux x86_64
Gr_growth,1,pumsb,minsup,0.9,0.0661,14.16,2032.0,False,,20260906_113511,remeasured,Linux x86_64
Gr_growth,1,pumsb,minsup,0.95,0.0641,14.04,142.0,False,,20260906_113511,remeasured,Linux x86_64
VGEN,2,leviathan,minsup,0.008,0.3417,418.34,1,False,,20260906_181531,remeasured,Linux x86_64
VGEN,2,leviathan,minsup,0.006,0.3786,451.14,205,False,,20260906_181531,remeasured,Linux x86_64
VGEN,2,leviathan,minsup,0.005,0.5624,498.45,1614,False,,20260906_181531,remeasured,Linux x86_64
VGEN,2,leviathan,minsup,0.004,1.0836,646.95,5398,False,,20260906_181531,remeasured,Linux x86_64
VGEN,2,leviathan,minsup,0.003,1.7948,812.31,8436,False,,20260906_181531,remeasured,Linux x86_64
VGEN,2,bible,minsup,0.0025,0.7564,1738.07,11,False,,20260906_181531,remeasured,Linux x86_64
VGEN,2,bible,minsup,0.002,0.9583,1836.86,1756,False,,20260906_181531,remeasured,Linux x86_64
VGEN,2,bible,minsup,0.0015,4.1578,2505.72,12075,False,,20260906_181531,remeasured,Linux x86_64
VGEN,2,bible,minsup,0.00125,5.0613,2719.83,13794,False,,20260906_181531,remeasured,Linux x86_64
VGEN,2,bible,minsup,0.001,5.0782,2653.66,13906,False,,20260906_181531,remeasured,Linux x86_64
VGEN,2,sign,minsup,0.05,0.3356,128.31,268,False,,20260906_181531,remeasured,Linux x86_64
VGEN,2,sign,minsup,0.04,0.3341,130.97,399,False,,20260906_181531,remeasured,Linux x86_64
VGEN,2,sign,minsup,0.03,0.6754,406.88,9327,False,,20260906_181531,remeasured,Linux x86_64
VGEN,2,sign,minsup,0.025,2.2242,839.24,23903,False,,20260906_181531,remeasured,Linux x86_64
VGEN,2,sign,minsup,0.02,10.3495,1094.57,51178,False,,20260906_181531,remeasured,Linux x86_64
VGEN,2,sign,minsup,0.015,19.3161,1121.84,68065,False,,20260906_181531,remeasured,Linux x86_64
FEAT,2,leviathan,minsup,0.008,0.2676,137.62,0,False,,20260906_181531,remeasured,Linux x86_64
FEAT,2,leviathan,minsup,0.006,0.3081,146.82,315,False,,20260906_181531,remeasured,Linux x86_64
FEAT,2,leviathan,minsup,0.005,0.5311,411.11,2076,False,,20260906_181531,remeasured,Linux x86_64
FEAT,2,leviathan,minsup,0.004,1.0253,613.57,6103,False,,20260906_181531,remeasured,Linux x86_64
FEAT,2,leviathan,minsup,0.003,1.3293,625.95,8666,False,,20260906_181531,remeasured,Linux x86_64
FEAT,2,bible,minsup,0.0025,0.4776,349.76,15,False,,20260906_181531,remeasured,Linux x86_64
FEAT,2,bible,minsup,0.002,1.3892,1417.67,2134,False,,20260906_181531,remeasured,Linux x86_64
FEAT,2,bible,minsup,0.0015,6.2548,1516.21,12462,False,,20260906_181531,remeasured,Linux x86_64
FEAT,2,bible,minsup,0.00125,6.9927,1506.75,13833,False,,20260906_181531,remeasured,Linux x86_64
FEAT,2,bible,minsup,0.001,6.9611,1529.64,13905,False,,20260906_181531,remeasured,Linux x86_64
FEAT,2,sign,minsup,0.05,0.4303,316.56,267,False,,20260906_181531,remeasured,Linux x86_64
FEAT,2,sign,minsup,0.04,0.6105,393.16,526,False,,20260906_181531,remeasured,Linux x86_64
FEAT,2,sign,minsup,0.03,7.7032,380.91,13128,False,,20260906_181531,remeasured,Linux x86_64
FEAT,2,sign,minsup,0.025,17.4633,414.07,30445,False,,20260906_181531,remeasured,Linux x86_64
FEAT,2,sign,minsup,0.02,34.4259,447.8,56952,False,,20260906_181531,rerun,Linux x86_64
FEAT,2,sign,minsup,0.015,44.3638,453.19,69710,False,,20260906_181531,rerun,Linux x86_64
FSGP,2,leviathan,minsup,0.008,0.2594,150.06,0,False,,20260906_181531,remeasured,Linux x86_64
FSGP,2,leviathan,minsup,0.006,0.3058,147.02,315,False,,20260906_181531,remeasured,Linux x86_64
FSGP,2,leviathan,minsup,0.005,0.5364,414.44,2076,False,,20260906_181531,remeasured,Linux x86_64
FSGP,2,leviathan,minsup,0.004,1.0118,605.25,6103,False,,20260906_181531,remeasured,Linux x86_64
FSGP,2,leviathan,minsup,0.003,1.3356,641.8,8666,False,,20260906_181531,remeasured,Linux x86_64
FSGP,2,bible,minsup,0.0025,0.4732,340.15,15,False,,20260906_181531,remeasured,Linux x86_64
FSGP,2,bible,minsup,0.002,1.4048,1439.06,2134,False,,20260906_181531,remeasured,Linux x86_64
FSGP,2,bible,minsup,0.0015,6.2945,1500.36,12462,False,,20260906_181531,remeasured,Linux x86_64
FSGP,2,bible,minsup,0.00125,6.9587,1535.54,13833,False,,20260906_181531,remeasured,Linux x86_64
FSGP,2,bible,minsup,0.001,7.0012,1531.2,13905,False,,20260906_181531,remeasured,Linux x86_64
FSGP,2,sign,minsup,0.05,0.4168,331.27,267,False,,20260906_181531,remeasured,Linux x86_64
FSGP,2,sign,minsup,0.04,0.4619,350.57,526,False,,20260906_181531,remeasured,Linux x86_64
FSGP,2,sign,minsup,0.03,1.2374,618.9,13128,False,,20260906_181531,remeasured,Linux x86_64
FSGP,2,sign,minsup,0.025,2.083,769.55,30445,False,,20260906_181531,remeasured,Linux x86_64
FSGP,2,sign,minsup,0.02,3.2525,993.49,56952,False,,20260906_181531,remeasured,Linux x86_64
FSGP,2,sign,minsup,0.015,4.0357,1194.24,69710,False,,20260906_181531,remeasured,Linux x86_64
