algorithm,category,dataset,param_name,param_value,runtime_s,peak_memory_mb,generator_count,timed_out,error,timestamp
DefMe,1,connect,minsup,0.2,74.2699,792.62,1482862.0,False,,20260604_215741
DefMe,1,connect,minsup,0.3,28.3895,650.07,460357.0,False,,20260604_215741
DefMe,1,connect,minsup,0.5,5.869,822.21,130102.0,False,,20260604_215741
DefMe,1,connect,minsup,0.7,1.9909,855.21,35876.0,False,,20260604_215741
DefMe,1,chess,minsup,0.2,56.6424,575.52,25031186.0,False,,20260604_215741
DefMe,1,chess,minsup,0.3,10.5525,591.71,5601829.0,False,,20260604_215741
DefMe,1,chess,minsup,0.5,1.0789,435.59,372604.0,False,,20260604_215741
DefMe,1,chess,minsup,0.7,0.5497,144.24,23893.0,False,,20260604_215741
DefMe,1,t10i4d100k,minsup,0.2,0.5825,136.53,1.0,False,,20260604_215741
DefMe,1,t10i4d100k,minsup,0.3,0.5892,126.77,1.0,False,,20260604_215741
DefMe,1,t10i4d100k,minsup,0.5,0.5611,153.18,1.0,False,,20260604_215741
DefMe,1,t10i4d100k,minsup,0.7,0.5755,137.23,1.0,False,,20260604_215741
DefMe,1,retail,minsup,0.2,0.7543,402.91,4.0,False,,20260604_215741
DefMe,1,retail,minsup,0.3,0.7497,403.25,4.0,False,,20260604_215741
DefMe,1,retail,minsup,0.5,0.7288,374.52,2.0,False,,20260604_215741
DefMe,1,retail,minsup,0.7,0.7279,402.09,1.0,False,,20260604_215741
Talky_G,1,connect,minsup,0.2,60.0091,737.82,1482862.0,False,,20260604_215741
Talky_G,1,connect,minsup,0.3,5.5839,716.71,460357.0,False,,20260604_215741
Talky_G,1,connect,minsup,0.5,1.6981,485.17,130102.0,False,,20260604_215741
Talky_G,1,connect,minsup,0.7,1.1294,335.24,35876.0,False,,20260604_215741
Talky_G,1,chess,minsup,0.3,831.0637,823.38,5601874.0,False,,20260604_215741
Talky_G,1,chess,minsup,0.5,3.5227,255.5,372604.0,False,,20260604_215741
Talky_G,1,chess,minsup,0.7,0.4743,103.57,23893.0,False,,20260604_215741
Talky_G,1,t10i4d100k,minsup,0.2,0.5827,155.03,1.0,False,,20260604_215741
Talky_G,1,t10i4d100k,minsup,0.3,0.5772,154.9,1.0,False,,20260604_215741
Talky_G,1,t10i4d100k,minsup,0.5,0.5543,154.96,1.0,False,,20260604_215741
Talky_G,1,t10i4d100k,minsup,0.7,0.5828,155.4,1.0,False,,20260604_215741
Talky_G,1,retail,minsup,0.2,1.066,1042.05,4.0,False,,20260604_215741
Talky_G,1,retail,minsup,0.3,1.0601,1045.38,4.0,False,,20260604_215741
Talky_G,1,retail,minsup,0.5,1.041,1042.41,2.0,False,,20260604_215741
Talky_G,1,retail,minsup,0.7,1.0383,1045.82,1.0,False,,20260604_215741
Pascal,1,connect,minsup,0.2,3600.0352,960.12,821318.0,True,,20260605_080337
Pascal,1,connect,minsup,0.3,3600.0398,585.13,303721.0,True,,20260605_080337
Pascal,1,connect,minsup,0.5,3600.0373,789.32,128159.0,True,,20260605_080337
Pascal,1,connect,minsup,0.7,3600.0453,712.48,35875.0,True,,20260605_080337
Pascal,1,chess,minsup,0.2,3600.04,638.04,1459438.0,True,,20260605_080337
Pascal,1,chess,minsup,0.3,3600.0345,620.0,1555523.0,True,,20260605_080337
Pascal,1,chess,minsup,0.5,532.7063,285.55,372603.0,False,,20260605_080337
Pascal,1,chess,minsup,0.7,3.3229,98.14,23892.0,False,,20260605_080337
Pascal,1,t10i4d100k,minsup,0.2,0.5082,123.01,0.0,False,,20260605_080337
Pascal,1,t10i4d100k,minsup,0.3,0.4826,100.89,0.0,False,,20260605_080337
Pascal,1,t10i4d100k,minsup,0.5,0.4866,124.0,0.0,False,,20260605_080337
Pascal,1,t10i4d100k,minsup,0.7,0.4594,101.65,0.0,False,,20260605_080337
Pascal,1,retail,minsup,0.2,0.5361,113.57,3.0,False,,20260605_080337
Pascal,1,retail,minsup,0.3,0.4953,118.82,3.0,False,,20260605_080337
Pascal,1,retail,minsup,0.5,0.5374,114.53,1.0,False,,20260605_080337
Pascal,1,retail,minsup,0.7,0.5271,114.21,0.0,False,,20260605_080337
Zart,1,connect,minsup,0.2,3600.0292,386.79,0.0,True,,20260605_080337
Zart,1,connect,minsup,0.3,3600.0313,528.1,0.0,True,,20260605_080337
Zart,1,connect,minsup,0.5,3600.0311,291.21,0.0,True,,20260605_080337
Zart,1,connect,minsup,0.7,3600.0315,410.3,0.0,True,,20260605_080337
Zart,1,chess,minsup,0.2,3600.04,411.03,0.0,True,,20260605_080337
Zart,1,chess,minsup,0.3,3600.0318,421.39,0.0,True,,20260605_080337
Zart,1,chess,minsup,0.5,3600.0415,309.16,0.0,True,,20260605_080337
Zart,1,chess,minsup,0.7,50.7196,232.36,23893.0,False,,20260605_080337
Zart,1,t10i4d100k,minsup,0.2,0.5581,154.58,0.0,False,,20260605_080337
Zart,1,t10i4d100k,minsup,0.3,0.5445,154.8,0.0,False,,20260605_080337
Zart,1,t10i4d100k,minsup,0.5,0.5655,154.97,0.0,False,,20260605_080337
Zart,1,t10i4d100k,minsup,0.7,0.5424,155.78,0.0,False,,20260605_080337
Zart,1,retail,minsup,0.2,0.6336,156.3,4.0,False,,20260605_080337
Zart,1,retail,minsup,0.3,0.6097,154.98,4.0,False,,20260605_080337
Zart,1,retail,minsup,0.5,0.5992,154.07,2.0,False,,20260605_080337
Zart,1,retail,minsup,0.7,0.591,155.21,0.0,False,,20260605_080337
TalkyG_Diffset,1,connect,minsup,0.2,43.4927,894.25,1482862.0,False,,20260605_080337
TalkyG_Diffset,1,connect,minsup,0.3,4.9779,882.91,460357.0,False,,20260605_080337
TalkyG_Diffset,1,connect,minsup,0.5,1.4687,648.39,130102.0,False,,20260605_080337
TalkyG_Diffset,1,connect,minsup,0.7,1.0517,447.54,35876.0,False,,20260605_080337
TalkyG_Diffset,1,chess,minsup,0.2,3600.0308,1565.85,9971749.0,True,,20260605_080337
TalkyG_Diffset,1,chess,minsup,0.3,833.9739,884.35,5601874.0,False,,20260605_080337
TalkyG_Diffset,1,chess,minsup,0.5,3.4577,252.88,372604.0,False,,20260605_080337
TalkyG_Diffset,1,chess,minsup,0.7,0.4809,115.36,23893.0,False,,20260605_080337
TalkyG_Diffset,1,t10i4d100k,minsup,0.2,0.5427,155.18,1.0,False,,20260605_080337
TalkyG_Diffset,1,t10i4d100k,minsup,0.3,0.5588,155.47,1.0,False,,20260605_080337
TalkyG_Diffset,1,t10i4d100k,minsup,0.5,0.5874,154.79,1.0,False,,20260605_080337
TalkyG_Diffset,1,t10i4d100k,minsup,0.7,0.5483,155.66,1.0,False,,20260605_080337
TalkyG_Diffset,1,retail,minsup,0.2,0.9592,932.09,4.0,False,,20260605_080337
TalkyG_Diffset,1,retail,minsup,0.3,0.973,920.23,4.0,False,,20260605_080337
TalkyG_Diffset,1,retail,minsup,0.5,0.9451,931.58,2.0,False,,20260605_080337
TalkyG_Diffset,1,retail,minsup,0.7,0.9607,927.89,1.0,False,,20260605_080337
FGC_Stream,5,connect,minsup,0.2,3600.0534,74.14,0.0,True,,20260605_080337
FGC_Stream,5,connect,minsup,0.3,3601.9887,101.34,0.0,True,,20260605_080337
FGC_Stream,5,connect,minsup,0.5,3602.0551,159.03,0.0,True,,20260605_080337
FGC_Stream,5,connect,minsup,0.7,3604.8342,217.53,0.0,True,,20260605_080337
FGC_Stream,5,chess,minsup,0.2,3606.6339,594.97,0.0,True,,20260605_080337
FGC_Stream,5,chess,minsup,0.3,3622.0171,382.45,0.0,True,,20260605_080337
FGC_Stream,5,chess,minsup,0.5,3602.3178,259.65,0.0,True,,20260605_080337
FGC_Stream,5,chess,minsup,0.7,1466.8597,56.39,23992.0,False,,20260605_080337
FGC_Stream,5,t10i4d100k,minsup,0.2,2.8963,100.51,1.0,False,,20260605_080337
FGC_Stream,5,t10i4d100k,minsup,0.3,0.9902,100.55,1.0,False,,20260605_080337
FGC_Stream,5,t10i4d100k,minsup,0.5,0.9543,100.55,1.0,False,,20260605_080337
FGC_Stream,5,t10i4d100k,minsup,0.7,0.9011,100.36,1.0,False,,20260605_080337
FGC_Stream,5,retail,minsup,0.2,39.3975,107.03,4.0,False,,20260605_080337
FGC_Stream,5,retail,minsup,0.3,100.6131,114.4,4.0,False,,20260605_080337
FGC_Stream,5,retail,minsup,0.5,1.0799,99.4,2.0,False,,20260605_080337
FGC_Stream,5,retail,minsup,0.7,1.0065,99.07,1.0,False,,20260605_080337
Arima,5,connect,maxsup,0.1,3600.0336,2696.6,32591.0,True,,20260605_080337
Arima,5,connect,maxsup,0.2,416.5369,4147.82,,False,java.lang.OutOfMemoryError: Java heap space,20260605_080337
Arima,5,connect,maxsup,0.3,90.0621,4160.74,,False,java.lang.OutOfMemoryError: Java heap space,20260605_080337
Arima,5,chess,maxsup,0.1,32.1055,4142.8,,False,java.lang.OutOfMemoryError: Java heap space,20260605_080337
Arima,5,chess,maxsup,0.2,37.8689,4158.67,,False,java.lang.OutOfMemoryError: Java heap space,20260605_080337
Arima,5,chess,maxsup,0.3,66.5203,4141.83,,False,java.lang.OutOfMemoryError: Java heap space,20260605_080337
Arima,5,t10i4d100k,maxsup,0.1,0.4167,84.83,870.0,False,,20260605_080337
Arima,5,t10i4d100k,maxsup,0.2,0.4141,86.58,870.0,False,,20260605_080337
Arima,5,t10i4d100k,maxsup,0.3,0.4141,85.39,870.0,False,,20260605_080337
Arima,5,retail,maxsup,0.1,0.5275,103.85,16472.0,False,,20260605_080337
Arima,5,retail,maxsup,0.2,0.523,103.78,16468.0,False,,20260605_080337
Arima,5,retail,maxsup,0.3,0.4936,103.69,16468.0,False,,20260605_080337
DefMe,1,mushroom,minsup,0.2,0.4633,86.91,1704.0,False,,20260722_121411
DefMe,1,mushroom,minsup,0.3,0.4261,88.23,544.0,False,,20260722_121411
DefMe,1,mushroom,minsup,0.5,0.4089,87.38,53.0,False,,20260722_121411
DefMe,1,mushroom,minsup,0.7,0.414,86.82,13.0,False,,20260722_121411
Talky_G,1,mushroom,minsup,0.2,0.4684,85.67,1852.0,False,,20260722_121411
Talky_G,1,mushroom,minsup,0.3,0.4293,86.66,551.0,False,,20260722_121411
Talky_G,1,mushroom,minsup,0.5,0.459,86.62,52.0,False,,20260722_121411
Talky_G,1,mushroom,minsup,0.7,0.4186,85.73,12.0,False,,20260722_121411
Pascal,1,mushroom,minsup,0.2,1.604,104.19,1703.0,False,,20260722_121411
Pascal,1,mushroom,minsup,0.3,0.6929,89.11,543.0,False,,20260722_121411
Pascal,1,mushroom,minsup,0.5,0.4782,93.07,52.0,False,,20260722_121411
Pascal,1,mushroom,minsup,0.7,0.4325,87.52,12.0,False,,20260722_121411
Zart,1,mushroom,minsup,0.2,59.3,225.14,1704.0,False,,20260722_121411
Zart,1,mushroom,minsup,0.3,1.6755,179.65,544.0,False,,20260722_121411
Zart,1,mushroom,minsup,0.5,0.5554,91.04,53.0,False,,20260722_121411
Zart,1,mushroom,minsup,0.7,0.4774,87.58,13.0,False,,20260722_121411
TalkyG_Diffset,1,mushroom,minsup,0.2,0.4825,87.0,1852.0,False,,20260722_121411
TalkyG_Diffset,1,mushroom,minsup,0.3,0.4424,86.9,551.0,False,,20260722_121411
TalkyG_Diffset,1,mushroom,minsup,0.5,0.448,86.44,52.0,False,,20260722_121411
TalkyG_Diffset,1,mushroom,minsup,0.7,0.4494,83.49,12.0,False,,20260722_121411
FGC_Stream,5,mushroom,minsup,0.2,277.3621,31.2,1704.0,False,,20260722_121411
FGC_Stream,5,mushroom,minsup,0.3,113.8872,27.91,544.0,False,,20260722_121411
FGC_Stream,5,mushroom,minsup,0.5,18.2721,26.77,53.0,False,,20260722_121411
FGC_Stream,5,mushroom,minsup,0.7,0.7726,24.43,13.0,False,,20260722_121411
Arima,5,mushroom,maxsup,0.1,2.0077,307.77,3077.0,False,,20260722_121411
Arima,5,mushroom,maxsup,0.2,0.5939,99.27,1004.0,False,,20260722_121411
Arima,5,mushroom,maxsup,0.3,0.4714,75.37,409.0,False,,20260722_121411
Apriori_Gen_Borgelt,1,mushroom,minsup,0.1,0.1853,6.8,7584.0,False,,20260902_225814
Apriori_Gen_Borgelt,1,mushroom,minsup,0.15,0.0812,2.48,3082.0,False,,20260902_225814
Apriori_Gen_Borgelt,1,mushroom,minsup,0.2,0.0515,2.5,1703.0,False,,20260902_225814
Apriori_Gen_Borgelt,1,mushroom,minsup,0.3,0.045,2.48,543.0,False,,20260902_225814
Apriori_Gen_Borgelt,1,mushroom,minsup,0.4,0.0435,2.48,152.0,False,,20260902_225814
Apriori_Gen_Borgelt,1,mushroom,minsup,0.5,0.0407,2.48,52.0,False,,20260902_225814
Apriori_Gen_Borgelt,1,mushroom,minsup,0.6,0.0408,2.48,20.0,False,,20260902_225814
Apriori_Gen_Borgelt,1,mushroom,minsup,0.7,0.0394,2.49,12.0,False,,20260902_225814
Eclat_Gen_Borgelt,1,mushroom,minsup,0.1,0.0697,2.43,7584.0,False,,20260902_225814
Eclat_Gen_Borgelt,1,mushroom,minsup,0.15,0.0502,2.5,3082.0,False,,20260902_225814
Eclat_Gen_Borgelt,1,mushroom,minsup,0.2,0.0476,2.48,1703.0,False,,20260902_225814
Eclat_Gen_Borgelt,1,mushroom,minsup,0.3,0.043,2.49,543.0,False,,20260902_225814
Eclat_Gen_Borgelt,1,mushroom,minsup,0.4,0.0425,2.48,152.0,False,,20260902_225814
Eclat_Gen_Borgelt,1,mushroom,minsup,0.5,0.0421,2.48,52.0,False,,20260902_225814
Eclat_Gen_Borgelt,1,mushroom,minsup,0.6,0.0431,2.48,20.0,False,,20260902_225814
Eclat_Gen_Borgelt,1,mushroom,minsup,0.7,0.0434,2.48,12.0,False,,20260902_225814
FPgrowth_Gen_Borgelt,1,mushroom,minsup,0.1,0.0592,2.43,7584.0,False,,20260902_225814
FPgrowth_Gen_Borgelt,1,mushroom,minsup,0.15,0.0487,2.48,3082.0,False,,20260902_225814
FPgrowth_Gen_Borgelt,1,mushroom,minsup,0.2,0.0449,2.5,1703.0,False,,20260902_225814
FPgrowth_Gen_Borgelt,1,mushroom,minsup,0.3,0.0465,2.5,543.0,False,,20260902_225814
FPgrowth_Gen_Borgelt,1,mushroom,minsup,0.4,0.071,2.45,152.0,False,,20260902_225814
FPgrowth_Gen_Borgelt,1,mushroom,minsup,0.5,0.0494,2.5,52.0,False,,20260902_225814
FPgrowth_Gen_Borgelt,1,mushroom,minsup,0.6,0.0431,2.5,20.0,False,,20260902_225814
FPgrowth_Gen_Borgelt,1,mushroom,minsup,0.7,0.0437,2.5,12.0,False,,20260902_225814
FPgrowth_Gen_Borgelt,1,pumsb,minsup,0.6,2.9044,293.93,2853041.0,False,,20260902_232634
FPgrowth_Gen_Borgelt,1,pumsb,minsup,0.7,0.5936,84.15,658379.0,False,,20260902_232634
FPgrowth_Gen_Borgelt,1,pumsb,minsup,0.75,0.3121,42.21,248298.0,False,,20260902_232634
FPgrowth_Gen_Borgelt,1,pumsb,minsup,0.8,0.191,20.06,67835.0,False,,20260902_232634
FPgrowth_Gen_Borgelt,1,pumsb,minsup,0.85,0.1723,20.43,13789.0,False,,20260902_232634
FPgrowth_Gen_Borgelt,1,pumsb,minsup,0.9,0.1621,20.06,2030.0,False,,20260902_232634
FPgrowth_Gen_Borgelt,1,pumsb,minsup,0.95,0.1561,20.43,141.0,False,,20260902_232634
FPgrowth_Gen_Borgelt,1,accidents,minsup,0.3,0.8994,111.55,149529.0,False,,20260902_232634
FPgrowth_Gen_Borgelt,1,accidents,minsup,0.4,0.7417,92.03,32528.0,False,,20260902_232634
FPgrowth_Gen_Borgelt,1,accidents,minsup,0.5,0.6318,63.59,8057.0,False,,20260902_232634
FPgrowth_Gen_Borgelt,1,accidents,minsup,0.6,0.6058,63.58,2074.0,False,,20260902_232634
FPgrowth_Gen_Borgelt,1,accidents,minsup,0.7,0.5477,63.55,529.0,False,,20260902_232634
FPgrowth_Gen_Borgelt,1,accidents,minsup,0.8,0.5117,60.97,149.0,False,,20260902_232634
DefMe,1,mushroom,minsup,0.05,0.6522,270.41,21391.0,False,,20260902_232659
DefMe,1,mushroom,minsup,0.1,0.5663,205.76,7585.0,False,,20260902_232659
DefMe,1,mushroom,minsup,0.15,0.4769,108.09,3083.0,False,,20260902_232659
DefMe,1,mushroom,minsup,0.4,0.3909,86.72,153.0,False,,20260902_232659
DefMe,1,mushroom,minsup,0.6,0.3878,87.84,21.0,False,,20260902_232659
DefMe,1,connect,minsup,0.4,9.1225,849.1,239373.0,False,,20260902_232659
DefMe,1,connect,minsup,0.6,2.7971,727.28,68344.0,False,,20260902_232659
DefMe,1,connect,minsup,0.8,1.1287,723.82,15108.0,False,,20260902_232659
DefMe,1,connect,minsup,0.9,0.7593,243.77,3487.0,False,,20260902_232659
DefMe,1,chess,minsup,0.4,2.3303,556.77,1396843.0,False,,20260902_232659
DefMe,1,chess,minsup,0.6,0.5444,222.12,98419.0,False,,20260902_232659
DefMe,1,chess,minsup,0.8,0.4322,89.39,5084.0,False,,20260902_232659
DefMe,1,chess,minsup,0.9,0.3978,87.63,499.0,False,,20260902_232659
DefMe,1,t10i4d100k,minsup,0.001,1.529,469.18,871.0,False,,20260902_232659
DefMe,1,t10i4d100k,minsup,0.002,1.5349,469.48,871.0,False,,20260902_232659
DefMe,1,t10i4d100k,minsup,0.005,1.6085,470.45,871.0,False,,20260902_232659
DefMe,1,t10i4d100k,minsup,0.01,1.6138,468.77,870.0,False,,20260902_232659
DefMe,1,t10i4d100k,minsup,0.02,0.586,114.78,1.0,False,,20260902_232659
DefMe,1,t10i4d100k,minsup,0.05,0.5766,153.2,1.0,False,,20260902_232659
DefMe,1,retail,minsup,0.0005,19.3941,1625.49,19115.0,False,,20260902_232659
DefMe,1,retail,minsup,0.001,6.3462,1442.39,7573.0,False,,20260902_232659
DefMe,1,retail,minsup,0.002,1.9368,1484.2,2692.0,False,,20260902_232659
DefMe,1,retail,minsup,0.005,0.8612,641.79,581.0,False,,20260902_232659
DefMe,1,retail,minsup,0.01,0.7379,460.05,160.0,False,,20260902_232659
DefMe,1,retail,minsup,0.02,0.7067,377.48,56.0,False,,20260902_232659
DefMe,1,accidents,minsup,0.3,9.2797,1082.87,149530.0,False,,20260902_232659
DefMe,1,accidents,minsup,0.4,2.8892,1098.54,32529.0,False,,20260902_232659
DefMe,1,accidents,minsup,0.5,1.7408,1101.77,8058.0,False,,20260902_232659
DefMe,1,accidents,minsup,0.6,1.3928,554.85,2075.0,False,,20260902_232659
DefMe,1,accidents,minsup,0.7,1.3095,553.18,530.0,False,,20260902_232659
DefMe,1,accidents,minsup,0.8,1.2763,543.77,150.0,False,,20260902_232659
DefMe,1,pumsb,minsup,0.6,30.4356,1250.42,2853042.0,False,,20260902_232659
DefMe,1,pumsb,minsup,0.7,7.1539,1057.47,658380.0,False,,20260902_232659
DefMe,1,pumsb,minsup,0.75,3.0489,1053.63,248299.0,False,,20260902_232659
DefMe,1,pumsb,minsup,0.8,1.4406,1050.68,67836.0,False,,20260902_232659
DefMe,1,pumsb,minsup,0.85,0.9568,525.12,13790.0,False,,20260902_232659
DefMe,1,pumsb,minsup,0.9,0.8313,427.55,2031.0,False,,20260902_232659
DefMe,1,pumsb,minsup,0.95,0.8634,425.71,142.0,False,,20260902_232659
Talky_G,1,mushroom,minsup,0.05,0.5799,114.47,24350.0,False,,20260902_232659
Talky_G,1,mushroom,minsup,0.1,0.5021,100.09,8437.0,False,,20260902_232659
Talky_G,1,mushroom,minsup,0.15,0.4641,86.59,3287.0,False,,20260902_232659
Talky_G,1,mushroom,minsup,0.4,0.4264,85.91,152.0,False,,20260902_232659
Talky_G,1,mushroom,minsup,0.6,0.4244,86.67,20.0,False,,20260902_232659
Talky_G,1,connect,minsup,0.4,2.0621,653.79,239373.0,False,,20260902_232659
Talky_G,1,connect,minsup,0.6,1.2233,447.72,68344.0,False,,20260902_232659
Talky_G,1,connect,minsup,0.8,0.9882,233.5,15108.0,False,,20260902_232659
Talky_G,1,connect,minsup,0.9,0.9105,225.82,3487.0,False,,20260902_232659
Talky_G,1,chess,minsup,0.4,55.0255,302.29,1396843.0,False,,20260902_232659
Talky_G,1,chess,minsup,0.6,0.7714,162.22,98419.0,False,,20260902_232659
Talky_G,1,chess,minsup,0.8,0.4287,85.08,5084.0,False,,20260902_232659
Talky_G,1,chess,minsup,0.9,0.416,87.64,499.0,False,,20260902_232659
Talky_G,1,t10i4d100k,minsup,0.001,0.6562,156.42,871.0,False,,20260902_232659
Talky_G,1,t10i4d100k,minsup,0.002,0.6574,153.33,871.0,False,,20260902_232659
Talky_G,1,t10i4d100k,minsup,0.005,0.6387,157.07,871.0,False,,20260902_232659
Talky_G,1,t10i4d100k,minsup,0.01,0.6202,156.11,870.0,False,,20260902_232659
Talky_G,1,t10i4d100k,minsup,0.02,0.5857,154.66,1.0,False,,20260902_232659
Talky_G,1,t10i4d100k,minsup,0.05,0.6127,156.88,1.0,False,,20260902_232659
Talky_G,1,retail,minsup,0.0005,1.626,1187.67,19122.0,False,,20260902_232659
Talky_G,1,retail,minsup,0.001,1.3041,1047.09,7573.0,False,,20260902_232659
Talky_G,1,retail,minsup,0.002,1.2398,1033.7,2692.0,False,,20260902_232659
Talky_G,1,retail,minsup,0.005,1.1291,1039.8,581.0,False,,20260902_232659
Talky_G,1,retail,minsup,0.01,1.0728,1040.11,160.0,False,,20260902_232659
Talky_G,1,retail,minsup,0.02,1.1208,1042.35,56.0,False,,20260902_232659
Talky_G,1,accidents,minsup,0.3,3.4268,1033.06,149530.0,False,,20260902_232659
Talky_G,1,accidents,minsup,0.4,2.3513,762.77,32529.0,False,,20260902_232659
Talky_G,1,accidents,minsup,0.5,2.1019,577.15,8058.0,False,,20260902_232659
Talky_G,1,accidents,minsup,0.6,2.0179,535.95,2075.0,False,,20260902_232659
Talky_G,1,accidents,minsup,0.7,2.0371,537.04,530.0,False,,20260902_232659
Talky_G,1,accidents,minsup,0.8,2.0112,549.14,150.0,False,,20260902_232659
Talky_G,1,pumsb,minsup,0.6,118.7432,1054.15,2853042.0,False,,20260902_232659
Talky_G,1,pumsb,minsup,0.7,7.6315,1057.5,658380.0,False,,20260902_232659
Talky_G,1,pumsb,minsup,0.75,2.5504,1050.68,248299.0,False,,20260902_232659
Talky_G,1,pumsb,minsup,0.8,1.7713,531.17,67836.0,False,,20260902_232659
Talky_G,1,pumsb,minsup,0.85,1.5121,518.4,13790.0,False,,20260902_232659
Talky_G,1,pumsb,minsup,0.9,1.3849,430.87,2031.0,False,,20260902_232659
Talky_G,1,pumsb,minsup,0.95,1.389,433.18,142.0,False,,20260902_232659
Pascal,1,mushroom,minsup,0.05,3600.0442,477.62,21390.0,True,,20260902_232659
Pascal,1,mushroom,minsup,0.1,80.3058,217.44,7584.0,False,,20260902_232659
Pascal,1,mushroom,minsup,0.15,3.1969,109.75,3082.0,False,,20260902_232659
Pascal,1,mushroom,minsup,0.4,0.5874,89.16,152.0,False,,20260902_232659
Pascal,1,mushroom,minsup,0.6,0.4319,85.52,20.0,False,,20260902_232659
Pascal,1,connect,minsup,0.4,3600.036,507.23,175958.0,True,,20260902_232659
Pascal,1,connect,minsup,0.6,3600.0455,785.89,68343.0,True,,20260902_232659
Pascal,1,connect,minsup,0.8,170.0494,235.79,15107.0,False,,20260902_232659
Pascal,1,connect,minsup,0.9,22.8168,227.79,3486.0,False,,20260902_232659
Pascal,1,chess,minsup,0.4,3600.0438,512.48,920370.0,True,,20260902_232659
Pascal,1,chess,minsup,0.6,29.5937,195.48,98418.0,False,,20260902_232659
Pascal,1,chess,minsup,0.8,1.2185,87.79,5083.0,False,,20260902_232659
Pascal,1,chess,minsup,0.9,0.5412,85.6,498.0,False,,20260902_232659
Pascal,1,t10i4d100k,minsup,0.001,1250.9229,155.35,870.0,False,,20260902_232659
Pascal,1,t10i4d100k,minsup,0.002,864.2449,154.89,870.0,False,,20260902_232659
Pascal,1,t10i4d100k,minsup,0.005,788.3122,154.07,870.0,False,,20260902_232659
Pascal,1,t10i4d100k,minsup,0.01,726.2323,153.86,869.0,False,,20260902_232659
Pascal,1,t10i4d100k,minsup,0.02,0.4948,124.15,0.0,False,,20260902_232659
Pascal,1,t10i4d100k,minsup,0.05,0.5189,117.58,0.0,False,,20260902_232659
Pascal,1,retail,minsup,0.0005,3600.0427,683.35,3610.0,True,,20260902_232659
Pascal,1,retail,minsup,0.001,3201.5593,332.64,7572.0,False,,20260902_232659
Pascal,1,retail,minsup,0.002,975.9776,182.52,2691.0,False,,20260902_232659
Pascal,1,retail,minsup,0.005,39.7559,122.5,580.0,False,,20260902_232659
Pascal,1,retail,minsup,0.01,4.0169,123.38,159.0,False,,20260902_232659
Pascal,1,retail,minsup,0.02,0.8143,122.22,55.0,False,,20260902_232659
Pascal,1,accidents,minsup,0.3,2285.2093,440.48,149529.0,False,,20260902_232659
Pascal,1,accidents,minsup,0.4,578.7154,436.0,32528.0,False,,20260902_232659
Pascal,1,accidents,minsup,0.5,125.2706,422.26,8057.0,False,,20260902_232659
Pascal,1,accidents,minsup,0.6,45.6015,442.16,2074.0,False,,20260902_232659
Pascal,1,accidents,minsup,0.7,8.7942,420.49,529.0,False,,20260902_232659
Pascal,1,accidents,minsup,0.8,2.9564,427.93,149.0,False,,20260902_232659
Pascal,1,pumsb,minsup,0.6,3600.0394,411.3,713581.0,True,,20260902_232659
Pascal,1,pumsb,minsup,0.7,3600.0408,467.75,514996.0,True,,20260902_232659
Pascal,1,pumsb,minsup,0.75,1236.6243,236.86,248298.0,False,,20260902_232659
Pascal,1,pumsb,minsup,0.8,343.882,233.84,67835.0,False,,20260902_232659
Pascal,1,pumsb,minsup,0.85,73.9365,232.33,13789.0,False,,20260902_232659
Pascal,1,pumsb,minsup,0.9,8.1495,234.59,2030.0,False,,20260902_232659
Pascal,1,pumsb,minsup,0.95,1.4919,231.5,141.0,False,,20260902_232659
Zart,1,mushroom,minsup,0.05,3600.0341,308.48,0.0,True,,20260902_232659
Zart,1,mushroom,minsup,0.1,3600.0511,285.1,0.0,True,,20260902_232659
Zart,1,mushroom,minsup,0.15,205.5136,247.87,3083.0,False,,20260902_232659
Zart,1,mushroom,minsup,0.4,0.6765,133.04,153.0,False,,20260902_232659
Zart,1,mushroom,minsup,0.6,0.4477,86.88,21.0,False,,20260902_232659
Zart,1,connect,minsup,0.4,3600.0397,457.18,0.0,True,,20260902_232659
Zart,1,connect,minsup,0.6,3600.0335,390.67,0.0,True,,20260902_232659
Zart,1,connect,minsup,0.8,1741.4468,380.66,0.0,False,,20260902_232659
Zart,1,connect,minsup,0.9,149.7569,368.34,3487.0,False,,20260904_214619
Zart,1,chess,minsup,0.4,3600.0305,296.23,0.0,True,,20260904_214619
Zart,1,chess,minsup,0.6,1991.7023,304.95,98419.0,False,,20260904_214619
Zart,1,chess,minsup,0.8,3.5995,227.9,5084.0,False,,20260904_214619
Zart,1,chess,minsup,0.9,0.6072,121.76,499.0,False,,20260904_214619
Zart,1,t10i4d100k,minsup,0.001,748.0323,1233.13,871.0,False,,20260904_214619
Zart,1,t10i4d100k,minsup,0.002,760.5744,1231.21,871.0,False,,20260904_214619
Zart,1,t10i4d100k,minsup,0.005,679.5518,1187.03,871.0,False,,20260904_214619
Zart,1,t10i4d100k,minsup,0.01,738.5711,1138.68,870.0,False,,20260904_214619
Zart,1,t10i4d100k,minsup,0.02,0.598,156.77,0.0,False,,20260904_214619
Zart,1,t10i4d100k,minsup,0.05,0.5549,153.73,0.0,False,,20260904_214619
Zart,1,retail,minsup,0.0005,3600.0399,4102.85,0.0,True,,20260904_214619
Zart,1,retail,minsup,0.001,3600.0393,1781.17,0.0,True,,20260904_214619
Zart,1,retail,minsup,0.002,778.5503,1237.74,2692.0,False,,20260904_214619
Zart,1,retail,minsup,0.005,29.6878,463.98,581.0,False,,20260904_214619
Zart,1,retail,minsup,0.01,3.0356,458.53,160.0,False,,20260904_214619
Zart,1,retail,minsup,0.02,0.9014,275.08,56.0,False,,20260904_214619
Zart,1,accidents,minsup,0.3,3600.0426,1029.57,0.0,True,,20260904_214619
Zart,1,accidents,minsup,0.4,929.1072,1011.62,32529.0,False,,20260904_214619
Zart,1,accidents,minsup,0.5,202.0631,1013.59,8058.0,False,,20260904_214619
Zart,1,accidents,minsup,0.6,47.6552,1099.95,2075.0,False,,20260904_214619
Zart,1,accidents,minsup,0.7,9.919,1019.79,530.0,False,,20260904_214619
Zart,1,accidents,minsup,0.8,3.4398,579.06,150.0,False,,20260904_214619
Zart,1,pumsb,minsup,0.6,3600.0399,844.18,0.0,True,,20260904_214619
Zart,1,pumsb,minsup,0.7,3600.0448,846.96,0.0,True,,20260904_214619
Zart,1,pumsb,minsup,0.75,3600.0465,790.06,0.0,True,,20260904_214619
Zart,1,pumsb,minsup,0.8,1350.3785,648.07,67836.0,False,,20260904_214619
Zart,1,pumsb,minsup,0.85,128.6659,630.79,13790.0,False,,20260904_214619
Zart,1,pumsb,minsup,0.9,11.5525,531.05,2031.0,False,,20260904_214619
Zart,1,pumsb,minsup,0.95,1.6573,616.93,142.0,False,,20260904_214619
TalkyG_Diffset,1,mushroom,minsup,0.05,0.5799,113.35,24350.0,False,,20260904_214619
TalkyG_Diffset,1,mushroom,minsup,0.1,0.4761,85.54,8437.0,False,,20260904_214619
TalkyG_Diffset,1,mushroom,minsup,0.15,0.4477,86.98,3287.0,False,,20260904_214619
TalkyG_Diffset,1,mushroom,minsup,0.4,0.4365,84.89,152.0,False,,20260904_214619
TalkyG_Diffset,1,mushroom,minsup,0.6,0.4021,85.65,20.0,False,,20260904_214619
TalkyG_Diffset,1,connect,minsup,0.4,2.2591,744.75,239373.0,False,,20260904_214619
TalkyG_Diffset,1,connect,minsup,0.6,1.2024,456.31,68344.0,False,,20260904_214619
TalkyG_Diffset,1,connect,minsup,0.8,0.9428,245.32,15108.0,False,,20260904_214619
TalkyG_Diffset,1,connect,minsup,0.9,0.8894,226.77,3487.0,False,,20260904_214619
TalkyG_Diffset,1,chess,minsup,0.4,47.5354,301.06,1396843.0,False,,20260904_214619
TalkyG_Diffset,1,chess,minsup,0.6,0.7289,206.65,98419.0,False,,20260904_214619
TalkyG_Diffset,1,chess,minsup,0.8,0.4495,84.0,5084.0,False,,20260904_214619
TalkyG_Diffset,1,chess,minsup,0.9,0.3976,84.96,499.0,False,,20260904_214619
TalkyG_Diffset,1,t10i4d100k,minsup,0.001,0.6033,156.7,871.0,False,,20260904_214619
TalkyG_Diffset,1,t10i4d100k,minsup,0.002,0.6178,157.48,871.0,False,,20260904_214619
TalkyG_Diffset,1,t10i4d100k,minsup,0.005,0.608,156.45,871.0,False,,20260904_214619
TalkyG_Diffset,1,t10i4d100k,minsup,0.01,0.6084,157.55,870.0,False,,20260904_214619
TalkyG_Diffset,1,t10i4d100k,minsup,0.02,0.5879,154.73,1.0,False,,20260904_214619
TalkyG_Diffset,1,t10i4d100k,minsup,0.05,0.5575,154.29,1.0,False,,20260904_214619
TalkyG_Diffset,1,retail,minsup,0.0005,1.5214,1027.97,19122.0,False,,20260904_214619
TalkyG_Diffset,1,retail,minsup,0.001,1.2783,994.31,7573.0,False,,20260904_214619
TalkyG_Diffset,1,retail,minsup,0.002,1.0438,931.95,2692.0,False,,20260904_214619
TalkyG_Diffset,1,retail,minsup,0.005,0.9888,923.67,581.0,False,,20260904_214619
TalkyG_Diffset,1,retail,minsup,0.01,0.9906,928.52,160.0,False,,20260904_214619
TalkyG_Diffset,1,retail,minsup,0.02,0.9584,922.77,56.0,False,,20260904_214619
TalkyG_Diffset,1,accidents,minsup,0.3,4.4872,1065.36,149530.0,False,,20260904_214619
TalkyG_Diffset,1,accidents,minsup,0.4,2.534,1019.08,32529.0,False,,20260904_214619
TalkyG_Diffset,1,accidents,minsup,0.5,2.0967,558.92,8058.0,False,,20260904_214619
TalkyG_Diffset,1,accidents,minsup,0.6,1.9745,552.56,2075.0,False,,20260904_214619
TalkyG_Diffset,1,accidents,minsup,0.7,1.891,540.98,530.0,False,,20260904_214619
TalkyG_Diffset,1,accidents,minsup,0.8,1.8878,517.54,150.0,False,,20260904_214619
TalkyG_Diffset,1,pumsb,minsup,0.6,113.5917,1055.95,2853042.0,False,,20260904_214619
TalkyG_Diffset,1,pumsb,minsup,0.7,7.908,1089.25,658380.0,False,,20260904_214619
TalkyG_Diffset,1,pumsb,minsup,0.75,2.6239,1026.03,248299.0,False,,20260904_214619
TalkyG_Diffset,1,pumsb,minsup,0.8,1.6895,797.9,67836.0,False,,20260904_214619
TalkyG_Diffset,1,pumsb,minsup,0.85,1.439,505.22,13790.0,False,,20260904_214619
TalkyG_Diffset,1,pumsb,minsup,0.9,1.3624,443.23,2031.0,False,,20260904_214619
TalkyG_Diffset,1,pumsb,minsup,0.95,1.3718,443.27,142.0,False,,20260904_214619
Apriori_Gen_Borgelt,1,mushroom,minsup,0.05,0.3941,7.54,21390.0,False,,20260904_214619
Apriori_Gen_Borgelt,1,connect,minsup,0.2,245.6209,79.59,1482861.0,False,,20260904_214619
Apriori_Gen_Borgelt,1,connect,minsup,0.3,36.6982,39.27,460356.0,False,,20260904_214619
Apriori_Gen_Borgelt,1,connect,minsup,0.4,8.9709,28.62,239372.0,False,,20260904_214619
Apriori_Gen_Borgelt,1,connect,minsup,0.5,1.7041,22.35,130101.0,False,,20260904_214619
Apriori_Gen_Borgelt,1,connect,minsup,0.6,0.5985,18.59,68343.0,False,,20260904_214619
Apriori_Gen_Borgelt,1,connect,minsup,0.7,0.1958,10.82,35875.0,False,,20260904_214619
Apriori_Gen_Borgelt,1,connect,minsup,0.8,0.15,10.72,15107.0,False,,20260904_214619
Apriori_Gen_Borgelt,1,connect,minsup,0.9,0.1203,1.95,3486.0,False,,20260904_214619
Apriori_Gen_Borgelt,1,chess,minsup,0.2,725.3446,866.41,25031185.0,False,,20260904_214619
Apriori_Gen_Borgelt,1,chess,minsup,0.3,160.1858,185.14,5601828.0,False,,20260904_214619
Apriori_Gen_Borgelt,1,chess,minsup,0.4,38.7158,49.52,1396842.0,False,,20260904_214619
Apriori_Gen_Borgelt,1,chess,minsup,0.5,6.7456,16.68,372603.0,False,,20260904_214619
Apriori_Gen_Borgelt,1,chess,minsup,0.6,1.0022,7.79,98418.0,False,,20260904_214619
Apriori_Gen_Borgelt,1,chess,minsup,0.7,0.0867,2.02,23892.0,False,,20260904_214619
Apriori_Gen_Borgelt,1,chess,minsup,0.8,0.0411,1.95,5083.0,False,,20260904_214619
Apriori_Gen_Borgelt,1,chess,minsup,0.9,0.0322,1.95,498.0,False,,20260904_214619
Apriori_Gen_Borgelt,1,t10i4d100k,minsup,0.001,0.1104,2.02,870.0,False,,20260904_214619
Apriori_Gen_Borgelt,1,t10i4d100k,minsup,0.002,0.1041,1.96,870.0,False,,20260904_214619
Apriori_Gen_Borgelt,1,t10i4d100k,minsup,0.005,0.1034,1.96,870.0,False,,20260904_214619
Apriori_Gen_Borgelt,1,t10i4d100k,minsup,0.01,0.1045,2.0,869.0,False,,20260904_214619
Apriori_Gen_Borgelt,1,t10i4d100k,minsup,0.02,0.059,2.02,0.0,False,,20260904_214619
Apriori_Gen_Borgelt,1,t10i4d100k,minsup,0.05,0.0583,1.98,0.0,False,,20260904_214619
Apriori_Gen_Borgelt,1,t10i4d100k,minsup,0.2,0.0598,2.02,0.0,False,,20260904_214619
Apriori_Gen_Borgelt,1,t10i4d100k,minsup,0.3,0.0624,1.97,0.0,False,,20260904_214619
Apriori_Gen_Borgelt,1,t10i4d100k,minsup,0.5,0.0599,1.97,0.0,False,,20260904_214619
Apriori_Gen_Borgelt,1,t10i4d100k,minsup,0.7,0.0593,2.02,0.0,False,,20260904_214619
Apriori_Gen_Borgelt,1,retail,minsup,0.0005,0.2796,48.67,19114.0,False,,20260904_214619
Apriori_Gen_Borgelt,1,retail,minsup,0.001,0.1707,26.14,7572.0,False,,20260904_214619
Apriori_Gen_Borgelt,1,retail,minsup,0.002,0.1223,1.96,2691.0,False,,20260904_214619
Apriori_Gen_Borgelt,1,retail,minsup,0.005,0.1028,1.95,580.0,False,,20260904_214619
Apriori_Gen_Borgelt,1,retail,minsup,0.01,0.0936,1.97,159.0,False,,20260904_214619
Apriori_Gen_Borgelt,1,retail,minsup,0.02,0.0879,1.95,55.0,False,,20260904_214619
Apriori_Gen_Borgelt,1,retail,minsup,0.2,0.0839,2.02,3.0,False,,20260904_214619
Apriori_Gen_Borgelt,1,retail,minsup,0.3,0.0844,1.95,3.0,False,,20260904_214619
Apriori_Gen_Borgelt,1,retail,minsup,0.5,0.0833,1.97,1.0,False,,20260904_214619
Apriori_Gen_Borgelt,1,retail,minsup,0.7,0.0808,1.96,0.0,False,,20260904_214619
Apriori_Gen_Borgelt,1,accidents,minsup,0.3,50.6374,85.68,149529.0,False,,20260904_214619
Apriori_Gen_Borgelt,1,accidents,minsup,0.4,11.6069,79.21,32528.0,False,,20260904_214619
Apriori_Gen_Borgelt,1,accidents,minsup,0.5,1.9537,68.93,8057.0,False,,20260904_214619
Apriori_Gen_Borgelt,1,accidents,minsup,0.6,0.6597,64.42,2074.0,False,,20260904_214619
Apriori_Gen_Borgelt,1,accidents,minsup,0.7,0.4832,62.06,529.0,False,,20260904_214619
Apriori_Gen_Borgelt,1,accidents,minsup,0.8,0.4519,60.4,149.0,False,,20260904_214619
Apriori_Gen_Borgelt,1,pumsb,minsup,0.6,42.499,107.32,2853041.0,False,,20260904_214619
Apriori_Gen_Borgelt,1,pumsb,minsup,0.7,2.7894,40.13,658379.0,False,,20260904_214619
Apriori_Gen_Borgelt,1,pumsb,minsup,0.75,0.761,27.27,248298.0,False,,20260904_214619
Apriori_Gen_Borgelt,1,pumsb,minsup,0.8,0.322,21.12,67835.0,False,,20260904_214619
Apriori_Gen_Borgelt,1,pumsb,minsup,0.85,0.1909,19.89,13789.0,False,,20260904_214619
Apriori_Gen_Borgelt,1,pumsb,minsup,0.9,0.1517,19.93,2030.0,False,,20260904_214619
Apriori_Gen_Borgelt,1,pumsb,minsup,0.95,0.1403,1.96,141.0,False,,20260904_214619
Eclat_Gen_Borgelt,1,mushroom,minsup,0.05,0.1285,1.97,21390.0,False,,20260904_214619
Eclat_Gen_Borgelt,1,connect,minsup,0.2,1.3963,165.0,1482861.0,False,,20260904_214619
Eclat_Gen_Borgelt,1,connect,minsup,0.3,0.4831,56.8,460356.0,False,,20260904_214619
Eclat_Gen_Borgelt,1,connect,minsup,0.4,0.2887,42.69,239372.0,False,,20260904_214619
Eclat_Gen_Borgelt,1,connect,minsup,0.5,0.2122,18.71,130101.0,False,,20260904_214619
Eclat_Gen_Borgelt,1,connect,minsup,0.6,0.1744,15.91,68343.0,False,,20260904_214619
Eclat_Gen_Borgelt,1,connect,minsup,0.7,0.1497,19.13,35875.0,False,,20260904_214619
Eclat_Gen_Borgelt,1,connect,minsup,0.8,0.142,19.03,15107.0,False,,20260904_214619
Eclat_Gen_Borgelt,1,connect,minsup,0.9,0.1224,2.0,3486.0,False,,20260904_214619
Eclat_Gen_Borgelt,1,chess,minsup,0.2,35.1677,2231.18,25031185.0,False,,20260904_214619
Eclat_Gen_Borgelt,1,chess,minsup,0.3,4.9011,502.61,5601828.0,False,,20260904_214619
Eclat_Gen_Borgelt,1,chess,minsup,0.4,1.1837,133.01,1396842.0,False,,20260904_214619
Eclat_Gen_Borgelt,1,chess,minsup,0.5,0.2664,41.57,372603.0,False,,20260904_214619
Eclat_Gen_Borgelt,1,chess,minsup,0.6,0.0902,1.97,98418.0,False,,20260904_214619
Eclat_Gen_Borgelt,1,chess,minsup,0.7,0.048,1.95,23892.0,False,,20260904_214619
Eclat_Gen_Borgelt,1,chess,minsup,0.8,0.0366,2.02,5083.0,False,,20260904_214619
Eclat_Gen_Borgelt,1,chess,minsup,0.9,0.0334,1.97,498.0,False,,20260904_214619
Eclat_Gen_Borgelt,1,t10i4d100k,minsup,0.001,0.1185,1.97,870.0,False,,20260904_214619
Eclat_Gen_Borgelt,1,t10i4d100k,minsup,0.002,0.1146,1.97,870.0,False,,20260904_214619
Eclat_Gen_Borgelt,1,t10i4d100k,minsup,0.005,0.127,2.02,870.0,False,,20260904_214619
Eclat_Gen_Borgelt,1,t10i4d100k,minsup,0.01,0.1206,1.97,869.0,False,,20260904_214619
Eclat_Gen_Borgelt,1,t10i4d100k,minsup,0.02,0.0612,1.97,0.0,False,,20260904_214619
Eclat_Gen_Borgelt,1,t10i4d100k,minsup,0.05,0.0616,1.98,0.0,False,,20260904_214619
Eclat_Gen_Borgelt,1,t10i4d100k,minsup,0.2,0.0614,1.96,0.0,False,,20260904_214619
Eclat_Gen_Borgelt,1,t10i4d100k,minsup,0.3,0.0613,1.96,0.0,False,,20260904_214619
Eclat_Gen_Borgelt,1,t10i4d100k,minsup,0.5,0.0608,1.99,0.0,False,,20260904_214619
Eclat_Gen_Borgelt,1,t10i4d100k,minsup,0.7,0.0612,2.02,0.0,False,,20260904_214619
Eclat_Gen_Borgelt,1,retail,minsup,0.0005,0.1872,25.83,19114.0,False,,20260904_214619
Eclat_Gen_Borgelt,1,retail,minsup,0.001,0.1778,24.48,7572.0,False,,20260904_214619
Eclat_Gen_Borgelt,1,retail,minsup,0.002,0.1208,1.97,2691.0,False,,20260904_214619
Eclat_Gen_Borgelt,1,retail,minsup,0.005,0.1037,1.96,580.0,False,,20260904_214619
Eclat_Gen_Borgelt,1,retail,minsup,0.01,0.0956,1.95,159.0,False,,20260904_214619
Eclat_Gen_Borgelt,1,retail,minsup,0.02,0.0909,2.01,55.0,False,,20260904_214619
Eclat_Gen_Borgelt,1,retail,minsup,0.2,0.0865,1.99,3.0,False,,20260904_214619
Eclat_Gen_Borgelt,1,retail,minsup,0.3,0.0863,1.96,3.0,False,,20260904_214619
Eclat_Gen_Borgelt,1,retail,minsup,0.5,0.086,1.97,1.0,False,,20260904_214619
Eclat_Gen_Borgelt,1,retail,minsup,0.7,0.0818,1.95,0.0,False,,20260904_214619
Eclat_Gen_Borgelt,1,accidents,minsup,0.3,1.5358,130.09,149529.0,False,,20260904_214619
Eclat_Gen_Borgelt,1,accidents,minsup,0.4,1.2739,113.22,32528.0,False,,20260904_214619
Eclat_Gen_Borgelt,1,accidents,minsup,0.5,0.6943,64.51,8057.0,False,,20260904_214619
Eclat_Gen_Borgelt,1,accidents,minsup,0.6,0.5833,63.03,2074.0,False,,20260904_214619
Eclat_Gen_Borgelt,1,accidents,minsup,0.7,0.5315,63.05,529.0,False,,20260904_214619
Eclat_Gen_Borgelt,1,accidents,minsup,0.8,0.501,60.41,149.0,False,,20260904_214619
Eclat_Gen_Borgelt,1,pumsb,minsup,0.6,3.0712,297.62,2853041.0,False,,20260904_214619
Eclat_Gen_Borgelt,1,pumsb,minsup,0.7,0.6505,78.61,658379.0,False,,20260904_214619
Eclat_Gen_Borgelt,1,pumsb,minsup,0.75,0.3105,41.31,248298.0,False,,20260904_214619
Eclat_Gen_Borgelt,1,pumsb,minsup,0.8,0.2016,19.89,67835.0,False,,20260904_214619
Eclat_Gen_Borgelt,1,pumsb,minsup,0.85,0.1586,23.47,13789.0,False,,20260904_214619
Eclat_Gen_Borgelt,1,pumsb,minsup,0.9,0.1505,19.89,2030.0,False,,20260904_214619
Eclat_Gen_Borgelt,1,pumsb,minsup,0.95,0.1457,15.44,141.0,False,,20260904_214619
FPgrowth_Gen_Borgelt,1,mushroom,minsup,0.05,0.1099,1.94,21390.0,False,,20260904_214619
FPgrowth_Gen_Borgelt,1,connect,minsup,0.2,1.0639,149.56,1482861.0,False,,20260904_214619
FPgrowth_Gen_Borgelt,1,connect,minsup,0.3,0.3679,62.73,460356.0,False,,20260904_214619
FPgrowth_Gen_Borgelt,1,connect,minsup,0.4,0.2495,18.71,239372.0,False,,20260904_214619
FPgrowth_Gen_Borgelt,1,connect,minsup,0.5,0.2039,16.54,130101.0,False,,20260904_214619
FPgrowth_Gen_Borgelt,1,connect,minsup,0.6,0.1715,18.72,68343.0,False,,20260904_214619
FPgrowth_Gen_Borgelt,1,connect,minsup,0.7,0.1522,20.53,35875.0,False,,20260904_214619
FPgrowth_Gen_Borgelt,1,connect,minsup,0.8,0.1354,1.95,15107.0,False,,20260904_214619
FPgrowth_Gen_Borgelt,1,connect,minsup,0.9,0.1233,1.95,3486.0,False,,20260904_214619
FPgrowth_Gen_Borgelt,1,chess,minsup,0.2,32.3714,2230.12,25031185.0,False,,20260904_214619
FPgrowth_Gen_Borgelt,1,chess,minsup,0.3,4.3606,502.5,5601828.0,False,,20260904_214619
FPgrowth_Gen_Borgelt,1,chess,minsup,0.4,1.0018,131.09,1396842.0,False,,20260904_214619
FPgrowth_Gen_Borgelt,1,chess,minsup,0.5,0.2381,29.42,372603.0,False,,20260904_214619
FPgrowth_Gen_Borgelt,1,chess,minsup,0.6,0.0809,1.98,98418.0,False,,20260904_214619
FPgrowth_Gen_Borgelt,1,chess,minsup,0.7,0.0476,1.97,23892.0,False,,20260904_214619
FPgrowth_Gen_Borgelt,1,chess,minsup,0.8,0.0409,1.96,5083.0,False,,20260904_214619
FPgrowth_Gen_Borgelt,1,chess,minsup,0.9,0.0362,1.97,498.0,False,,20260904_214619
FPgrowth_Gen_Borgelt,1,t10i4d100k,minsup,0.001,0.1743,42.54,870.0,False,,20260904_214619
FPgrowth_Gen_Borgelt,1,t10i4d100k,minsup,0.002,0.1641,42.54,870.0,False,,20260904_214619
FPgrowth_Gen_Borgelt,1,t10i4d100k,minsup,0.005,0.1686,42.55,870.0,False,,20260904_214619
FPgrowth_Gen_Borgelt,1,t10i4d100k,minsup,0.01,0.1646,42.51,869.0,False,,20260904_214619
FPgrowth_Gen_Borgelt,1,t10i4d100k,minsup,0.02,0.0611,1.96,0.0,False,,20260904_214619
FPgrowth_Gen_Borgelt,1,t10i4d100k,minsup,0.05,0.0608,2.02,0.0,False,,20260904_214619
FPgrowth_Gen_Borgelt,1,t10i4d100k,minsup,0.2,0.0606,1.96,0.0,False,,20260904_214619
FPgrowth_Gen_Borgelt,1,t10i4d100k,minsup,0.3,0.0605,1.96,0.0,False,,20260904_214619
FPgrowth_Gen_Borgelt,1,t10i4d100k,minsup,0.5,0.0604,1.96,0.0,False,,20260904_214619
FPgrowth_Gen_Borgelt,1,t10i4d100k,minsup,0.7,0.0609,1.97,0.0,False,,20260904_214619
FPgrowth_Gen_Borgelt,1,retail,minsup,0.0005,0.2084,42.55,19114.0,False,,20260904_214619
FPgrowth_Gen_Borgelt,1,retail,minsup,0.001,0.1561,36.3,7572.0,False,,20260904_214619
FPgrowth_Gen_Borgelt,1,retail,minsup,0.002,0.1248,1.95,2691.0,False,,20260904_214619
FPgrowth_Gen_Borgelt,1,retail,minsup,0.005,0.101,1.97,580.0,False,,20260904_214619
FPgrowth_Gen_Borgelt,1,retail,minsup,0.01,0.0917,1.96,159.0,False,,20260904_214619
FPgrowth_Gen_Borgelt,1,retail,minsup,0.02,0.0902,1.95,55.0,False,,20260904_214619
FPgrowth_Gen_Borgelt,1,retail,minsup,0.2,0.0861,1.95,3.0,False,,20260904_214619
FPgrowth_Gen_Borgelt,1,retail,minsup,0.3,0.0848,1.97,3.0,False,,20260904_214619
FPgrowth_Gen_Borgelt,1,retail,minsup,0.5,0.0851,1.96,1.0,False,,20260904_214619
FPgrowth_Gen_Borgelt,1,retail,minsup,0.7,0.081,1.96,0.0,False,,20260904_214619
HUG_Miner,3,chainstore,min_utility,1000.0,0.8792,258.37,1000.0,False,,20260904_214619
HUG_Miner,3,chainstore,min_utility,2000.0,0.8554,258.38,1000.0,False,,20260904_214619
HUG_Miner,3,chainstore,min_utility,5000.0,0.8751,256.22,0.0,False,,20260904_214619
HUG_Miner,3,foodmart,min_utility,20.0,0.5696,111.19,13775.0,False,,20260904_214619
HUG_Miner,3,foodmart,min_utility,50.0,0.4851,111.48,1475.0,False,,20260904_214619
HUG_Miner,3,foodmart,min_utility,100.0,0.4707,85.63,687.0,False,,20260904_214619
GHUI_Miner,3,chainstore,min_utility,1000.0,1.3782,359.67,1000.0,False,,20260904_214619
GHUI_Miner,3,chainstore,min_utility,2000.0,1.341,309.36,1000.0,False,,20260904_214619
GHUI_Miner,3,chainstore,min_utility,5000.0,1.0054,279.57,0.0,False,,20260904_214619
GHUI_Miner,3,foodmart,min_utility,20.0,1.0026,198.63,21978.0,False,,20260904_214619
GHUI_Miner,3,foodmart,min_utility,50.0,0.8225,203.66,10069.0,False,,20260904_214619
GHUI_Miner,3,foodmart,min_utility,100.0,0.6819,147.19,807.0,False,,20260904_214619
HUCI_Miner_Generators,3,chainstore,min_utility,1000.0,1.3764,253.89,0.0,False,,20260904_214619
HUCI_Miner_Generators,3,chainstore,min_utility,2000.0,1.3472,255.48,0.0,False,,20260904_214619
HUCI_Miner_Generators,3,chainstore,min_utility,5000.0,1.3382,254.66,0.0,False,,20260904_214619
HUCI_Miner_Generators,3,foodmart,min_utility,20.0,12.3875,192.04,13146.0,False,,20260904_214619
HUCI_Miner_Generators,3,foodmart,min_utility,50.0,0.9056,192.31,2002.0,False,,20260904_214619
HUCI_Miner_Generators,3,foodmart,min_utility,100.0,0.5979,163.49,2.0,False,,20260904_214619
FGC_Stream,5,mushroom,minsup,0.05,1319.0059,54.23,21391.0,False,,20260904_214619
FGC_Stream,5,mushroom,minsup,0.1,664.7174,38.54,7585.0,False,,20260904_214619
FGC_Stream,5,mushroom,minsup,0.15,369.2222,31.43,3084.0,False,,20260904_214619
FGC_Stream,5,mushroom,minsup,0.4,37.8483,26.12,153.0,False,,20260904_214619
FGC_Stream,5,mushroom,minsup,0.6,2.9337,24.85,21.0,False,,20260904_214619
FGC_Stream,5,connect,minsup,0.4,3600.052,129.23,0.0,True,,20260904_214619
FGC_Stream,5,connect,minsup,0.6,3600.0617,188.03,0.0,True,,20260904_214619
FGC_Stream,5,connect,minsup,0.8,3600.0637,246.66,0.0,True,,20260904_214619
FGC_Stream,5,connect,minsup,0.9,3600.0643,277.25,0.0,True,,20260904_214619
FGC_Stream,5,chess,minsup,0.4,3600.0588,265.94,0.0,True,,20260904_214619
FGC_Stream,5,chess,minsup,0.6,3600.1108,119.54,0.0,True,,20260904_214619
FGC_Stream,5,chess,minsup,0.8,346.2335,23.79,5084.0,False,,20260904_214619
FGC_Stream,5,chess,minsup,0.9,17.385,16.99,504.0,False,,20260904_214619
FGC_Stream,5,t10i4d100k,minsup,0.001,282.4585,112.42,871.0,False,,20260904_214619
FGC_Stream,5,t10i4d100k,minsup,0.002,275.5646,112.42,871.0,False,,20260904_214619
FGC_Stream,5,t10i4d100k,minsup,0.005,228.9117,112.44,871.0,False,,20260904_214619
FGC_Stream,5,t10i4d100k,minsup,0.01,43.3517,104.2,870.0,False,,20260904_214619
FGC_Stream,5,t10i4d100k,minsup,0.02,1.1386,100.06,1.0,False,,20260904_214619
FGC_Stream,5,t10i4d100k,minsup,0.05,1.1257,100.08,1.0,False,,20260904_214619
FGC_Stream,5,retail,minsup,0.0005,3600.055,140.53,0.0,True,,20260904_214619
FGC_Stream,5,retail,minsup,0.001,3600.0983,98.16,0.0,True,,20260904_214619
FGC_Stream,5,retail,minsup,0.002,2708.7112,153.53,2716.0,False,,20260904_214619
FGC_Stream,5,retail,minsup,0.005,1236.6719,139.99,581.0,False,,20260904_214619
FGC_Stream,5,retail,minsup,0.01,412.253,132.14,160.0,False,,20260904_214619
FGC_Stream,5,retail,minsup,0.02,228.2839,138.22,56.0,False,,20260904_214619
FGC_Stream,5,accidents,minsup,0.3,3600.086,431.31,0.0,True,,20260904_214619
FGC_Stream,5,accidents,minsup,0.4,3600.1012,564.42,0.0,True,,20260904_214619
FGC_Stream,5,accidents,minsup,0.5,3600.0897,694.3,0.0,True,,20260904_214619
FGC_Stream,5,accidents,minsup,0.6,3600.1153,822.18,0.0,True,,20260904_214619
FGC_Stream,5,accidents,minsup,0.7,3605.695,953.23,0.0,True,,20260904_214619
FGC_Stream,5,accidents,minsup,0.8,3605.7864,1045.43,0.0,True,,20260904_214619
FGC_Stream,5,pumsb,minsup,0.6,3600.0675,248.88,0.0,True,,20260904_214619
FGC_Stream,5,pumsb,minsup,0.7,3605.3658,288.67,0.0,True,,20260904_214619
FGC_Stream,5,pumsb,minsup,0.75,3600.0695,307.68,0.0,True,,20260904_214619
FGC_Stream,5,pumsb,minsup,0.8,3600.0699,326.27,0.0,True,,20260904_214619
FGC_Stream,5,pumsb,minsup,0.85,3600.0879,345.75,0.0,True,,20260904_214619
FGC_Stream,5,pumsb,minsup,0.9,3600.0821,364.42,0.0,True,,20260904_214619
FGC_Stream,5,pumsb,minsup,0.95,1819.4529,381.1,142.0,False,,20260904_214619
Arima,5,accidents,maxsup,0.1,3600.048,699.35,46658.0,True,,20260904_214619
Arima,5,accidents,maxsup,0.2,129.6717,455.89,19187.0,False,,20260904_214619
Arima,5,accidents,maxsup,0.3,15.0186,292.45,5096.0,False,,20260904_214619
Arima,5,pumsb,maxsup,0.1,3600.0489,3376.21,73241.0,True,,20260904_214619
Arima,5,pumsb,maxsup,0.2,3600.0458,1517.08,38277.0,True,,20260904_214619
Arima,5,pumsb,maxsup,0.3,3600.0423,2782.0,70112.0,True,,20260904_214619
Talky_G,1,chess,minsup,0.2,3600.0473,1443.57,9744841.0,True,,20260906_103451
Gr_growth,1,mushroom,minsup,0.05,0.0779,1.86,21391.0,False,,20260906_113511
Gr_growth,1,mushroom,minsup,0.1,0.061,1.92,7585.0,False,,20260906_113511
Gr_growth,1,mushroom,minsup,0.15,0.0558,1.92,3084.0,False,,20260906_113511
Gr_growth,1,mushroom,minsup,0.2,0.0523,1.91,1704.0,False,,20260906_113511
Gr_growth,1,mushroom,minsup,0.3,0.0524,1.93,544.0,False,,20260906_113511
Gr_growth,1,mushroom,minsup,0.4,0.0527,1.91,153.0,False,,20260906_113511
Gr_growth,1,mushroom,minsup,0.5,0.0502,1.93,52.0,False,,20260906_113511
Gr_growth,1,mushroom,minsup,0.6,0.0549,1.92,21.0,False,,20260906_113511
Gr_growth,1,mushroom,minsup,0.7,0.051,1.91,13.0,False,,20260906_113511
Gr_growth,1,connect,minsup,0.2,1.9729,82.74,1483175.0,False,,20260906_113511
Gr_growth,1,connect,minsup,0.3,0.7693,29.46,460402.0,False,,20260906_113511
Gr_growth,1,connect,minsup,0.4,0.5503,20.45,239370.0,False,,20260906_113511
Gr_growth,1,connect,minsup,0.5,0.4421,15.83,130110.0,False,,20260906_113511
Gr_growth,1,connect,minsup,0.6,0.382,15.41,68349.0,False,,20260906_113511
Gr_growth,1,connect,minsup,0.7,0.3495,14.07,35875.0,False,,20260906_113511
Gr_growth,1,connect,minsup,0.8,0.3349,14.06,15108.0,False,,20260906_113511
Gr_growth,1,connect,minsup,0.9,0.3235,14.04,3487.0,False,,20260906_113511
Gr_growth,1,chess,minsup,0.2,38.465,1204.89,25155785.0,False,,20260906_113511
Gr_growth,1,chess,minsup,0.3,7.3309,282.29,5601829.0,False,,20260906_113511
Gr_growth,1,chess,minsup,0.4,1.6621,67.89,1402786.0,False,,20260906_113511
Gr_growth,1,chess,minsup,0.5,0.4168,26.93,372604.0,False,,20260906_113511
Gr_growth,1,chess,minsup,0.6,0.1307,1.92,98419.0,False,,20260906_113511
Gr_growth,1,chess,minsup,0.7,0.0634,1.91,23992.0,False,,20260906_113511
Gr_growth,1,chess,minsup,0.8,0.0471,1.93,5084.0,False,,20260906_113511
Gr_growth,1,chess,minsup,0.9,0.0433,1.99,504.0,False,,20260906_113511
Gr_growth,1,t10i4d100k,minsup,0.001,0.4134,44.46,871.0,False,,20260906_113511
Gr_growth,1,t10i4d100k,minsup,0.002,0.4223,44.45,871.0,False,,20260906_113511
Gr_growth,1,t10i4d100k,minsup,0.005,0.4235,44.45,871.0,False,,20260906_113511
Gr_growth,1,t10i4d100k,minsup,0.01,0.4092,44.41,870.0,False,,20260906_113511
Gr_growth,1,t10i4d100k,minsup,0.02,0.0885,1.93,1.0,False,,20260906_113511
Gr_growth,1,t10i4d100k,minsup,0.05,0.09,1.97,1.0,False,,20260906_113511
Gr_growth,1,t10i4d100k,minsup,0.2,0.0904,1.91,1.0,False,,20260906_113511
Gr_growth,1,t10i4d100k,minsup,0.3,0.0889,1.92,1.0,False,,20260906_113511
Gr_growth,1,t10i4d100k,minsup,0.5,0.0889,1.93,1.0,False,,20260906_113511
Gr_growth,1,t10i4d100k,minsup,0.7,0.0893,1.91,1.0,False,,20260906_113511
Gr_growth,1,retail,minsup,0.0005,0.4243,35.7,19699.0,False,,20260906_113511
Gr_growth,1,retail,minsup,0.001,0.3522,28.02,7696.0,False,,20260906_113511
Gr_growth,1,retail,minsup,0.002,0.2743,25.5,2716.0,False,,20260906_113511
Gr_growth,1,retail,minsup,0.005,0.1985,16.19,581.0,False,,20260906_113511
Gr_growth,1,retail,minsup,0.01,0.1784,14.85,160.0,False,,20260906_113511
Gr_growth,1,retail,minsup,0.02,0.1691,14.3,56.0,False,,20260906_113511
Gr_growth,1,retail,minsup,0.2,0.1702,14.23,4.0,False,,20260906_113511
Gr_growth,1,retail,minsup,0.3,0.1652,14.24,4.0,False,,20260906_113511
Gr_growth,1,retail,minsup,0.5,0.0967,1.91,2.0,False,,20260906_113511
Gr_growth,1,retail,minsup,0.7,0.096,1.91,1.0,False,,20260906_113511
Gr_growth,1,accidents,minsup,0.3,1.6915,41.79,149530.0,False,,20260906_113511
Gr_growth,1,accidents,minsup,0.4,1.431,31.52,32530.0,False,,20260906_113511
Gr_growth,1,accidents,minsup,0.5,1.2627,19.43,8058.0,False,,20260906_113511
Gr_growth,1,accidents,minsup,0.6,1.217,15.55,2075.0,False,,20260906_113511
Gr_growth,1,accidents,minsup,0.7,1.2048,14.22,530.0,False,,20260906_113511
Gr_growth,1,accidents,minsup,0.8,1.1773,14.06,150.0,False,,20260906_113511
Gr_growth,1,pumsb,minsup,0.6,4.8667,143.73,2853042.0,False,,20260906_113511
Gr_growth,1,pumsb,minsup,0.7,1.4132,40.05,658565.0,False,,20260906_113511
Gr_growth,1,pumsb,minsup,0.75,0.831,23.26,248406.0,False,,20260906_113511
Gr_growth,1,pumsb,minsup,0.8,0.6194,15.45,67836.0,False,,20260906_113511
Gr_growth,1,pumsb,minsup,0.85,0.5664,14.23,13795.0,False,,20260906_113511
Gr_growth,1,pumsb,minsup,0.9,0.5465,14.18,2032.0,False,,20260906_113511
Gr_growth,1,pumsb,minsup,0.95,0.5426,14.09,142.0,False,,20260906_113511
VGEN,2,leviathan,minsup,0.008,0.6477,352.46,1,False,,20260906_181531
VGEN,2,leviathan,minsup,0.006,0.9015,422.33,205,False,,20260906_181531
VGEN,2,leviathan,minsup,0.005,0.8032,455.93,1614,False,,20260906_181531
VGEN,2,leviathan,minsup,0.004,1.8264,537.03,5398,False,,20260906_181531
VGEN,2,leviathan,minsup,0.003,2.8682,724.3,8436,False,,20260906_181531
VGEN,2,bible,minsup,0.0025,1.6607,1839.91,11,False,,20260906_181531
VGEN,2,bible,minsup,0.002,1.7232,1778.3,1756,False,,20260906_181531
VGEN,2,bible,minsup,0.0015,6.337,2438.56,12075,False,,20260906_181531
VGEN,2,bible,minsup,0.00125,7.871,2748.0,13794,False,,20260906_181531
VGEN,2,bible,minsup,0.001,8.3342,3045.96,13906,False,,20260906_181531
VGEN,2,sign,minsup,0.05,1.0277,116.14,268,False,,20260906_181531
VGEN,2,sign,minsup,0.04,0.5767,116.5,399,False,,20260906_181531
VGEN,2,sign,minsup,0.03,0.9789,296.49,9327,False,,20260906_181531
VGEN,2,sign,minsup,0.025,2.8134,920.88,23903,False,,20260906_181531
VGEN,2,sign,minsup,0.02,12.7679,1292.99,51178,False,,20260906_181531
VGEN,2,sign,minsup,0.015,24.8516,1267.51,68065,False,,20260906_181531
FEAT,2,leviathan,minsup,0.008,0.4795,135.52,0,False,,20260906_181531
FEAT,2,leviathan,minsup,0.006,0.5631,136.9,315,False,,20260906_181531
FEAT,2,leviathan,minsup,0.005,0.8079,299.01,2076,False,,20260906_181531
FEAT,2,leviathan,minsup,0.004,1.3951,421.13,6103,False,,20260906_181531
FEAT,2,leviathan,minsup,0.003,1.8103,420.36,8666,False,,20260906_181531
FEAT,2,bible,minsup,0.0025,0.8325,327.4,15,False,,20260906_181531
FEAT,2,bible,minsup,0.002,1.7206,1258.44,2134,False,,20260906_181531
FEAT,2,bible,minsup,0.0015,7.1067,1273.09,12462,False,,20260906_181531
FEAT,2,bible,minsup,0.00125,7.9812,1357.62,13833,False,,20260906_181531
FEAT,2,bible,minsup,0.001,7.9807,1156.36,13905,False,,20260906_181531
FEAT,2,sign,minsup,0.05,0.6556,220.41,267,False,,20260906_181531
FEAT,2,sign,minsup,0.04,0.9217,238.16,526,False,,20260906_181531
FEAT,2,sign,minsup,0.03,10.5918,235.46,13128,False,,20260906_181531
FEAT,2,sign,minsup,0.025,22.2996,257.39,30445,False,,20260906_181531
FEAT,2,sign,minsup,0.02,41.1021,292.39,56952,False,,20260906_181531
FEAT,2,sign,minsup,0.015,55.8119,295.89,69710,False,,20260906_181531
FSGP,2,leviathan,minsup,0.008,0.4908,138.05,0,False,,20260906_181531
FSGP,2,leviathan,minsup,0.006,0.6355,138.32,315,False,,20260906_181531
FSGP,2,leviathan,minsup,0.005,0.8066,309.25,2076,False,,20260906_181531
FSGP,2,leviathan,minsup,0.004,1.4304,418.06,6103,False,,20260906_181531
FSGP,2,leviathan,minsup,0.003,1.8215,420.59,8666,False,,20260906_181531
FSGP,2,bible,minsup,0.0025,0.8398,336.34,15,False,,20260906_181531
FSGP,2,bible,minsup,0.002,1.7675,1220.04,2134,False,,20260906_181531
FSGP,2,bible,minsup,0.0015,7.1146,1274.83,12462,False,,20260906_181531
FSGP,2,bible,minsup,0.00125,7.9757,1347.53,13833,False,,20260906_181531
FSGP,2,bible,minsup,0.001,8.5817,1328.09,13905,False,,20260906_181531
FSGP,2,sign,minsup,0.05,0.6509,221.82,267,False,,20260906_181531
FSGP,2,sign,minsup,0.04,0.7211,229.98,526,False,,20260906_181531
FSGP,2,sign,minsup,0.03,1.8237,501.06,13128,False,,20260906_181531
FSGP,2,sign,minsup,0.025,2.9213,747.84,30445,False,,20260906_181531
FSGP,2,sign,minsup,0.02,4.4635,1083.85,56952,False,,20260906_181531
FSGP,2,sign,minsup,0.015,5.6742,1099.18,69710,False,,20260906_181531
